site.code,year,week,species,plant.species,n_interactions,n_periods,interaction_rate
AW,2015,2,bifarius,Mertensia.fusiformis,1,1,1
AW,2015,3,bifarius,Mertensia.fusiformis,1,1,1
AW,2015,4,bifarius,Mertensia.fusiformis,2,1,2
AW,2015,5,bifarius,Mertensia.fusiformis,1,1,1
AW,2015,5,flavifrons,Mertensia.fusiformis,2,1,2
AW,2015,6,appositus,Delphinium.nuttallianum,5,2,2.5
AW,2015,6,flavifrons,Delphinium.nuttallianum,7,2,3.5
AW,2015,6,flavifrons,Distegia.involucrata,1,2,0.5
AW,2015,6,flavifrons,Hydrophyllum.fendleri,6,2,3
AW,2015,7,appositus,Lathyrus.leucanthus,1,1,1
AW,2015,7,flavifrons,Delphinium.nuttallianum,1,1,1
AW,2015,7,flavifrons,Hydrophyllum.fendleri,2,1,2
AW,2015,7,flavifrons,Mertensia.ciliata,1,1,1
AW,2015,7,nevadensis,Hydrophyllum.fendleri,1,1,1
AW,2015,8,appositus,Aquilegia.coerulea,1,2,0.5
AW,2015,8,appositus,Delphinium.nuttallianum,1,2,0.5
AW,2015,8,appositus,Hydrophyllum.fendleri,1,2,0.5
AW,2015,8,appositus,Lathyrus.leucanthus,2,2,1
AW,2015,8,appositus,Vicia.americana,4,2,2
AW,2015,8,flavifrons,Hydrophyllum.fendleri,2,2,1
AW,2015,8,flavifrons,Mertensia.ciliata,1,2,0.5
AW,2015,8,rufocinctus,Hydrophyllum.fendleri,1,2,0.5
AW,2015,9,appositus,Delphinium.barbeyi,3,2,1.5
AW,2015,9,appositus,Hydrophyllum.fendleri,1,2,0.5
AW,2015,9,appositus,Vicia.americana,5,2,2.5
AW,2015,9,bifarius,Helianthella.quinquenervis,2,2,1
AW,2015,9,flavifrons,Delphinium.barbeyi,1,2,0.5
AW,2015,9,flavifrons,Helianthella.quinquenervis,11,2,5.5
AW,2015,9,flavifrons,Mertensia.ciliata,3,2,1.5
AW,2015,9,flavifrons,Vicia.americana,5,2,2.5
AW,2015,9,mixtus,Helianthella.quinquenervis,3,2,1.5
AW,2015,9,mixtus,Hydrophyllum.fendleri,1,2,0.5
AW,2015,9,rufocinctus,Dugaldia.hoopesii,1,2,0.5
AW,2015,10,appositus,Delphinium.barbeyi,2,1,2
AW,2015,10,appositus,Vicia.americana,7,1,7
AW,2015,10,californicus,Vicia.americana,1,1,1
AW,2015,10,flavifrons,Aconitum.columbianum,1,1,1
AW,2015,10,flavifrons,Delphinium.barbeyi,1,1,1
AW,2015,10,flavifrons,Helianthella.quinquenervis,1,1,1
AW,2015,10,flavifrons,Hydrophyllum.fendleri,3,1,3
AW,2015,10,flavifrons,Vicia.americana,3,1,3
AW,2015,10,mixtus,Dugaldia.hoopesii,1,1,1
AW,2015,10,mixtus,Erigeron.elatior,1,1,1
AW,2015,10,mixtus,Helianthella.quinquenervis,1,1,1
AW,2015,11,appositus,Delphinium.barbeyi,7,1,7
AW,2015,11,appositus,Vicia.americana,4,1,4
AW,2015,11,bifarius,Dugaldia.hoopesii,5,1,5
AW,2015,11,bifarius,Erigeron.elatior,5,1,5
AW,2015,11,bifarius,Helianthella.quinquenervis,1,1,1
AW,2015,11,bifarius,Heterotheca.villosa,2,1,2
AW,2015,11,bifarius,Ligularia.bigelovii,7,1,7
AW,2015,11,flavifrons,Aconitum.columbianum,2,1,2
AW,2015,11,flavifrons,Cirsium.parryi,4,1,4
AW,2015,11,flavifrons,Delphinium.barbeyi,16,1,16
AW,2015,11,flavifrons,Helianthella.quinquenervis,1,1,1
AW,2015,11,flavifrons,Ligularia.bigelovii,3,1,3
AW,2015,11,flavifrons,Solidago.multiradiata,1,1,1
AW,2015,11,flavifrons,Vicia.americana,1,1,1
AW,2015,11,mixtus,Erigeron.elatior,2,1,2
AW,2015,11,mixtus,Helianthella.quinquenervis,1,1,1
AW,2015,11,mixtus,Ligularia.bigelovii,9,1,9
AW,2015,11,mixtus,Solidago.multiradiata,1,1,1
AW,2015,11,rufocinctus,Erigeron.elatior,1,1,1
AW,2015,11,rufocinctus,Ligularia.bigelovii,1,1,1
AW,2015,12,appositus,Delphinium.barbeyi,21,1,21
AW,2015,12,appositus,Erigeron.elatior,1,1,1
AW,2015,12,appositus,Vicia.americana,1,1,1
AW,2015,12,bifarius,Dugaldia.hoopesii,7,1,7
AW,2015,12,bifarius,Erigeron.elatior,8,1,8
AW,2015,12,bifarius,Heliomeris.multiflora,14,1,14
AW,2015,12,bifarius,Heterotheca.villosa,1,1,1
AW,2015,12,bifarius,Ligularia.bigelovii,2,1,2
AW,2015,12,bifarius,Senecio.serra,8,1,8
AW,2015,12,bifarius,Solidago.multiradiata,1,1,1
AW,2015,12,flavifrons,Cirsium.parryi,8,1,8
AW,2015,12,flavifrons,Delphinium.barbeyi,26,1,26
AW,2015,12,flavifrons,Erigeron.elatior,1,1,1
AW,2015,12,flavifrons,Ligularia.bigelovii,11,1,11
AW,2015,12,flavifrons,Senecio.serra,9,1,9
AW,2015,12,flavifrons,Vicia.americana,1,1,1
AW,2015,12,mixtus,Erigeron.elatior,1,1,1
AW,2015,12,mixtus,Ligularia.bigelovii,3,1,3
AW,2015,12,rufocinctus,Heliomeris.multiflora,1,1,1
AW,2015,13,appositus,Agoseris.glauca,1,1,1
AW,2015,13,appositus,Cirsium.parryi,2,1,2
AW,2015,13,appositus,Delphinium.barbeyi,2,1,2
AW,2015,13,appositus,Gentiana.parryi,7,1,7
AW,2015,13,appositus,Heliomeris.multiflora,2,1,2
AW,2015,13,appositus,Senecio.serra,1,1,1
AW,2015,13,bifarius,Erigeron.elatior,2,1,2
AW,2015,13,bifarius,Gentiana.parryi,1,1,1
AW,2015,13,bifarius,Heliomeris.multiflora,16,1,16
AW,2015,13,bifarius,Senecio.serra,4,1,4
AW,2015,13,flavifrons,Agoseris.glauca,1,1,1
AW,2015,13,flavifrons,Cirsium.parryi,10,1,10
AW,2015,13,flavifrons,Delphinium.barbeyi,1,1,1
AW,2015,13,flavifrons,Heliomeris.multiflora,35,1,35
AW,2015,13,flavifrons,Ligularia.bigelovii,1,1,1
AW,2015,13,flavifrons,Senecio.serra,58,1,58
AW,2015,13,flavifrons,Vicia.americana,1,1,1
AW,2015,13,insularis,Senecio.serra,3,1,3
AW,2015,13,mixtus,Heliomeris.multiflora,5,1,5
AW,2015,13,mixtus,Senecio.serra,2,1,2
AW,2015,13,rufocinctus,Heliomeris.multiflora,1,1,1
AW,2015,13,rufocinctus,Senecio.serra,2,1,2
AW,2015,14,appositus,Gentiana.parryi,3,1,3
AW,2015,14,appositus,Heliomeris.multiflora,1,1,1
AW,2015,14,appositus,Vicia.americana,4,1,4
AW,2015,14,bifarius,Heliomeris.multiflora,2,1,2
AW,2015,14,bifarius,Senecio.serra,1,1,1
AW,2015,14,flavifrons,Chamerion.danielsii,3,1,3
AW,2015,14,flavifrons,Cirsium.parryi,4,1,4
AW,2015,14,flavifrons,Heliomeris.multiflora,12,1,12
AW,2015,14,flavifrons,Senecio.serra,25,1,25
AW,2015,14,flavifrons,Vicia.americana,1,1,1
AW,2015,14,insularis,Heliomeris.multiflora,2,1,2
AW,2015,14,mixtus,Senecio.serra,1,1,1
AW,2015,14,rufocinctus,Heliomeris.multiflora,1,1,1
AW,2015,15,appositus,Gentiana.parryi,1,1,1
AW,2015,15,appositus,Heliomeris.multiflora,1,1,1
AW,2015,15,bifarius,Heliomeris.multiflora,2,1,2
AW,2015,15,bifarius,Senecio.serra,1,1,1
AW,2015,15,flavifrons,Cirsium.parryi,4,1,4
AW,2015,15,flavifrons,Heliomeris.multiflora,12,1,12
AW,2015,15,flavifrons,Senecio.serra,25,1,25
AW,2015,15,insularis,Heliomeris.multiflora,2,1,2
AW,2016,3,bifarius,Mertensia.fusiformis,2,1,2
AW,2016,4,bifarius,Mertensia.fusiformis,1,1,1
AW,2016,4,bifarius,Taraxacum.officinale,1,1,1
AW,2016,5,bifarius,Mertensia.fusiformis,5,1,5
AW,2016,5,bifarius,Ranunculus.inamoenus,3,1,3
AW,2016,5,bifarius,Salix.sp,8,1,8
AW,2016,6,bifarius,Taraxacum.officinale,2,1,2
AW,2016,7,appositus,Delphinium.nuttallianum,1,1,1
AW,2016,7,bifarius,Taraxacum.officinale,2,1,2
AW,2016,7,flavifrons,Delphinium.nuttallianum,3,1,3
AW,2016,7,flavifrons,Hydrophyllum.fendleri,1,1,1
AW,2016,7,flavifrons,Taraxacum.officinale,1,1,1
AW,2016,8,appositus,Delphinium.nuttallianum,1,1,1
AW,2016,8,appositus,Lathyrus.leucanthus,4,1,4
AW,2016,8,bifarius,Hydrophyllum.fendleri,5,1,5
AW,2016,8,bifarius,Rubus.idaeus,1,1,1
AW,2016,8,flavifrons,Delphinium.nuttallianum,2,1,2
AW,2016,8,flavifrons,Distegia.involucrata,1,1,1
AW,2016,8,flavifrons,Hydrophyllum.fendleri,4,1,4
AW,2016,8,flavifrons,Mertensia.ciliata,1,1,1
AW,2016,8,mixtus,Hydrophyllum.fendleri,1,1,1
AW,2016,8,occidentalis,Hydrophyllum.fendleri,1,1,1
AW,2016,9,appositus,Delphinium.nuttallianum,1,1,1
AW,2016,9,appositus,Lathyrus.leucanthus,1,1,1
AW,2016,9,appositus,Vicia.americana,1,1,1
AW,2016,9,bifarius,Delphinium.nuttallianum,1,1,1
AW,2016,9,bifarius,Hydrophyllum.fendleri,1,1,1
AW,2016,9,flavifrons,Delphinium.nuttallianum,1,1,1
AW,2016,9,flavifrons,Distegia.involucrata,1,1,1
AW,2016,9,flavifrons,Hydrophyllum.fendleri,5,1,5
AW,2016,9,flavifrons,Mertensia.ciliata,1,1,1
AW,2016,9,flavifrons,Vicia.americana,1,1,1
AW,2016,9,insularis,Hydrophyllum.fendleri,1,1,1
AW,2016,9,mixtus,Hydrophyllum.fendleri,1,1,1
AW,2016,10,appositus,Vicia.americana,3,1,3
AW,2016,10,bifarius,Dugaldia.hoopesii,2,1,2
AW,2016,10,bifarius,Helianthella.quinquenervis,3,1,3
AW,2016,10,bifarius,Hydrophyllum.fendleri,2,1,2
AW,2016,10,flavifrons,Hydrophyllum.fendleri,3,1,3
AW,2016,10,flavifrons,Mertensia.ciliata,5,1,5
AW,2016,10,flavifrons,Vicia.americana,7,1,7
AW,2016,11,appositus,Delphinium.barbeyi,1,1,1
AW,2016,11,appositus,Ligularia.bigelovii,1,1,1
AW,2016,11,bifarius,Agoseris.aurantiaca,1,1,1
AW,2016,11,bifarius,Helianthella.quinquenervis,1,1,1
AW,2016,11,flavifrons,Cirsium.parryi,1,1,1
AW,2016,11,flavifrons,Delphinium.barbeyi,5,1,5
AW,2016,11,flavifrons,Helianthella.quinquenervis,4,1,4
AW,2016,11,flavifrons,Hydrophyllum.fendleri,4,1,4
AW,2016,11,flavifrons,Ligularia.bigelovii,4,1,4
AW,2016,11,flavifrons,Mertensia.ciliata,5,1,5
AW,2016,11,flavifrons,Vicia.americana,2,1,2
AW,2016,11,rufocinctus,Erigeron.elatior,1,1,1
AW,2016,12,appositus,Delphinium.barbeyi,5,1,5
AW,2016,12,appositus,Ligularia.bigelovii,1,1,1
AW,2016,12,bifarius,Agoseris.aurantiaca,1,1,1
AW,2016,12,bifarius,Cirsium.parryi,1,1,1
AW,2016,12,bifarius,Dugaldia.hoopesii,1,1,1
AW,2016,12,bifarius,Erigeron.elatior,2,1,2
AW,2016,12,bifarius,Helianthella.quinquenervis,4,1,4
AW,2016,12,bifarius,Heterotheca.villosa,1,1,1
AW,2016,12,bifarius,Ligularia.bigelovii,8,1,8
AW,2016,12,flavifrons,Aconitum.columbianum,6,1,6
AW,2016,12,flavifrons,Cirsium.parryi,2,1,2
AW,2016,12,flavifrons,Delphinium.barbeyi,10,1,10
AW,2016,12,flavifrons,Helianthella.quinquenervis,2,1,2
AW,2016,12,flavifrons,Hydrophyllum.fendleri,2,1,2
AW,2016,12,flavifrons,Ligularia.bigelovii,4,1,4
AW,2016,12,flavifrons,Mertensia.ciliata,3,1,3
AW,2016,12,flavifrons,Solidago.multiradiata,1,1,1
AW,2016,12,mixtus,Erigeron.elatior,1,1,1
AW,2016,12,mixtus,Ligularia.bigelovii,2,1,2
AW,2016,12,rufocinctus,Ligularia.bigelovii,1,1,1
AW,2016,13,appositus,Delphinium.barbeyi,12,1,12
AW,2016,13,bifarius,Dugaldia.hoopesii,3,1,3
AW,2016,13,bifarius,Erigeron.elatior,3,1,3
AW,2016,13,bifarius,Heliomeris.multiflora,4,1,4
AW,2016,13,bifarius,Ligularia.bigelovii,20,1,20
AW,2016,13,bifarius,Trifolium.repens,1,1,1
AW,2016,13,flavifrons,Cirsium.parryi,16,1,16
AW,2016,13,flavifrons,Delphinium.barbeyi,12,1,12
AW,2016,13,flavifrons,Erigeron.elatior,1,1,1
AW,2016,13,flavifrons,Ligularia.bigelovii,16,1,16
AW,2016,13,occidentalis,Ligularia.bigelovii,2,1,2
AW,2016,14,appositus,Delphinium.barbeyi,12,1,12
AW,2016,14,bifarius,Dugaldia.hoopesii,3,1,3
AW,2016,14,bifarius,Erigeron.elatior,3,1,3
AW,2016,14,bifarius,Heliomeris.multiflora,4,1,4
AW,2016,14,bifarius,Ligularia.bigelovii,20,1,20
AW,2016,14,bifarius,Trifolium.repens,1,1,1
AW,2016,14,flavifrons,Cirsium.parryi,16,1,16
AW,2016,14,flavifrons,Delphinium.barbeyi,12,1,12
AW,2016,14,flavifrons,Erigeron.elatior,1,1,1
AW,2016,14,flavifrons,Ligularia.bigelovii,16,1,16
AW,2016,14,occidentalis,Ligularia.bigelovii,2,1,2
AW,2016,15,bifarius,Erigeron.elatior,1,1,1
AW,2016,15,bifarius,Heliomeris.multiflora,41,1,41
AW,2016,15,bifarius,Trifolium.repens,1,1,1
AW,2016,15,flavifrons,Cirsium.parryi,14,1,14
AW,2016,15,flavifrons,Delphinium.barbeyi,1,1,1
AW,2016,15,flavifrons,Erigeron.elatior,1,1,1
AW,2016,15,flavifrons,Heliomeris.multiflora,11,1,11
AW,2016,15,flavifrons,Senecio.serra,11,1,11
AW,2016,15,flavifrons,Trifolium.repens,1,1,1
AW,2016,15,insularis,Cirsium.parryi,2,1,2
AW,2016,15,insularis,Heliomeris.multiflora,31,1,31
AW,2016,15,mixtus,Dugaldia.hoopesii,1,1,1
AW,2016,15,mixtus,Heliomeris.multiflora,8,1,8
AW,2016,16,appositus,Gentiana.parryi,1,1,1
AW,2016,16,bifarius,Heliomeris.multiflora,11,1,11
AW,2016,16,flavifrons,Cirsium.parryi,4,1,4
AW,2016,16,flavifrons,Erigeron.elatior,1,1,1
AW,2016,16,flavifrons,Heliomeris.multiflora,10,1,10
AW,2016,16,insularis,Dugaldia.hoopesii,1,1,1
AW,2016,16,insularis,Heliomeris.multiflora,22,1,22
AW,2016,16,mixtus,Heliomeris.multiflora,1,1,1
AW,2016,17,appositus,Gentiana.parryi,1,1,1
AW,2016,17,bifarius,Heliomeris.multiflora,1,1,1
AW,2017,4,californicus,Mertensia.fusiformis,1,1,1
AW,2017,4,flavifrons,Mertensia.fusiformis,8,1,8
AW,2017,5,bifarius,Mertensia.fusiformis,1,1,1
AW,2017,5,flavifrons,Hydrophyllum.fendleri,3,1,3
AW,2017,5,rufocinctus,Mertensia.fusiformis,1,1,1
AW,2017,6,appositus,Delphinium.nuttallianum,2,1,2
AW,2017,6,flavifrons,Delphinium.nuttallianum,6,1,6
AW,2017,6,flavifrons,Hydrophyllum.fendleri,11,1,11
AW,2017,6,flavifrons,Lathyrus.leucanthus,1,1,1
AW,2017,6,mixtus,Hydrophyllum.fendleri,1,1,1
AW,2017,7,appositus,Lathyrus.leucanthus,3,1,3
AW,2017,7,bifarius,Hydrophyllum.fendleri,1,1,1
AW,2017,7,flavifrons,Delphinium.nuttallianum,3,1,3
AW,2017,7,flavifrons,Distegia.involucrata,1,1,1
AW,2017,7,flavifrons,Hydrophyllum.fendleri,6,1,6
AW,2017,7,insularis,Hydrophyllum.fendleri,1,1,1
AW,2017,7,insularis,Rubus.idaeus,1,1,1
AW,2017,7,mixtus,Hydrophyllum.fendleri,3,1,3
AW,2017,7,mixtus,Mertensia.ciliata,3,1,3
AW,2017,7,nevadensis,Hydrophyllum.fendleri,1,1,1
AW,2017,8,appositus,Delphinium.barbeyi,1,1,1
AW,2017,8,appositus,Lathyrus.leucanthus,1,1,1
AW,2017,8,appositus,Potentilla.pulcherrima,1,1,1
AW,2017,8,appositus,Vicia.americana,1,1,1
AW,2017,8,flavifrons,Distegia.involucrata,1,1,1
AW,2017,8,flavifrons,Hydrophyllum.fendleri,18,1,18
AW,2017,8,flavifrons,Lathyrus.leucanthus,1,1,1
AW,2017,8,flavifrons,Mertensia.ciliata,6,1,6
AW,2017,8,flavifrons,Vicia.americana,13,1,13
AW,2017,8,insularis,Hydrophyllum.fendleri,1,1,1
AW,2017,8,insularis,Vicia.americana,1,1,1
AW,2017,8,mixtus,Hydrophyllum.fendleri,1,1,1
AW,2017,8,mixtus,Mertensia.ciliata,1,1,1
AW,2017,9,appositus,Delphinium.barbeyi,14,1,14
AW,2017,9,bifarius,Dugaldia.hoopesii,3,1,3
AW,2017,9,bifarius,Potentilla.pulcherrima,1,1,1
AW,2017,9,flavifrons,Delphinium.barbeyi,11,1,11
AW,2017,9,flavifrons,Helianthella.quinquenervis,4,1,4
AW,2017,9,flavifrons,Hydrophyllum.fendleri,3,1,3
AW,2017,9,flavifrons,Mertensia.ciliata,12,1,12
AW,2017,9,flavifrons,Rubus.idaeus,1,1,1
AW,2017,9,flavifrons,Vicia.americana,1,1,1
AW,2017,9,insularis,Dugaldia.hoopesii,1,1,1
AW,2017,9,mixtus,Geranium.richardsonii,1,1,1
AW,2017,9,mixtus,Mertensia.ciliata,2,1,2
AW,2017,9,rufocinctus,Potentilla.pulcherrima,1,1,1
AW,2017,10,appositus,Delphinium.barbeyi,5,1,5
AW,2017,10,appositus,Mertensia.ciliata,1,1,1
AW,2017,10,bifarius,Dugaldia.hoopesii,2,1,2
AW,2017,10,bifarius,Erigeron.elatior,1,1,1
AW,2017,10,bifarius,Helianthella.quinquenervis,2,1,2
AW,2017,10,bifarius,Solidago.multiradiata,1,1,1
AW,2017,10,flavifrons,Aconitum.columbianum,2,1,2
AW,2017,10,flavifrons,Agoseris.aurantiaca,1,1,1
AW,2017,10,flavifrons,Cirsium.parryi,1,1,1
AW,2017,10,flavifrons,Delphinium.barbeyi,7,1,7
AW,2017,10,flavifrons,Dugaldia.hoopesii,2,1,2
AW,2017,10,flavifrons,Helianthella.quinquenervis,4,1,4
AW,2017,10,flavifrons,Hydrophyllum.fendleri,2,1,2
AW,2017,10,flavifrons,Mertensia.ciliata,8,1,8
AW,2017,10,insularis,Dugaldia.hoopesii,1,1,1
AW,2017,10,rufocinctus,Dugaldia.hoopesii,1,1,1
AW,2017,10,rufocinctus,Helianthella.quinquenervis,1,1,1
AW,2017,11,appositus,Delphinium.barbeyi,18,1,18
AW,2017,11,bifarius,Agoseris.glauca,1,1,1
AW,2017,11,bifarius,Dugaldia.hoopesii,3,1,3
AW,2017,11,bifarius,Ligularia.bigelovii,4,1,4
AW,2017,11,bifarius,Solidago.multiradiata,1,1,1
AW,2017,11,bifarius,Trifolium.repens,1,1,1
AW,2017,11,flavifrons,Aconitum.columbianum,4,1,4
AW,2017,11,flavifrons,Cirsium.parryi,6,1,6
AW,2017,11,flavifrons,Delphinium.barbeyi,13,1,13
AW,2017,11,flavifrons,Erigeron.elatior,1,1,1
AW,2017,11,flavifrons,Helianthella.quinquenervis,3,1,3
AW,2017,11,flavifrons,Ligularia.bigelovii,2,1,2
AW,2017,11,flavifrons,Mertensia.ciliata,1,1,1
AW,2017,11,flavifrons,Rubus.idaeus,1,1,1
AW,2017,11,mixtus,Heliomeris.multiflora,1,1,1
AW,2017,11,mixtus,Ligularia.bigelovii,2,1,2
AW,2017,12,appositus,Delphinium.barbeyi,14,1,14
AW,2017,12,bifarius,Achillea.millefolium,1,1,1
AW,2017,12,bifarius,Heliomeris.multiflora,8,1,8
AW,2017,12,bifarius,Ligularia.bigelovii,2,1,2
AW,2017,12,bifarius,Senecio.serra,1,1,1
AW,2017,12,flavifrons,Aconitum.columbianum,2,1,2
AW,2017,12,flavifrons,Cirsium.parryi,7,1,7
AW,2017,12,flavifrons,Delphinium.barbeyi,12,1,12
AW,2017,12,flavifrons,Ligularia.bigelovii,6,1,6
AW,2017,12,insularis,Dugaldia.hoopesii,1,1,1
AW,2017,12,mixtus,Cirsium.parryi,1,1,1
AW,2017,12,mixtus,Heliomeris.multiflora,1,1,1
AW,2017,12,mixtus,Ligularia.bigelovii,5,1,5
AW,2017,12,rufocinctus,Heliomeris.multiflora,1,1,1
AW,2017,13,bifarius,Heliomeris.multiflora,19,1,19
AW,2017,13,flavifrons,Aconitum.columbianum,1,1,1
AW,2017,13,flavifrons,Cirsium.parryi,7,1,7
AW,2017,13,flavifrons,Delphinium.barbeyi,4,1,4
AW,2017,13,flavifrons,Heliomeris.multiflora,12,1,12
AW,2017,13,flavifrons,Ligularia.bigelovii,4,1,4
AW,2017,13,flavifrons,Senecio.serra,1,1,1
AW,2017,13,insularis,Heliomeris.multiflora,2,1,2
AW,2017,13,mixtus,Heliomeris.multiflora,1,1,1
AW,2017,14,bifarius,Heliomeris.multiflora,12,1,12
AW,2017,14,flavifrons,Cirsium.parryi,2,1,2
AW,2017,14,flavifrons,Heliomeris.multiflora,18,1,18
AW,2017,14,flavifrons,Senecio.serra,1,1,1
AW,2017,14,insularis,Heliomeris.multiflora,5,1,5
AW,2017,14,mixtus,Heliomeris.multiflora,2,1,2
AW,2017,14,occidentalis,Heliomeris.multiflora,1,1,1
AW,2017,15,appositus,Gentiana.parryi,1,1,1
AW,2017,15,flavifrons,Cirsium.parryi,1,1,1
AW,2017,15,flavifrons,Heliomeris.multiflora,1,1,1
AW,2017,15,insularis,Heliomeris.multiflora,7,1,7
AW,2017,15,mixtus,Heliomeris.multiflora,1,1,1
AW,2018,2,bifarius,Salix.sp,2,1,2
AW,2018,3,occidentalis,Salix.sp,1,1,1
AW,2018,4,bifarius,Claytonia.lanceolata,1,1,1
AW,2018,4,bifarius,Salix.sp,4,1,4
AW,2018,4,flavifrons,Salix.sp,1,1,1
AW,2018,5,bifarius,Mertensia.fusiformis,2,1,2
AW,2018,5,flavifrons,Mertensia.fusiformis,4,1,4
AW,2018,6,flavifrons,Mertensia.fusiformis,3,1,3
AW,2018,7,appositus,Delphinium.nuttallianum,1,1,1
AW,2018,7,appositus,Distegia.involucrata,1,1,1
AW,2018,7,bifarius,Taraxacum.officinale,1,1,1
AW,2018,7,flavifrons,Delphinium.nuttallianum,1,1,1
AW,2018,7,flavifrons,Hydrophyllum.fendleri,9,1,9
AW,2018,7,flavifrons,Taraxacum.officinale,1,1,1
AW,2018,8,appositus,Distegia.involucrata,1,1,1
AW,2018,8,flavifrons,Distegia.involucrata,1,1,1
AW,2018,8,flavifrons,Hydrophyllum.fendleri,1,1,1
AW,2018,8,flavifrons,Lathyrus.leucanthus,1,1,1
AW,2018,8,flavifrons,Mertensia.ciliata,1,1,1
AW,2018,8,insularis,Hydrophyllum.fendleri,1,1,1
AW,2018,8,mixtus,Hydrophyllum.fendleri,1,1,1
AW,2018,9,appositus,Delphinium.barbeyi,1,1,1
AW,2018,9,appositus,Vicia.americana,1,1,1
AW,2018,9,bifarius,Hydrophyllum.fendleri,1,1,1
AW,2018,9,flavifrons,Distegia.involucrata,1,1,1
AW,2018,9,flavifrons,Dugaldia.hoopesii,1,1,1
AW,2018,9,flavifrons,Hydrophyllum.fendleri,5,1,5
AW,2018,9,flavifrons,Mertensia.ciliata,2,1,2
AW,2018,9,flavifrons,Vicia.americana,9,1,9
AW,2018,9,insularis,Hydrophyllum.fendleri,3,1,3
AW,2018,9,insularis,Rubus.idaeus,1,1,1
AW,2018,9,mixtus,Hydrophyllum.fendleri,1,1,1
AW,2018,9,rufocinctus,Hydrophyllum.fendleri,1,1,1
AW,2018,10,appositus,Delphinium.barbeyi,1,1,1
AW,2018,10,appositus,Vicia.americana,3,1,3
AW,2018,10,bifarius,Helianthella.quinquenervis,2,1,2
AW,2018,10,bifarius,Potentilla.pulcherrima,1,1,1
AW,2018,10,flavifrons,Delphinium.barbeyi,2,1,2
AW,2018,10,flavifrons,Geranium.richardsonii,1,1,1
AW,2018,10,flavifrons,Helianthella.quinquenervis,1,1,1
AW,2018,10,flavifrons,Hydrophyllum.fendleri,1,1,1
AW,2018,10,flavifrons,Mertensia.ciliata,4,1,4
AW,2018,10,flavifrons,Vicia.americana,4,1,4
AW,2018,10,insularis,Hydrophyllum.fendleri,2,1,2
AW,2018,10,insularis,Vicia.americana,2,1,2
AW,2018,10,mixtus,Hydrophyllum.fendleri,1,1,1
AW,2018,11,appositus,Delphinium.barbeyi,5,1,5
AW,2018,11,bifarius,Helianthella.quinquenervis,1,1,1
AW,2018,11,bifarius,Potentilla.pulcherrima,5,1,5
AW,2018,11,flavifrons,Aconitum.columbianum,1,1,1
AW,2018,11,flavifrons,Delphinium.barbeyi,1,1,1
AW,2018,11,flavifrons,Helianthella.quinquenervis,7,1,7
AW,2018,11,flavifrons,Hydrophyllum.fendleri,3,1,3
AW,2018,11,flavifrons,Mertensia.ciliata,4,1,4
AW,2018,11,flavifrons,Rubus.idaeus,1,1,1
AW,2018,11,rufocinctus,Potentilla.pulcherrima,1,1,1
AW,2018,12,appositus,Delphinium.barbeyi,4,1,4
AW,2018,12,bifarius,Agoseris.glauca,1,1,1
AW,2018,12,bifarius,Helianthella.quinquenervis,2,1,2
AW,2018,12,bifarius,Trifolium.repens,1,1,1
AW,2018,12,flavifrons,Aconitum.columbianum,1,1,1
AW,2018,12,flavifrons,Cirsium.parryi,1,1,1
AW,2018,12,flavifrons,Delphinium.barbeyi,12,1,12
AW,2018,12,flavifrons,Dugaldia.hoopesii,1,1,1
AW,2018,12,flavifrons,Geranium.richardsonii,1,1,1
AW,2018,12,flavifrons,Helianthella.quinquenervis,5,1,5
AW,2018,12,flavifrons,Hydrophyllum.fendleri,1,1,1
AW,2018,12,flavifrons,Mertensia.ciliata,2,1,2
AW,2018,12,flavifrons,Pedicularis.groenlandica,2,1,2
AW,2018,12,flavifrons,Potentilla.pulcherrima,1,1,1
AW,2018,12,mixtus,Heracleum.sphondylium,1,1,1
AW,2018,12,occidentalis,Heracleum.sphondylium,1,1,1
AW,2018,13,appositus,Delphinium.barbeyi,12,1,12
AW,2018,13,bifarius,Dugaldia.hoopesii,1,1,1
AW,2018,13,bifarius,Erigeron.elatior,4,1,4
AW,2018,13,bifarius,Erigeron.speciosus,3,1,3
AW,2018,13,bifarius,Heliomeris.multiflora,2,1,2
AW,2018,13,bifarius,Heterotheca.villosa,1,1,1
AW,2018,13,bifarius,Ligularia.bigelovii,6,1,6
AW,2018,13,bifarius,Senecio.serra,4,1,4
AW,2018,13,bifarius,Solidago.multiradiata,1,1,1
AW,2018,13,flavifrons,Aconitum.columbianum,5,1,5
AW,2018,13,flavifrons,Arnica.parryi,2,1,2
AW,2018,13,flavifrons,Cirsium.parryi,8,1,8
AW,2018,13,flavifrons,Delphinium.barbeyi,12,1,12
AW,2018,13,flavifrons,Ligularia.bigelovii,13,1,13
AW,2018,13,mixtus,Cirsium.parryi,1,1,1
AW,2018,13,mixtus,Heterotheca.villosa,1,1,1
AW,2018,13,mixtus,Ligularia.bigelovii,1,1,1
AW,2018,13,mixtus,Senecio.serra,1,1,1
AW,2018,14,appositus,Cirsium.parryi,1,1,1
AW,2018,14,appositus,Senecio.serra,1,1,1
AW,2018,14,bifarius,Erigeron.elatior,1,1,1
AW,2018,14,bifarius,Erigeron.speciosus,1,1,1
AW,2018,14,bifarius,Heliomeris.multiflora,18,1,18
AW,2018,14,bifarius,Ligularia.bigelovii,5,1,5
AW,2018,14,bifarius,Senecio.serra,8,1,8
AW,2018,14,flavifrons,Arnica.parryi,1,1,1
AW,2018,14,flavifrons,Cirsium.parryi,15,1,15
AW,2018,14,flavifrons,Delphinium.barbeyi,1,1,1
AW,2018,14,flavifrons,Heliomeris.multiflora,2,1,2
AW,2018,14,flavifrons,Heterotheca.villosa,2,1,2
AW,2018,14,flavifrons,Ligularia.bigelovii,32,1,32
AW,2018,14,flavifrons,Senecio.serra,5,1,5
AW,2018,14,flavifrons,Vicia.americana,1,1,1
AW,2018,14,insularis,Cirsium.parryi,1,1,1
AW,2018,14,insularis,Erigeron.speciosus,1,1,1
AW,2018,14,insularis,Heliomeris.multiflora,1,1,1
AW,2018,14,insularis,Ligularia.bigelovii,1,1,1
AW,2018,14,insularis,Senecio.serra,6,1,6
AW,2018,14,mixtus,Heliomeris.multiflora,1,1,1
AW,2018,14,mixtus,Ligularia.bigelovii,2,1,2
AW,2018,14,mixtus,Senecio.serra,1,1,1
AW,2018,14,occidentalis,Dugaldia.hoopesii,1,1,1
AW,2018,14,occidentalis,Erigeron.elatior,1,1,1
AW,2018,14,occidentalis,Senecio.serra,2,1,2
AW,2018,14,rufocinctus,Heliomeris.multiflora,3,1,3
AW,2018,15,appositus,Delphinium.barbeyi,2,1,2
AW,2018,15,bifarius,Heliomeris.multiflora,29,1,29
AW,2018,15,bifarius,Senecio.serra,2,1,2
AW,2018,15,flavifrons,Cirsium.parryi,10,1,10
AW,2018,15,flavifrons,Ligularia.bigelovii,1,1,1
AW,2018,15,flavifrons,Senecio.serra,1,1,1
AW,2018,15,insularis,Cirsium.parryi,1,1,1
AW,2018,15,insularis,Heliomeris.multiflora,10,1,10
AW,2018,15,insularis,Ligularia.bigelovii,1,1,1
AW,2018,15,insularis,Senecio.serra,2,1,2
AW,2018,15,mixtus,Heliomeris.multiflora,1,1,1
AW,2018,16,bifarius,Heliomeris.multiflora,3,1,3
AW,2018,16,insularis,Cirsium.arvense,2,1,2
AW,2018,16,insularis,Heliomeris.multiflora,5,1,5
AW,2018,17,bifarius,Heliomeris.multiflora,2,1,2
AW,2018,17,flavifrons,Cirsium.parryi,1,1,1
AW,2018,17,flavifrons,Gentiana.parryi,1,1,1
AW,2018,17,insularis,Cirsium.arvense,1,1,1
AW,2018,17,insularis,Cirsium.parryi,1,1,1
AW,2018,17,insularis,Heliomeris.multiflora,1,1,1
AW,2019,3,bifarius,Mertensia.fusiformis,1,1,1
AW,2019,3,bifarius,Salix.sp,2,1,2
AW,2019,4,bifarius,Mertensia.fusiformis,1,1,1
AW,2019,4,flavifrons,Salix.sp,1,1,1
AW,2019,5,bifarius,Taraxacum.officinale,1,1,1
AW,2019,5,flavifrons,Delphinium.nuttallianum,1,1,1
AW,2019,5,flavifrons,Hydrophyllum.fendleri,1,1,1
AW,2019,5,flavifrons,Mertensia.fusiformis,2,1,2
AW,2019,6,appositus,Delphinium.nuttallianum,2,1,2
AW,2019,6,flavifrons,Delphinium.nuttallianum,5,1,5
AW,2019,6,flavifrons,Hydrophyllum.fendleri,1,1,1
AW,2019,7,appositus,Delphinium.nuttallianum,2,1,2
AW,2019,7,bifarius,Hydrophyllum.fendleri,1,1,1
AW,2019,7,flavifrons,Delphinium.nuttallianum,1,1,1
AW,2019,7,flavifrons,Hydrophyllum.fendleri,1,1,1
AW,2019,8,appositus,Delphinium.barbeyi,1,1,1
AW,2019,8,appositus,Vicia.americana,1,1,1
AW,2019,8,bifarius,Frasera.speciosa,1,1,1
AW,2019,8,flavifrons,Frasera.speciosa,2,1,2
AW,2019,8,flavifrons,Hydrophyllum.fendleri,13,1,13
AW,2019,8,flavifrons,Mertensia.ciliata,2,1,2
AW,2019,8,flavifrons,Vicia.americana,4,1,4
AW,2019,8,mixtus,Frasera.speciosa,1,1,1
AW,2019,9,appositus,Vicia.americana,2,1,2
AW,2019,9,bifarius,Helianthella.quinquenervis,2,1,2
AW,2019,9,bifarius,Potentilla.pulcherrima,2,1,2
AW,2019,9,flavifrons,Aconitum.columbianum,1,1,1
AW,2019,9,flavifrons,Aquilegia.coerulea,1,1,1
AW,2019,9,flavifrons,Delphinium.barbeyi,4,1,4
AW,2019,9,flavifrons,Frasera.speciosa,8,1,8
AW,2019,9,flavifrons,Helianthella.quinquenervis,3,1,3
AW,2019,9,flavifrons,Hydrophyllum.fendleri,1,1,1
AW,2019,9,flavifrons,Mertensia.ciliata,9,1,9
AW,2019,9,flavifrons,Potentilla.pulcherrima,1,1,1
AW,2019,9,flavifrons,Vicia.americana,9,1,9
AW,2019,10,bifarius,Helianthella.quinquenervis,6,1,6
AW,2019,10,bifarius,Heterotheca.villosa,1,1,1
AW,2019,10,bifarius,Potentilla.pulcherrima,2,1,2
AW,2019,10,bifarius,Senecio.serra,1,1,1
AW,2019,10,flavifrons,Aconitum.columbianum,1,1,1
AW,2019,10,flavifrons,Delphinium.barbeyi,14,1,14
AW,2019,10,flavifrons,Frasera.speciosa,9,1,9
AW,2019,10,flavifrons,Helianthella.quinquenervis,5,1,5
AW,2019,10,flavifrons,Mertensia.ciliata,13,1,13
AW,2019,10,flavifrons,Potentilla.pulcherrima,8,1,8
AW,2019,10,flavifrons,Vicia.americana,7,1,7
AW,2019,10,mixtus,Helianthella.quinquenervis,1,1,1
AW,2019,10,mixtus,Mertensia.ciliata,1,1,1
AW,2019,10,mixtus,Potentilla.pulcherrima,1,1,1
AW,2019,10,rufocinctus,Helianthella.quinquenervis,2,1,2
AW,2019,11,appositus,Delphinium.barbeyi,3,1,3
AW,2019,11,bifarius,Erigeron.elatior,1,1,1
AW,2019,11,bifarius,Heliomeris.multiflora,4,1,4
AW,2019,11,bifarius,Ligularia.bigelovii,1,1,1
AW,2019,11,bifarius,Potentilla.pulcherrima,2,1,2
AW,2019,11,bifarius,Solidago.multiradiata,1,1,1
AW,2019,11,bifarius,Trifolium.repens,1,1,1
AW,2019,11,flavifrons,Aconitum.columbianum,1,1,1
AW,2019,11,flavifrons,Agoseris.aurantiaca,2,1,2
AW,2019,11,flavifrons,Cirsium.parryi,2,1,2
AW,2019,11,flavifrons,Delphinium.barbeyi,26,1,26
AW,2019,11,flavifrons,Frasera.speciosa,2,1,2
AW,2019,11,flavifrons,Helianthella.quinquenervis,3,1,3
AW,2019,11,flavifrons,Heliomeris.multiflora,1,1,1
AW,2019,11,flavifrons,Ligularia.bigelovii,8,1,8
AW,2019,11,flavifrons,Mertensia.ciliata,1,1,1
AW,2019,11,flavifrons,Potentilla.pulcherrima,3,1,3
AW,2019,11,flavifrons,Senecio.serra,8,1,8
AW,2019,11,flavifrons,Solidago.multiradiata,2,1,2
AW,2019,11,flavifrons,Vicia.americana,2,1,2
AW,2019,11,mixtus,Erigeron.elatior,3,1,3
AW,2019,11,mixtus,Heliomeris.multiflora,1,1,1
AW,2019,11,mixtus,Potentilla.pulcherrima,1,1,1
AW,2019,11,rufocinctus,Erigeron.elatior,1,1,1
AW,2019,11,rufocinctus,Heliomeris.multiflora,3,1,3
AW,2019,12,appositus,Delphinium.barbeyi,10,1,10
AW,2019,12,bifarius,Erigeron.elatior,1,1,1
AW,2019,12,bifarius,Heliomeris.multiflora,1,1,1
AW,2019,12,bifarius,Heterotheca.villosa,1,1,1
AW,2019,12,bifarius,Potentilla.pulcherrima,2,1,2
AW,2019,12,bifarius,Senecio.serra,4,1,4
AW,2019,12,flavifrons,Cirsium.parryi,1,1,1
AW,2019,12,flavifrons,Delphinium.barbeyi,49,1,49
AW,2019,12,flavifrons,Erigeron.elatior,3,1,3
AW,2019,12,flavifrons,Erigeron.speciosus,6,1,6
AW,2019,12,flavifrons,Heliomeris.multiflora,19,1,19
AW,2019,12,flavifrons,Heterotheca.villosa,6,1,6
AW,2019,12,flavifrons,Ligularia.bigelovii,15,1,15
AW,2019,12,flavifrons,Mertensia.ciliata,2,1,2
AW,2019,12,flavifrons,Senecio.serra,61,1,61
AW,2019,12,flavifrons,Solidago.multiradiata,4,1,4
AW,2019,12,insularis,Senecio.serra,3,1,3
AW,2019,12,mixtus,Erigeron.elatior,1,1,1
AW,2019,12,mixtus,Senecio.serra,1,1,1
AW,2019,13,appositus,Campanula.rotundifolia,1,1,1
AW,2019,13,appositus,Delphinium.barbeyi,16,1,16
AW,2019,13,appositus,Senecio.serra,1,1,1
AW,2019,13,bifarius,Erigeron.elatior,1,1,1
AW,2019,13,bifarius,Heliomeris.multiflora,16,1,16
AW,2019,13,bifarius,Senecio.serra,7,1,7
AW,2019,13,bifarius,Trifolium.repens,1,1,1
AW,2019,13,flavifrons,Arnica.parryi,1,1,1
AW,2019,13,flavifrons,Cirsium.parryi,2,1,2
AW,2019,13,flavifrons,Delphinium.barbeyi,12,1,12
AW,2019,13,flavifrons,Erigeron.elatior,3,1,3
AW,2019,13,flavifrons,Erigeron.speciosus,3,1,3
AW,2019,13,flavifrons,Heliomeris.multiflora,54,1,54
AW,2019,13,flavifrons,Heterotheca.villosa,4,1,4
AW,2019,13,flavifrons,Ligularia.bigelovii,3,1,3
AW,2019,13,flavifrons,Senecio.serra,142,1,142
AW,2019,13,flavifrons,Trifolium.repens,1,1,1
AW,2019,13,insularis,Heliomeris.multiflora,1,1,1
AW,2019,13,insularis,Senecio.serra,12,1,12
AW,2019,13,mixtus,Erigeron.elatior,1,1,1
AW,2019,13,mixtus,Erigeron.speciosus,2,1,2
AW,2019,13,mixtus,Heliomeris.multiflora,2,1,2
AW,2019,13,mixtus,Senecio.serra,4,1,4
AW,2019,13,rufocinctus,Heliomeris.multiflora,3,1,3
AW,2019,14,appositus,Gentiana.parryi,1,1,1
AW,2019,14,bifarius,Heliomeris.multiflora,4,1,4
AW,2019,14,bifarius,Senecio.serra,1,1,1
AW,2019,14,flavifrons,Agoseris.glauca,1,1,1
AW,2019,14,flavifrons,Cirsium.parryi,3,1,3
AW,2019,14,flavifrons,Delphinium.barbeyi,1,1,1
AW,2019,14,flavifrons,Erigeron.speciosus,1,1,1
AW,2019,14,flavifrons,Heliomeris.multiflora,22,1,22
AW,2019,14,flavifrons,Senecio.serra,225,1,225
AW,2019,14,flavifrons,Trifolium.repens,1,1,1
AW,2019,14,insularis,Heliomeris.multiflora,1,1,1
AW,2019,14,insularis,Senecio.serra,21,1,21
AW,2019,14,mixtus,Senecio.serra,2,1,2
AW,2019,14,rufocinctus,Campanula.rotundifolia,1,1,1
AW,2019,15,appositus,Senecio.serra,1,1,1
AW,2019,15,bifarius,Heliomeris.multiflora,1,1,1
AW,2019,15,flavifrons,Cirsium.arvense,1,1,1
AW,2019,15,flavifrons,Heliomeris.multiflora,30,1,30
AW,2019,15,flavifrons,Senecio.serra,87,1,87
AW,2019,15,insularis,Dugaldia.hoopesii,1,1,1
AW,2019,15,insularis,Heliomeris.multiflora,3,1,3
AW,2019,15,insularis,Senecio.serra,14,1,14
AW,2019,15,occidentalis,Senecio.serra,1,1,1
AW,2019,16,appositus,Gentiana.parryi,1,1,1
AW,2019,16,flavifrons,Senecio.serra,1,1,1
AW,2019,16,insularis,Senecio.serra,6,1,6
AW,2019,17,appositus,Gentiana.parryi,1,1,1
AW,2020,2,bifarius,Mertensia.fusiformis,1,1,1
AW,2020,3,bifarius,Mertensia.fusiformis,1,1,1
AW,2020,3,bifarius,Salix.sp,1,1,1
AW,2020,3,flavifrons,Mertensia.fusiformis,2,1,2
AW,2020,3,occidentalis,Salix.sp,1,1,1
AW,2020,4,appositus,Delphinium.nuttallianum,2,1,2
AW,2020,4,flavifrons,Delphinium.nuttallianum,2,1,2
AW,2020,4,flavifrons,Hydrophyllum.fendleri,4,1,4
AW,2020,5,appositus,Delphinium.nuttallianum,1,1,1
AW,2020,5,flavifrons,Delphinium.nuttallianum,3,1,3
AW,2020,5,flavifrons,Distegia.involucrata,1,1,1
AW,2020,5,flavifrons,Hydrophyllum.fendleri,10,1,10
AW,2020,5,insularis,Taraxacum.officinale,3,1,3
AW,2020,5,mixtus,Hydrophyllum.fendleri,2,1,2
AW,2020,6,appositus,Delphinium.nuttallianum,2,1,2
AW,2020,6,bifarius,Hydrophyllum.fendleri,4,1,4
AW,2020,6,californicus,Delphinium.nuttallianum,1,1,1
AW,2020,6,flavifrons,Delphinium.nuttallianum,4,1,4
AW,2020,6,flavifrons,Distegia.involucrata,2,1,2
AW,2020,6,flavifrons,Hydrophyllum.fendleri,10,1,10
AW,2020,6,insularis,Hydrophyllum.fendleri,2,1,2
AW,2020,6,mixtus,Hydrophyllum.fendleri,2,1,2
AW,2020,7,appositus,Delphinium.nuttallianum,1,1,1
AW,2020,7,appositus,Hydrophyllum.fendleri,1,1,1
AW,2020,7,flavifrons,Distegia.involucrata,2,1,2
AW,2020,7,flavifrons,Hydrophyllum.fendleri,7,1,7
AW,2020,7,flavifrons,Mertensia.ciliata,1,1,1
AW,2020,7,flavifrons,Rubus.idaeus,1,1,1
AW,2020,7,flavifrons,Vicia.americana,2,1,2
AW,2020,7,insularis,Hydrophyllum.fendleri,9,1,9
AW,2020,7,insularis,Rubus.idaeus,1,1,1
AW,2020,7,mixtus,Hydrophyllum.fendleri,1,1,1
AW,2020,8,flavifrons,Aconitum.columbianum,1,1,1
AW,2020,8,flavifrons,Delphinium.barbeyi,1,1,1
AW,2020,8,flavifrons,Distegia.involucrata,1,1,1
AW,2020,8,flavifrons,Hydrophyllum.fendleri,2,1,2
AW,2020,8,flavifrons,Lathyrus.leucanthus,1,1,1
AW,2020,8,flavifrons,Mertensia.ciliata,2,1,2
AW,2020,8,flavifrons,Rubus.idaeus,1,1,1
AW,2020,8,flavifrons,Vicia.americana,1,1,1
AW,2020,8,insularis,Dugaldia.hoopesii,1,1,1
AW,2020,8,insularis,Hydrophyllum.fendleri,1,1,1
AW,2020,8,insularis,Rubus.idaeus,1,1,1
AW,2020,9,bifarius,Heracleum.sphondylium,1,1,1
AW,2020,9,bifarius,Potentilla.pulcherrima,4,1,4
AW,2020,9,flavifrons,Mertensia.ciliata,1,1,1
AW,2020,9,insularis,Dugaldia.hoopesii,1,1,1
AW,2020,9,insularis,Helianthella.quinquenervis,2,1,2
AW,2020,9,insularis,Ligularia.bigelovii,1,1,1
AW,2020,9,insularis,Rubus.idaeus,1,1,1
AW,2020,9,occidentalis,Heracleum.sphondylium,1,1,1
AW,2020,10,appositus,Delphinium.barbeyi,1,1,1
AW,2020,10,bifarius,Heliomeris.multiflora,1,1,1
AW,2020,10,bifarius,Ligularia.bigelovii,1,1,1
AW,2020,10,flavifrons,Aconitum.columbianum,1,1,1
AW,2020,10,flavifrons,Delphinium.barbeyi,2,1,2
AW,2020,10,insularis,Dugaldia.hoopesii,1,1,1
AW,2020,10,insularis,Rubus.idaeus,1,1,1
AW,2020,10,occidentalis,Heracleum.sphondylium,1,1,1
AW,2020,11,appositus,Aconitum.columbianum,1,1,1
AW,2020,11,appositus,Delphinium.barbeyi,1,1,1
AW,2020,11,bifarius,Ligularia.bigelovii,1,1,1
AW,2020,11,flavifrons,Delphinium.barbeyi,1,1,1
AW,2020,11,insularis,Hydrophyllum.fendleri,1,1,1
AW,2020,11,insularis,Potentilla.pulcherrima,1,1,1
AW,2020,11,rufocinctus,Solidago.multiradiata,1,1,1
AW,2020,12,appositus,Aconitum.columbianum,1,1,1
AW,2020,12,bifarius,Erigeron.elatior,2,1,2
AW,2020,12,bifarius,Senecio.serra,1,1,1
AW,2020,12,flavifrons,Ligularia.bigelovii,1,1,1
AW,2020,12,insularis,Erigeron.elatior,1,1,1
AW,2020,13,insularis,Senecio.serra,2,1,2
AW,2020,14,bifarius,Senecio.serra,1,1,1
AW,2020,14,flavifrons,Cirsium.parryi,2,1,2
AW,2020,14,flavifrons,Senecio.serra,4,1,4
AW,2020,14,mixtus,Senecio.serra,1,1,1
AW,2020,14,occidentalis,Senecio.serra,1,1,1
AW,2020,15,bifarius,Heliomeris.multiflora,1,1,1
AW,2020,15,flavifrons,Senecio.serra,2,1,2
AW,2020,15,insularis,Heliomeris.multiflora,7,1,7
AW,2020,15,insularis,Heterotheca.villosa,1,1,1
AW,2020,15,insularis,Senecio.serra,3,1,3
AW,2020,16,flavifrons,Heliomeris.multiflora,1,1,1
AW,2020,16,flavifrons,Senecio.serra,1,1,1
AW,2020,16,insularis,Heliomeris.multiflora,3,1,3
AW,2020,16,insularis,Senecio.serra,1,1,1
AW,2021,4,bifarius,Salix.sp,1,1,1
AW,2021,5,bifarius,Mertensia.fusiformis,1,1,1
AW,2021,5,bifarius,Salix.sp,3,1,3
AW,2021,6,flavifrons,Salix.sp,1,1,1
AW,2021,6,flavifrons,Viola.praemorsa,1,1,1
AW,2021,7,bifarius,Taraxacum.officinale,1,1,1
AW,2021,7,flavifrons,Distegia.involucrata,1,1,1
AW,2021,7,flavifrons,Hydrophyllum.fendleri,2,1,2
AW,2021,8,appositus,Delphinium.nuttallianum,2,1,2
AW,2021,8,appositus,Lathyrus.leucanthus,7,1,7
AW,2021,8,californicus,Lathyrus.leucanthus,2,1,2
AW,2021,8,flavifrons,Delphinium.nuttallianum,1,1,1
AW,2021,8,flavifrons,Hydrophyllum.fendleri,15,1,15
AW,2021,8,flavifrons,Lathyrus.leucanthus,1,1,1
AW,2021,8,flavifrons,Mertensia.ciliata,2,1,2
AW,2021,8,nevadensis,Lathyrus.leucanthus,1,1,1
AW,2021,8,rufocinctus,Frasera.speciosa,1,1,1
AW,2021,9,appositus,Lathyrus.leucanthus,13,1,13
AW,2021,9,appositus,Vicia.americana,2,1,2
AW,2021,9,flavifrons,Aquilegia.coerulea,1,1,1
AW,2021,9,flavifrons,Distegia.involucrata,1,1,1
AW,2021,9,flavifrons,Frasera.speciosa,1,1,1
AW,2021,9,flavifrons,Hydrophyllum.fendleri,25,1,25
AW,2021,9,rufocinctus,Hydrophyllum.fendleri,1,1,1
AW,2021,10,appositus,Aquilegia.coerulea,1,1,1
AW,2021,10,appositus,Delphinium.barbeyi,1,1,1
AW,2021,10,appositus,Lathyrus.leucanthus,11,1,11
AW,2021,10,appositus,Vicia.americana,1,1,1
AW,2021,10,bifarius,Helianthella.quinquenervis,6,1,6
AW,2021,10,bifarius,Potentilla.pulcherrima,3,1,3
AW,2021,10,bifarius,Rubus.idaeus,1,1,1
AW,2021,10,californicus,Lathyrus.leucanthus,1,1,1
AW,2021,10,flavifrons,Aquilegia.coerulea,1,1,1
AW,2021,10,flavifrons,Delphinium.barbeyi,2,1,2
AW,2021,10,flavifrons,Frasera.speciosa,2,1,2
AW,2021,10,flavifrons,Hydrophyllum.fendleri,11,1,11
AW,2021,10,flavifrons,Lathyrus.leucanthus,4,1,4
AW,2021,10,flavifrons,Mertensia.ciliata,4,1,4
AW,2021,10,flavifrons,Rubus.idaeus,1,1,1
AW,2021,10,flavifrons,Vicia.americana,12,1,12
AW,2021,10,mixtus,Helianthella.quinquenervis,1,1,1
AW,2021,10,mixtus,Hydrophyllum.fendleri,1,1,1
AW,2021,11,appositus,Delphinium.barbeyi,2,1,2
AW,2021,11,appositus,Vicia.americana,6,1,6
AW,2021,11,bifarius,Potentilla.pulcherrima,9,1,9
AW,2021,11,californicus,Lathyrus.leucanthus,1,1,1
AW,2021,11,flavifrons,Aconitum.columbianum,4,1,4
AW,2021,11,flavifrons,Frasera.speciosa,1,1,1
AW,2021,11,flavifrons,Geranium.richardsonii,1,1,1
AW,2021,11,flavifrons,Helianthella.quinquenervis,10,1,10
AW,2021,11,flavifrons,Hydrophyllum.fendleri,2,1,2
AW,2021,11,flavifrons,Mertensia.ciliata,8,1,8
AW,2021,11,flavifrons,Pedicularis.racemosa,2,1,2
AW,2021,11,flavifrons,Vicia.americana,4,1,4
AW,2021,11,insularis,Dugaldia.hoopesii,1,1,1
AW,2021,11,mixtus,Helianthella.quinquenervis,1,1,1
AW,2021,11,mixtus,Pedicularis.racemosa,1,1,1
AW,2021,11,mixtus,Potentilla.pulcherrima,1,1,1
AW,2021,11,mixtus,Senecio.crassulus,4,1,4
AW,2021,11,rufocinctus,Helianthella.quinquenervis,2,1,2
AW,2021,11,rufocinctus,Potentilla.pulcherrima,4,1,4
AW,2021,12,appositus,Delphinium.barbeyi,4,1,4
AW,2021,12,bifarius,Delphinium.barbeyi,1,1,1
AW,2021,12,bifarius,Helianthella.quinquenervis,4,1,4
AW,2021,12,bifarius,Heliomeris.multiflora,1,1,1
AW,2021,12,bifarius,Mertensia.ciliata,1,1,1
AW,2021,12,bifarius,Potentilla.pulcherrima,11,1,11
AW,2021,12,flavifrons,Aconitum.columbianum,2,1,2
AW,2021,12,flavifrons,Collomia.linearis,1,1,1
AW,2021,12,flavifrons,Delphinium.barbeyi,16,1,16
AW,2021,12,flavifrons,Frasera.speciosa,1,1,1
AW,2021,12,flavifrons,Helianthella.quinquenervis,12,1,12
AW,2021,12,flavifrons,Mertensia.ciliata,11,1,11
AW,2021,12,flavifrons,Pedicularis.racemosa,2,1,2
AW,2021,12,flavifrons,Potentilla.pulcherrima,2,1,2
AW,2021,12,flavifrons,Vicia.americana,3,1,3
AW,2021,12,mixtus,Dugaldia.hoopesii,1,1,1
AW,2021,12,mixtus,Helianthella.quinquenervis,3,1,3
AW,2021,12,mixtus,Mertensia.ciliata,3,1,3
AW,2021,12,occidentalis,Solidago.multiradiata,1,1,1
AW,2021,12,rufocinctus,Helianthella.quinquenervis,1,1,1
AW,2021,12,rufocinctus,Trifolium.repens,1,1,1
AW,2021,13,appositus,Delphinium.barbeyi,4,1,4
AW,2021,13,appositus,Erigeron.speciosus,1,1,1
AW,2021,13,bifarius,Dugaldia.hoopesii,1,1,1
AW,2021,13,bifarius,Erigeron.elatior,2,1,2
AW,2021,13,bifarius,Erigeron.speciosus,2,1,2
AW,2021,13,bifarius,Helianthella.quinquenervis,1,1,1
AW,2021,13,bifarius,Heliomeris.multiflora,5,1,5
AW,2021,13,bifarius,Heterotheca.villosa,4,1,4
AW,2021,13,bifarius,Ligularia.bigelovii,2,1,2
AW,2021,13,bifarius,Pedicularis.racemosa,1,1,1
AW,2021,13,bifarius,Potentilla.pulcherrima,9,1,9
AW,2021,13,bifarius,Solidago.multiradiata,3,1,3
AW,2021,13,flavifrons,Aconitum.columbianum,3,1,3
AW,2021,13,flavifrons,Cirsium.parryi,1,1,1
AW,2021,13,flavifrons,Delphinium.barbeyi,15,1,15
AW,2021,13,flavifrons,Helianthella.quinquenervis,5,1,5
AW,2021,13,flavifrons,Heterotheca.villosa,4,1,4
AW,2021,13,flavifrons,Ligularia.bigelovii,4,1,4
AW,2021,13,flavifrons,Mertensia.ciliata,6,1,6
AW,2021,13,flavifrons,Pedicularis.racemosa,1,1,1
AW,2021,13,flavifrons,Potentilla.pulcherrima,9,1,9
AW,2021,13,flavifrons,Solidago.multiradiata,4,1,4
AW,2021,13,mixtus,Dugaldia.hoopesii,1,1,1
AW,2021,13,mixtus,Erigeron.elatior,1,1,1
AW,2021,13,mixtus,Erigeron.speciosus,1,1,1
AW,2021,13,mixtus,Heliomeris.multiflora,1,1,1
AW,2021,13,mixtus,Heterotheca.villosa,1,1,1
AW,2021,13,mixtus,Ligularia.bigelovii,3,1,3
AW,2021,13,mixtus,Pedicularis.racemosa,1,1,1
AW,2021,13,mixtus,Potentilla.pulcherrima,2,1,2
AW,2021,13,mixtus,Solidago.multiradiata,4,1,4
AW,2021,13,occidentalis,Heterotheca.villosa,1,1,1
AW,2021,13,rufocinctus,Erigeron.elatior,3,1,3
AW,2021,13,rufocinctus,Erigeron.speciosus,5,1,5
AW,2021,13,rufocinctus,Heliomeris.multiflora,3,1,3
AW,2021,13,rufocinctus,Potentilla.pulcherrima,6,1,6
AW,2021,14,appositus,Delphinium.barbeyi,19,1,19
AW,2021,14,appositus,Heliomeris.multiflora,1,1,1
AW,2021,14,appositus,Senecio.serra,1,1,1
AW,2021,14,bifarius,Agoseris.aurantiaca,1,1,1
AW,2021,14,bifarius,Erigeron.elatior,1,1,1
AW,2021,14,bifarius,Erigeron.speciosus,1,1,1
AW,2021,14,bifarius,Heliomeris.multiflora,36,1,36
AW,2021,14,bifarius,Heterotheca.villosa,1,1,1
AW,2021,14,bifarius,Ligularia.bigelovii,1,1,1
AW,2021,14,bifarius,Senecio.serra,3,1,3
AW,2021,14,bifarius,Solidago.multiradiata,2,1,2
AW,2021,14,bifarius,Tragopogon.dubius,1,1,1
AW,2021,14,flavifrons,Aconitum.columbianum,1,1,1
AW,2021,14,flavifrons,Agastache.urticifolia,4,1,4
AW,2021,14,flavifrons,Cirsium.parryi,7,1,7
AW,2021,14,flavifrons,Delphinium.barbeyi,33,1,33
AW,2021,14,flavifrons,Dugaldia.hoopesii,1,1,1
AW,2021,14,flavifrons,Erigeron.elatior,2,1,2
AW,2021,14,flavifrons,Heliomeris.multiflora,18,1,18
AW,2021,14,flavifrons,Heterotheca.villosa,2,1,2
AW,2021,14,flavifrons,Ligularia.bigelovii,14,1,14
AW,2021,14,flavifrons,Senecio.serra,24,1,24
AW,2021,14,flavifrons,Solidago.multiradiata,1,1,1
AW,2021,14,mixtus,Helianthella.quinquenervis,1,1,1
AW,2021,14,mixtus,Heliomeris.multiflora,11,1,11
AW,2021,14,mixtus,Senecio.serra,2,1,2
AW,2021,14,nevadensis,Delphinium.barbeyi,1,1,1
AW,2021,14,nevadensis,Heliomeris.multiflora,1,1,1
AW,2021,14,rufocinctus,Erigeron.elatior,3,1,3
AW,2021,14,rufocinctus,Heliomeris.multiflora,15,1,15
AW,2021,15,appositus,Campanula.rotundifolia,1,1,1
AW,2021,15,appositus,Cirsium.parryi,2,1,2
AW,2021,15,appositus,Delphinium.barbeyi,11,1,11
AW,2021,15,appositus,Erigeron.elatior,1,1,1
AW,2021,15,appositus,Heterotheca.villosa,5,1,5
AW,2021,15,appositus,Senecio.serra,5,1,5
AW,2021,15,appositus,Vicia.americana,1,1,1
AW,2021,15,bifarius,Campanula.rotundifolia,1,1,1
AW,2021,15,bifarius,Erigeron.speciosus,2,1,2
AW,2021,15,bifarius,Heliomeris.multiflora,30,1,30
AW,2021,15,bifarius,Heterotheca.villosa,4,1,4
AW,2021,15,bifarius,Senecio.serra,17,1,17
AW,2021,15,bifarius,Solidago.multiradiata,1,1,1
AW,2021,15,californicus,Cirsium.parryi,1,1,1
AW,2021,15,flavifrons,Aconitum.columbianum,2,1,2
AW,2021,15,flavifrons,Cirsium.parryi,3,1,3
AW,2021,15,flavifrons,Delphinium.barbeyi,8,1,8
AW,2021,15,flavifrons,Erigeron.speciosus,1,1,1
AW,2021,15,flavifrons,Heliomeris.multiflora,29,1,29
AW,2021,15,flavifrons,Heterotheca.villosa,13,1,13
AW,2021,15,flavifrons,Ligularia.bigelovii,10,1,10
AW,2021,15,flavifrons,Senecio.serra,96,1,96
AW,2021,15,flavifrons,Solidago.multiradiata,4,1,4
AW,2021,15,flavifrons,Trifolium.repens,1,1,1
AW,2021,15,insularis,Heliomeris.multiflora,3,1,3
AW,2021,15,insularis,Heterotheca.villosa,2,1,2
AW,2021,15,insularis,Senecio.serra,3,1,3
AW,2021,15,mixtus,Erigeron.elatior,2,1,2
AW,2021,15,mixtus,Heliomeris.multiflora,24,1,24
AW,2021,15,mixtus,Heterotheca.villosa,3,1,3
AW,2021,15,mixtus,Senecio.serra,10,1,10
AW,2021,15,mixtus,Solidago.multiradiata,4,1,4
AW,2021,15,occidentalis,Senecio.serra,7,1,7
AW,2021,15,occidentalis,Solidago.multiradiata,1,1,1
AW,2021,15,rufocinctus,Heliomeris.multiflora,1,1,1
AW,2021,16,appositus,Cirsium.parryi,2,1,2
AW,2021,16,appositus,Gentiana.parryi,1,1,1
AW,2021,16,appositus,Heterotheca.villosa,1,1,1
AW,2021,16,appositus,Senecio.serra,3,1,3
AW,2021,16,bifarius,Heliomeris.multiflora,41,1,41
AW,2021,16,bifarius,Senecio.serra,7,1,7
AW,2021,16,bifarius,Trifolium.repens,3,1,3
AW,2021,16,californicus,Senecio.serra,2,1,2
AW,2021,16,flavifrons,Cirsium.parryi,1,1,1
AW,2021,16,flavifrons,Delphinium.barbeyi,1,1,1
AW,2021,16,flavifrons,Heliomeris.multiflora,49,1,49
AW,2021,16,flavifrons,Heterotheca.villosa,6,1,6
AW,2021,16,flavifrons,Ligularia.bigelovii,1,1,1
AW,2021,16,flavifrons,Senecio.serra,103,1,103
AW,2021,16,flavifrons,Vicia.americana,1,1,1
AW,2021,16,insularis,Heliomeris.multiflora,3,1,3
AW,2021,16,insularis,Senecio.serra,12,1,12
AW,2021,16,mixtus,Heliomeris.multiflora,33,1,33
AW,2021,16,mixtus,Senecio.serra,6,1,6
AW,2021,16,occidentalis,Senecio.serra,1,1,1
AW,2021,16,rufocinctus,Heliomeris.multiflora,12,1,12
AW,2021,16,rufocinctus,Senecio.serra,1,1,1
AW,2021,17,appositus,Gentiana.parryi,1,1,1
AW,2021,17,bifarius,Heliomeris.multiflora,28,1,28
AW,2021,17,californicus,Gentiana.parryi,1,1,1
AW,2021,17,flavifrons,Delphinium.barbeyi,1,1,1
AW,2021,17,flavifrons,Heliomeris.multiflora,46,1,46
AW,2021,17,flavifrons,Senecio.serra,33,1,33
AW,2021,17,insularis,Heliomeris.multiflora,7,1,7
AW,2021,17,insularis,Senecio.serra,2,1,2
AW,2021,17,mixtus,Heliomeris.multiflora,15,1,15
AW,2021,17,mixtus,Senecio.serra,2,1,2
AW,2021,17,occidentalis,Heliomeris.multiflora,1,1,1
AW,2021,17,rufocinctus,Heliomeris.multiflora,7,1,7
AW,2021,18,appositus,Gentiana.parryi,1,1,1
AW,2021,18,bifarius,Heliomeris.multiflora,7,1,7
AW,2021,18,californicus,Gentiana.parryi,1,1,1
AW,2021,18,flavifrons,Cirsium.arvense,4,1,4
AW,2021,18,flavifrons,Dugaldia.hoopesii,1,1,1
AW,2021,18,flavifrons,Heliomeris.multiflora,39,1,39
AW,2021,18,flavifrons,Senecio.serra,13,1,13
AW,2021,18,flavifrons,Taraxacum.officinale,1,1,1
AW,2021,18,insularis,Heliomeris.multiflora,1,1,1
AW,2021,18,insularis,Senecio.serra,1,1,1
AW,2021,18,mixtus,Cirsium.arvense,1,1,1
AW,2021,18,mixtus,Heliomeris.multiflora,11,1,11
AW,2021,18,occidentalis,Cirsium.arvense,1,1,1
AW,2021,18,rufocinctus,Heliomeris.multiflora,1,1,1
AW,2021,19,appositus,Gentiana.parryi,1,1,1
AW,2021,19,bifarius,Cirsium.arvense,5,1,5
AW,2021,19,bifarius,Heliomeris.multiflora,2,1,2
AW,2021,19,californicus,Cirsium.arvense,2,1,2
AW,2021,19,flavifrons,Cirsium.arvense,4,1,4
AW,2021,19,flavifrons,Heliomeris.multiflora,1,1,1
AW,2021,19,insularis,Cirsium.arvense,2,1,2
AW,2021,19,insularis,Dugaldia.hoopesii,1,1,1
AW,2021,19,occidentalis,Cirsium.arvense,1,1,1
AW,2021,19,rufocinctus,Heliomeris.multiflora,1,1,1
AW,2021,20,bifarius,Cirsium.arvense,1,1,1
AW,2021,20,flavifrons,Gentiana.parryi,1,1,1
AW,2021,20,insularis,Cirsium.arvense,4,1,4
AW,2022,2,bifarius,Erythronium.grandiflorum,1,1,1
AW,2022,2,bifarius,Mertensia.fusiformis,1,1,1
AW,2022,2,bifarius,Salix.sp,2,1,2
AW,2022,3,bifarius,Erythronium.grandiflorum,1,1,1
AW,2022,3,bifarius,Mertensia.fusiformis,1,1,1
AW,2022,3,bifarius,Salix.sp,2,1,2
AW,2022,4,bifarius,Salix.sp,1,1,1
AW,2022,4,bifarius,Taraxacum.officinale,1,1,1
AW,2022,4,californicus,Delphinium.nuttallianum,1,1,1
AW,2022,4,flavifrons,Mertensia.fusiformis,2,1,2
AW,2022,4,flavifrons,Taraxacum.officinale,1,1,1
AW,2022,5,appositus,Delphinium.nuttallianum,1,1,1
AW,2022,5,flavifrons,Delphinium.nuttallianum,2,1,2
AW,2022,5,flavifrons,Distegia.involucrata,2,1,2
AW,2022,6,appositus,Delphinium.nuttallianum,4,1,4
AW,2022,6,flavifrons,Delphinium.nuttallianum,1,1,1
AW,2022,6,flavifrons,Distegia.involucrata,1,1,1
AW,2022,6,flavifrons,Hydrophyllum.fendleri,9,1,9
AW,2022,6,mixtus,Distegia.involucrata,1,1,1
AW,2022,6,mixtus,Hydrophyllum.fendleri,2,1,2
AW,2022,6,rufocinctus,Hydrophyllum.fendleri,1,1,1
AW,2022,7,appositus,Delphinium.nuttallianum,1,1,1
AW,2022,7,appositus,Lathyrus.leucanthus,1,1,1
AW,2022,7,appositus,Vicia.americana,1,1,1
AW,2022,7,bifarius,Hydrophyllum.fendleri,3,1,3
AW,2022,7,flavifrons,Delphinium.nuttallianum,1,1,1
AW,2022,7,flavifrons,Distegia.involucrata,3,1,3
AW,2022,7,flavifrons,Hydrophyllum.fendleri,15,1,15
AW,2022,7,mixtus,Distegia.involucrata,1,1,1
AW,2022,7,mixtus,Hydrophyllum.fendleri,2,1,2
AW,2022,8,appositus,Vicia.americana,2,1,2
AW,2022,8,bifarius,Dugaldia.hoopesii,1,1,1
AW,2022,8,bifarius,Hydrophyllum.fendleri,3,1,3
AW,2022,8,flavifrons,Castilleja.sulphurea,1,1,1
AW,2022,8,flavifrons,Distegia.involucrata,1,1,1
AW,2022,8,flavifrons,Hydrophyllum.fendleri,3,1,3
AW,2022,8,flavifrons,Vicia.americana,1,1,1
AW,2022,8,insularis,Dugaldia.hoopesii,1,1,1
AW,2022,8,insularis,Hydrophyllum.fendleri,2,1,2
AW,2022,8,rufocinctus,Hydrophyllum.fendleri,1,1,1
AW,2022,9,appositus,Collomia.linearis,2,1,2
AW,2022,9,appositus,Delphinium.barbeyi,1,1,1
AW,2022,9,appositus,Lathyrus.leucanthus,1,1,1
AW,2022,9,appositus,Vicia.americana,14,1,14
AW,2022,9,bifarius,Dugaldia.hoopesii,1,1,1
AW,2022,9,californicus,Vicia.americana,1,1,1
AW,2022,9,flavifrons,Dugaldia.hoopesii,1,1,1
AW,2022,9,flavifrons,Hydrophyllum.fendleri,3,1,3
AW,2022,9,flavifrons,Mertensia.ciliata,2,1,2
AW,2022,9,flavifrons,Prunella.vulgaris,1,1,1
AW,2022,9,flavifrons,Trifolium.repens,1,1,1
AW,2022,9,flavifrons,Vicia.americana,5,1,5
AW,2022,9,insularis,Dugaldia.hoopesii,7,1,7
AW,2022,9,mixtus,Dugaldia.hoopesii,2,1,2
AW,2022,9,rufocinctus,Dugaldia.hoopesii,1,1,1
AW,2022,10,appositus,Collomia.linearis,1,2,0.5
AW,2022,10,appositus,Delphinium.barbeyi,3,2,1.5
AW,2022,10,appositus,Lathyrus.leucanthus,1,2,0.5
AW,2022,10,appositus,Vicia.americana,7,2,3.5
AW,2022,10,bifarius,Dugaldia.hoopesii,3,2,1.5
AW,2022,10,bifarius,Potentilla.pulcherrima,2,2,1
AW,2022,10,californicus,Castilleja.sulphurea,1,2,0.5
AW,2022,10,flavifrons,Aconitum.columbianum,1,2,0.5
AW,2022,10,flavifrons,Agoseris.glauca,1,2,0.5
AW,2022,10,flavifrons,Dugaldia.hoopesii,2,2,1
AW,2022,10,flavifrons,Helianthella.quinquenervis,4,2,2
AW,2022,10,flavifrons,Ligularia.bigelovii,1,2,0.5
AW,2022,10,flavifrons,Mertensia.ciliata,2,2,1
AW,2022,10,flavifrons,Vicia.americana,1,2,0.5
AW,2022,10,insularis,Dugaldia.hoopesii,1,2,0.5
AW,2022,10,occidentalis,Dugaldia.hoopesii,1,2,0.5
AW,2022,10,rufocinctus,Dugaldia.hoopesii,2,2,1
AW,2022,10,rufocinctus,Solidago.multiradiata,1,2,0.5
AW,2022,11,appositus,Delphinium.barbeyi,4,2,2
AW,2022,11,appositus,Vicia.americana,1,2,0.5
AW,2022,11,bifarius,Dugaldia.hoopesii,3,2,1.5
AW,2022,11,bifarius,Erigeron.elatior,1,2,0.5
AW,2022,11,bifarius,Ligularia.bigelovii,3,2,1.5
AW,2022,11,bifarius,Solidago.multiradiata,2,2,1
AW,2022,11,flavifrons,Aconitum.columbianum,3,2,1.5
AW,2022,11,flavifrons,Cirsium.parryi,3,2,1.5
AW,2022,11,flavifrons,Delphinium.barbeyi,1,2,0.5
AW,2022,11,flavifrons,Helianthella.quinquenervis,1,2,0.5
AW,2022,11,flavifrons,Ligularia.bigelovii,9,2,4.5
AW,2022,11,flavifrons,Mertensia.ciliata,4,2,2
AW,2022,11,flavifrons,Solidago.multiradiata,1,2,0.5
AW,2022,11,rufocinctus,Dugaldia.hoopesii,1,2,0.5
AW,2022,11,rufocinctus,Ligularia.bigelovii,1,2,0.5
AW,2022,12,appositus,Cirsium.parryi,1,1,1
AW,2022,12,appositus,Delphinium.barbeyi,11,1,11
AW,2022,12,appositus,Trifolium.repens,1,1,1
AW,2022,12,appositus,Vicia.americana,1,1,1
AW,2022,12,bifarius,Dugaldia.hoopesii,3,1,3
AW,2022,12,bifarius,Erigeron.elatior,1,1,1
AW,2022,12,bifarius,Heliomeris.multiflora,9,1,9
AW,2022,12,bifarius,Ligularia.bigelovii,5,1,5
AW,2022,12,bifarius,Solidago.multiradiata,6,1,6
AW,2022,12,flavifrons,Aconitum.columbianum,1,1,1
AW,2022,12,flavifrons,Cirsium.parryi,9,1,9
AW,2022,12,flavifrons,Delphinium.barbeyi,14,1,14
AW,2022,12,flavifrons,Erigeron.speciosus,1,1,1
AW,2022,12,flavifrons,Heliomeris.multiflora,1,1,1
AW,2022,12,flavifrons,Ligularia.bigelovii,15,1,15
AW,2022,12,flavifrons,Mertensia.ciliata,1,1,1
AW,2022,12,flavifrons,Pedicularis.racemosa,1,1,1
AW,2022,12,flavifrons,Potentilla.pulcherrima,1,1,1
AW,2022,12,flavifrons,Solidago.multiradiata,1,1,1
AW,2022,12,flavifrons,Vicia.americana,1,1,1
AW,2022,12,mixtus,Heliomeris.multiflora,1,1,1
AW,2022,12,mixtus,Ligularia.bigelovii,1,1,1
AW,2022,12,mixtus,Solidago.multiradiata,1,1,1
AW,2022,12,rufocinctus,Heliomeris.multiflora,2,1,2
AW,2022,12,rufocinctus,Solidago.multiradiata,1,1,1
AW,2022,13,appositus,Delphinium.barbeyi,14,1,14
AW,2022,13,bifarius,Heliomeris.multiflora,12,1,12
AW,2022,13,bifarius,Ligularia.bigelovii,1,1,1
AW,2022,13,bifarius,Trifolium.repens,2,1,2
AW,2022,13,flavifrons,Cirsium.parryi,7,1,7
AW,2022,13,flavifrons,Delphinium.barbeyi,6,1,6
AW,2022,13,flavifrons,Dugaldia.hoopesii,1,1,1
AW,2022,13,flavifrons,Heliomeris.multiflora,4,1,4
AW,2022,13,flavifrons,Heterotheca.villosa,1,1,1
AW,2022,13,flavifrons,Ligularia.bigelovii,7,1,7
AW,2022,13,flavifrons,Senecio.serra,1,1,1
AW,2022,13,mixtus,Heliomeris.multiflora,1,1,1
AW,2022,13,mixtus,Ligularia.bigelovii,2,1,2
AW,2022,13,mixtus,Senecio.serra,1,1,1
AW,2022,13,rufocinctus,Heliomeris.multiflora,10,1,10
AW,2022,14,appositus,Cirsium.eatonii,1,1,1
AW,2022,14,appositus,Delphinium.barbeyi,2,1,2
AW,2022,14,appositus,Heliomeris.multiflora,2,1,2
AW,2022,14,bifarius,Heliomeris.multiflora,11,1,11
AW,2022,14,flavifrons,Cirsium.eatonii,2,1,2
AW,2022,14,flavifrons,Cirsium.parryi,5,1,5
AW,2022,14,flavifrons,Delphinium.barbeyi,1,1,1
AW,2022,14,flavifrons,Heliomeris.multiflora,24,1,24
AW,2022,14,flavifrons,Ligularia.bigelovii,1,1,1
AW,2022,14,flavifrons,Senecio.serra,3,1,3
AW,2022,14,mixtus,Heliomeris.multiflora,6,1,6
AW,2022,14,mixtus,Senecio.serra,1,1,1
AW,2022,14,rufocinctus,Heliomeris.multiflora,12,1,12
AW,2022,15,appositus,Cirsium.eatonii,1,1,1
AW,2022,15,appositus,Cirsium.parryi,2,1,2
AW,2022,15,appositus,Vicia.americana,1,1,1
AW,2022,15,bifarius,Heliomeris.multiflora,25,1,25
AW,2022,15,bifarius,Senecio.serra,1,1,1
AW,2022,15,californicus,Gentianopsis.thermalis,1,1,1
AW,2022,15,flavifrons,Cirsium.parryi,8,1,8
AW,2022,15,flavifrons,Heliomeris.multiflora,40,1,40
AW,2022,15,flavifrons,Senecio.serra,8,1,8
AW,2022,15,insularis,Heliomeris.multiflora,46,1,46
AW,2022,15,insularis,Heterotheca.villosa,1,1,1
AW,2022,15,insularis,Senecio.serra,1,1,1
AW,2022,15,mixtus,Heliomeris.multiflora,8,1,8
AW,2022,15,mixtus,Senecio.serra,3,1,3
AW,2022,15,rufocinctus,Heliomeris.multiflora,2,1,2
AW,2022,16,appositus,Gentianopsis.thermalis,1,1,1
AW,2022,16,bifarius,Heliomeris.multiflora,19,1,19
AW,2022,16,flavifrons,Agastache.urticifolia,3,1,3
AW,2022,16,flavifrons,Cirsium.parryi,4,1,4
AW,2022,16,flavifrons,Heliomeris.multiflora,38,1,38
AW,2022,16,insularis,Heliomeris.multiflora,42,1,42
AW,2022,16,mixtus,Heliomeris.multiflora,6,1,6
AW,2022,17,appositus,Gentiana.parryi,1,1,1
AW,2022,17,bifarius,Heliomeris.multiflora,8,1,8
AW,2022,17,flavifrons,Cirsium.arvense,1,1,1
AW,2022,17,flavifrons,Heliomeris.multiflora,4,1,4
AW,2022,17,insularis,Cirsium.arvense,5,1,5
AW,2022,17,insularis,Heliomeris.multiflora,42,1,42
AW,2022,17,mixtus,Heliomeris.multiflora,2,1,2
AW,2022,17,rufocinctus,Cirsium.arvense,1,1,1
AW,2022,18,bifarius,Agastache.urticifolia,1,1,1
AW,2022,18,bifarius,Heliomeris.multiflora,3,1,3
AW,2022,18,flavifrons,Agastache.urticifolia,2,1,2
AW,2022,18,insularis,Agastache.urticifolia,3,1,3
AW,2022,18,insularis,Cirsium.arvense,2,1,2
AW,2022,18,insularis,Heliomeris.multiflora,6,1,6
AW,2023,2,bifarius,Salix.sp,2,1,2
AW,2023,3,bifarius,Salix.sp,10,1,10
AW,2023,3,bifarius,Viola.praemorsa,1,1,1
AW,2023,3,flavifrons,Mertensia.fusiformis,1,1,1
AW,2023,3,occidentalis,Salix.sp,1,1,1
AW,2023,4,bifarius,Mertensia.fusiformis,1,1,1
AW,2023,4,bifarius,Salix.sp,1,1,1
AW,2023,4,flavifrons,Mertensia.fusiformis,1,1,1
AW,2023,5,bifarius,Taraxacum.officinale,1,2,0.5
AW,2023,5,flavifrons,Hydrophyllum.fendleri,1,2,0.5
AW,2023,5,flavifrons,Mertensia.fusiformis,1,2,0.5
AW,2023,6,appositus,Delphinium.nuttallianum,3,1,3
AW,2023,6,bifarius,Hydrophyllum.fendleri,1,1,1
AW,2023,6,flavifrons,Delphinium.nuttallianum,7,1,7
AW,2023,6,flavifrons,Hydrophyllum.fendleri,3,1,3
AW,2023,6,flavifrons,Mertensia.fusiformis,1,1,1
AW,2023,6,insularis,Hydrophyllum.fendleri,1,1,1
AW,2023,7,bifarius,Hydrophyllum.fendleri,2,1,2
AW,2023,7,flavifrons,Hydrophyllum.fendleri,11,1,11
AW,2023,7,rufocinctus,Hydrophyllum.fendleri,3,1,3
AW,2023,8,appositus,Dugaldia.hoopesii,1,1,1
AW,2023,8,bifarius,Helianthella.quinquenervis,3,1,3
AW,2023,8,bifarius,Hydrophyllum.fendleri,1,1,1
AW,2023,8,flavifrons,Helianthella.quinquenervis,2,1,2
AW,2023,8,flavifrons,Hydrophyllum.fendleri,12,1,12
AW,2023,8,flavifrons,Pedicularis.groenlandica,1,1,1
AW,2023,8,flavifrons,Vicia.americana,2,1,2
AW,2023,8,insularis,Helianthella.quinquenervis,1,1,1
AW,2023,8,insularis,Hydrophyllum.fendleri,1,1,1
AW,2023,8,rufocinctus,Dugaldia.hoopesii,1,1,1
AW,2023,8,rufocinctus,Helianthella.quinquenervis,1,1,1
AW,2023,9,appositus,Delphinium.barbeyi,1,2,0.5
AW,2023,9,bifarius,Helianthella.quinquenervis,1,2,0.5
AW,2023,9,flavifrons,Helianthella.quinquenervis,6,2,3
AW,2023,9,flavifrons,Hydrophyllum.fendleri,2,2,1
AW,2023,9,flavifrons,Mertensia.ciliata,1,2,0.5
AW,2023,9,flavifrons,Pedicularis.groenlandica,1,2,0.5
AW,2023,9,flavifrons,Vicia.americana,2,2,1
AW,2023,9,mixtus,Helianthella.quinquenervis,1,2,0.5
AW,2023,9,mixtus,Pedicularis.racemosa,1,2,0.5
AW,2023,9,rufocinctus,Dugaldia.hoopesii,1,2,0.5
AW,2023,9,rufocinctus,Helianthella.quinquenervis,1,2,0.5
AW,2023,9,rufocinctus,Pedicularis.groenlandica,1,2,0.5
AW,2023,10,appositus,Delphinium.barbeyi,5,1,5
AW,2023,10,bifarius,Dugaldia.hoopesii,2,1,2
AW,2023,10,bifarius,Helianthella.quinquenervis,1,1,1
AW,2023,10,flavifrons,Aconitum.columbianum,6,1,6
AW,2023,10,flavifrons,Castilleja.sulphurea,1,1,1
AW,2023,10,flavifrons,Delphinium.barbeyi,9,1,9
AW,2023,10,flavifrons,Helianthella.quinquenervis,4,1,4
AW,2023,10,flavifrons,Mertensia.ciliata,2,1,2
AW,2023,10,flavifrons,Vicia.americana,1,1,1
AW,2023,10,rufocinctus,Dugaldia.hoopesii,1,1,1
AW,2023,10,rufocinctus,Helianthella.quinquenervis,2,1,2
AW,2023,11,appositus,Delphinium.barbeyi,24,1,24
AW,2023,11,bifarius,Erigeron.elatior,1,1,1
AW,2023,11,flavifrons,Aconitum.columbianum,1,1,1
AW,2023,11,flavifrons,Delphinium.barbeyi,9,1,9
AW,2023,11,flavifrons,Ligularia.bigelovii,3,1,3
AW,2023,11,mixtus,Senecio.serra,1,1,1
AW,2023,11,rufocinctus,Campanula.rotundifolia,1,1,1
AW,2023,12,appositus,Delphinium.barbeyi,7,1,7
AW,2023,12,appositus,Heliomeris.multiflora,3,1,3
AW,2023,12,bifarius,Heliomeris.multiflora,8,1,8
AW,2023,12,bifarius,Senecio.serra,1,1,1
AW,2023,12,flavifrons,Delphinium.barbeyi,2,1,2
AW,2023,12,rufocinctus,Heliomeris.multiflora,3,1,3
AW,2023,13,appositus,Gentianopsis.thermalis,1,1,1
AW,2023,13,bifarius,Heliomeris.multiflora,3,1,3
AW,2023,13,flavifrons,Delphinium.barbeyi,1,1,1
AW,2023,13,flavifrons,Gentianopsis.thermalis,1,1,1
AW,2023,13,rufocinctus,Heliomeris.multiflora,4,1,4
AW,2023,13,rufocinctus,Senecio.serra,4,1,4
AW,2023,14,appositus,Gentiana.parryi,1,1,1
AW,2023,14,appositus,Heliomeris.multiflora,1,1,1
AW,2023,14,bifarius,Heliomeris.multiflora,2,1,2
AW,2023,14,flavifrons,Heliomeris.multiflora,1,1,1
AW,2023,14,rufocinctus,Heliomeris.multiflora,4,1,4
AW,2023,15,mixtus,Cirsium.parryi,1,1,1
CC,2015,2,bifarius,Claytonia.lanceolata,3,2,1.5
CC,2015,3,bifarius,Claytonia.lanceolata,1,1,1
CC,2015,3,bifarius,Erythronium.grandiflorum,1,1,1
CC,2015,3,bifarius,Hydrophyllum.capitatum,2,1,2
CC,2015,3,bifarius,Mertensia.fusiformis,6,1,6
CC,2015,3,californicus,Mertensia.fusiformis,1,1,1
CC,2015,4,bifarius,Hydrophyllum.capitatum,1,1,1
CC,2015,4,bifarius,Mertensia.fusiformis,1,1,1
CC,2015,4,bifarius,Taraxacum.officinale,1,1,1
CC,2015,4,californicus,Delphinium.nuttallianum,1,1,1
CC,2015,4,californicus,Erythronium.grandiflorum,1,1,1
CC,2015,4,californicus,Mertensia.fusiformis,1,1,1
CC,2015,4,flavifrons,Hydrophyllum.capitatum,1,1,1
CC,2015,4,flavifrons,Mertensia.fusiformis,1,1,1
CC,2015,4,rufocinctus,Mertensia.fusiformis,1,1,1
CC,2015,5,appositus,Delphinium.nuttallianum,4,2,2
CC,2015,5,bifarius,Hydrophyllum.capitatum,1,2,0.5
CC,2015,5,californicus,Delphinium.nuttallianum,4,2,2
CC,2015,5,californicus,Hydrophyllum.capitatum,1,2,0.5
CC,2015,5,californicus,Mertensia.fusiformis,1,2,0.5
CC,2015,5,rufocinctus,Hydrophyllum.capitatum,1,2,0.5
CC,2015,6,appositus,Delphinium.nuttallianum,6,1,6
CC,2015,6,bifarius,Erythrocoma.triflora,1,1,1
CC,2015,6,bifarius,Hydrophyllum.capitatum,2,1,2
CC,2015,6,bifarius,Hydrophyllum.fendleri,2,1,2
CC,2015,6,californicus,Delphinium.nuttallianum,9,1,9
CC,2015,6,flavifrons,Delphinium.nuttallianum,3,1,3
CC,2015,6,flavifrons,Hydrophyllum.capitatum,1,1,1
CC,2015,6,flavifrons,Hydrophyllum.fendleri,1,1,1
CC,2015,6,nevadensis,Delphinium.nuttallianum,2,1,2
CC,2015,7,appositus,Delphinium.nuttallianum,7,1,7
CC,2015,7,bifarius,Frasera.speciosa,1,1,1
CC,2015,7,flavifrons,Hydrophyllum.fendleri,3,1,3
CC,2015,7,rufocinctus,Frasera.speciosa,1,1,1
CC,2015,7,rufocinctus,Lupinus.bakeri,2,1,2
CC,2015,8,appositus,Frasera.speciosa,1,2,0.5
CC,2015,8,appositus,Lupinus.bakeri,3,2,1.5
CC,2015,8,appositus,Vicia.americana,2,2,1
CC,2015,8,bifarius,Hydrophyllum.fendleri,1,2,0.5
CC,2015,8,californicus,Hydrophyllum.fendleri,1,2,0.5
CC,2015,8,californicus,Pedicularis.procera,1,2,0.5
CC,2015,8,flavifrons,Hydrophyllum.fendleri,4,2,2
CC,2015,8,flavifrons,Lupinus.bakeri,1,2,0.5
CC,2015,8,rufocinctus,Lupinus.bakeri,1,2,0.5
CC,2015,9,appositus,Delphinium.barbeyi,3,1,3
CC,2015,9,appositus,Helianthella.quinquenervis,2,1,2
CC,2015,9,appositus,Vicia.americana,2,1,2
CC,2015,9,bifarius,Helianthella.quinquenervis,8,1,8
CC,2015,9,bifarius,Lupinus.bakeri,1,1,1
CC,2015,9,californicus,Delphinium.barbeyi,1,1,1
CC,2015,9,flavifrons,Delphinium.barbeyi,3,1,3
CC,2015,9,flavifrons,Helianthella.quinquenervis,5,1,5
CC,2015,9,flavifrons,Hydrophyllum.fendleri,1,1,1
CC,2015,9,flavifrons,Vicia.americana,1,1,1
CC,2015,9,insularis,Helianthella.quinquenervis,4,1,4
CC,2015,9,mixtus,Helianthella.quinquenervis,1,1,1
CC,2015,9,rufocinctus,Helianthella.quinquenervis,2,1,2
CC,2015,10,appositus,Delphinium.barbeyi,7,1,7
CC,2015,10,appositus,Pedicularis.bracteosa,1,1,1
CC,2015,10,bifarius,Helianthella.quinquenervis,3,1,3
CC,2015,10,californicus,Delphinium.barbeyi,5,1,5
CC,2015,10,flavifrons,Aconitum.columbianum,1,1,1
CC,2015,10,flavifrons,Delphinium.barbeyi,5,1,5
CC,2015,10,flavifrons,Helianthella.quinquenervis,4,1,4
CC,2015,10,flavifrons,Lupinus.bakeri,1,1,1
CC,2015,10,flavifrons,Phacelia.heterophylla,4,1,4
CC,2015,10,flavifrons,Vicia.americana,2,1,2
CC,2015,10,insularis,Helianthella.quinquenervis,2,1,2
CC,2015,10,nevadensis,Delphinium.barbeyi,4,1,4
CC,2015,10,rufocinctus,Helianthella.quinquenervis,2,1,2
CC,2015,11,appositus,Calochortus.gunnisonii,1,1,1
CC,2015,11,appositus,Delphinium.barbeyi,10,1,10
CC,2015,11,appositus,Erigeron.speciosus,1,1,1
CC,2015,11,appositus,Pedicularis.procera,2,1,2
CC,2015,11,bifarius,Dugaldia.hoopesii,2,1,2
CC,2015,11,bifarius,Erigeron.speciosus,2,1,2
CC,2015,11,bifarius,Helianthella.quinquenervis,1,1,1
CC,2015,11,bifarius,Heliomeris.multiflora,1,1,1
CC,2015,11,bifarius,Ligularia.bigelovii,2,1,2
CC,2015,11,californicus,Delphinium.barbeyi,1,1,1
CC,2015,11,flavifrons,Aconitum.columbianum,1,1,1
CC,2015,11,flavifrons,Delphinium.barbeyi,8,1,8
CC,2015,11,flavifrons,Helianthella.quinquenervis,1,1,1
CC,2015,11,mixtus,Dugaldia.hoopesii,1,1,1
CC,2015,11,nevadensis,Delphinium.barbeyi,2,1,2
CC,2015,11,rufocinctus,Helianthella.quinquenervis,1,1,1
CC,2015,11,rufocinctus,Pyrrocoma.crocea,1,1,1
CC,2015,12,appositus,Delphinium.barbeyi,6,1,6
CC,2015,12,appositus,Vicia.americana,1,1,1
CC,2015,12,bifarius,Dugaldia.hoopesii,1,1,1
CC,2015,12,bifarius,Erigeron.elatior,1,1,1
CC,2015,12,bifarius,Erigeron.speciosus,4,1,4
CC,2015,12,bifarius,Heliomeris.multiflora,2,1,2
CC,2015,12,bifarius,Heterotheca.villosa,1,1,1
CC,2015,12,bifarius,Ligularia.bigelovii,2,1,2
CC,2015,12,bifarius,Phacelia.heterophylla,9,1,9
CC,2015,12,californicus,Delphinium.barbeyi,2,1,2
CC,2015,12,californicus,Lupinus.bakeri,1,1,1
CC,2015,12,californicus,Vicia.americana,1,1,1
CC,2015,12,flavifrons,Aconitum.columbianum,2,1,2
CC,2015,12,flavifrons,Cirsium.parryi,1,1,1
CC,2015,12,flavifrons,Delphinium.barbeyi,1,1,1
CC,2015,12,flavifrons,Helianthella.quinquenervis,1,1,1
CC,2015,12,flavifrons,Phacelia.heterophylla,1,1,1
CC,2015,12,mixtus,Ligularia.bigelovii,1,1,1
CC,2015,12,mixtus,Phacelia.heterophylla,1,1,1
CC,2015,12,nevadensis,Delphinium.barbeyi,4,1,4
CC,2015,12,rufocinctus,Campanula.rotundifolia,3,1,3
CC,2015,12,rufocinctus,Heterotheca.villosa,1,1,1
CC,2015,13,appositus,Cirsium.parryi,3,2,1.5
CC,2015,13,appositus,Delphinium.barbeyi,9,2,4.5
CC,2015,13,appositus,Heliomeris.multiflora,2,2,1
CC,2015,13,appositus,Ligularia.bigelovii,1,2,0.5
CC,2015,13,appositus,Vicia.americana,1,2,0.5
CC,2015,13,bifarius,Erigeron.speciosus,1,2,0.5
CC,2015,13,bifarius,Heliomeris.multiflora,31,2,15.5
CC,2015,13,bifarius,Heterotheca.villosa,1,2,0.5
CC,2015,13,bifarius,Ligularia.bigelovii,1,2,0.5
CC,2015,13,bifarius,Potentilla.pulcherrima,1,2,0.5
CC,2015,13,bifarius,Senecio.serra,3,2,1.5
CC,2015,13,californicus,Heliomeris.multiflora,1,2,0.5
CC,2015,13,flavifrons,Delphinium.barbeyi,12,2,6
CC,2015,13,flavifrons,Heliomeris.multiflora,19,2,9.5
CC,2015,13,flavifrons,Ligularia.bigelovii,3,2,1.5
CC,2015,13,flavifrons,Phacelia.heterophylla,1,2,0.5
CC,2015,13,flavifrons,Senecio.serra,10,2,5
CC,2015,13,insularis,Erigeron.speciosus,1,2,0.5
CC,2015,13,insularis,Heliomeris.multiflora,3,2,1.5
CC,2015,13,mixtus,Heliomeris.multiflora,2,2,1
CC,2015,13,mixtus,Senecio.serra,1,2,0.5
CC,2015,13,rufocinctus,Heliomeris.multiflora,7,2,3.5
CC,2015,14,appositus,Collomia.linearis,1,1,1
CC,2015,14,appositus,Gentiana.parryi,21,1,21
CC,2015,14,appositus,Linaria.vulgaris,1,1,1
CC,2015,14,bifarius,Heliomeris.multiflora,15,1,15
CC,2015,14,flavifrons,Eucephalus.engelmannii,1,1,1
CC,2015,14,flavifrons,Heliomeris.multiflora,18,1,18
CC,2015,14,flavifrons,Senecio.serra,2,1,2
CC,2015,14,insularis,Erigeron.speciosus,1,1,1
CC,2015,14,insularis,Heliomeris.multiflora,53,1,53
CC,2015,14,insularis,Heterotheca.villosa,2,1,2
CC,2015,14,mixtus,Heliomeris.multiflora,2,1,2
CC,2015,14,mixtus,Senecio.serra,1,1,1
CC,2015,14,rufocinctus,Erigeron.speciosus,2,1,2
CC,2015,14,rufocinctus,Heliomeris.multiflora,19,1,19
CC,2015,15,appositus,Agoseris.glauca,1,1,1
CC,2015,15,appositus,Gentiana.parryi,1,1,1
CC,2015,15,appositus,Heliomeris.multiflora,1,1,1
CC,2015,15,bifarius,Agoseris.glauca,1,1,1
CC,2015,15,bifarius,Heliomeris.multiflora,14,1,14
CC,2015,15,flavifrons,Heliomeris.multiflora,16,1,16
CC,2015,15,flavifrons,Senecio.serra,2,1,2
CC,2015,15,insularis,Agoseris.glauca,1,1,1
CC,2015,15,insularis,Heliomeris.multiflora,42,1,42
CC,2015,15,rufocinctus,Heliomeris.multiflora,5,1,5
CC,2015,16,bifarius,Heliomeris.multiflora,11,1,11
CC,2015,16,insularis,Aster.foliaceus,1,1,1
CC,2015,16,insularis,Heliomeris.multiflora,3,1,3
CC,2016,3,bifarius,Claytonia.lanceolata,1,1,1
CC,2016,3,bifarius,Mertensia.fusiformis,3,1,3
CC,2016,4,bifarius,Claytonia.lanceolata,2,1,2
CC,2016,4,bifarius,Mertensia.fusiformis,3,1,3
CC,2016,5,bifarius,Claytonia.lanceolata,1,1,1
CC,2016,5,californicus,Mertensia.fusiformis,1,1,1
CC,2016,5,insularis,Claytonia.lanceolata,1,1,1
CC,2016,6,appositus,Delphinium.nuttallianum,4,1,4
CC,2016,6,bifarius,Mertensia.fusiformis,3,1,3
CC,2016,6,bifarius,Salix.sp,1,1,1
CC,2016,6,californicus,Delphinium.nuttallianum,3,1,3
CC,2016,6,californicus,Mertensia.fusiformis,1,1,1
CC,2016,6,flavifrons,Hydrophyllum.capitatum,1,1,1
CC,2016,6,flavifrons,Mertensia.fusiformis,2,1,2
CC,2016,6,rufocinctus,Mertensia.fusiformis,1,1,1
CC,2016,7,appositus,Delphinium.nuttallianum,14,1,14
CC,2016,7,bifarius,Hydrophyllum.capitatum,2,1,2
CC,2016,7,bifarius,Lupinus.bakeri,2,1,2
CC,2016,7,bifarius,Taraxacum.officinale,1,1,1
CC,2016,7,californicus,Delphinium.nuttallianum,3,1,3
CC,2016,7,californicus,Lathyrus.leucanthus,2,1,2
CC,2016,7,californicus,Lupinus.bakeri,1,1,1
CC,2016,7,flavifrons,Delphinium.nuttallianum,8,1,8
CC,2016,7,flavifrons,Hydrophyllum.capitatum,2,1,2
CC,2016,7,flavifrons,Hydrophyllum.fendleri,3,1,3
CC,2016,7,rufocinctus,Viola.praemorsa,1,1,1
CC,2016,8,appositus,Delphinium.nuttallianum,9,1,9
CC,2016,8,bifarius,Hydrophyllum.fendleri,6,1,6
CC,2016,8,bifarius,Lupinus.bakeri,1,1,1
CC,2016,8,californicus,Delphinium.nuttallianum,1,1,1
CC,2016,8,californicus,Lathyrus.leucanthus,1,1,1
CC,2016,8,flavifrons,Frasera.speciosa,1,1,1
CC,2016,8,flavifrons,Hydrophyllum.fendleri,1,1,1
CC,2016,8,insularis,Hydrophyllum.fendleri,2,1,2
CC,2016,8,rufocinctus,Lupinus.bakeri,2,1,2
CC,2016,9,appositus,Vicia.americana,1,1,1
CC,2016,9,bifarius,Frasera.speciosa,3,1,3
CC,2016,9,bifarius,Hydrophyllum.fendleri,3,1,3
CC,2016,9,bifarius,Lupinus.bakeri,1,1,1
CC,2016,9,flavifrons,Hydrophyllum.fendleri,3,1,3
CC,2016,9,flavifrons,Lathyrus.leucanthus,1,1,1
CC,2016,9,flavifrons,Vicia.americana,1,1,1
CC,2016,9,insularis,Hydrophyllum.fendleri,3,1,3
CC,2016,9,rufocinctus,Frasera.speciosa,1,1,1
CC,2016,10,appositus,Lathyrus.leucanthus,2,1,2
CC,2016,10,bifarius,Dugaldia.hoopesii,1,1,1
CC,2016,10,bifarius,Hydrophyllum.fendleri,2,1,2
CC,2016,10,bifarius,Lupinus.bakeri,1,1,1
CC,2016,10,californicus,Lathyrus.leucanthus,1,1,1
CC,2016,10,flavifrons,Delphinium.barbeyi,1,1,1
CC,2016,10,flavifrons,Hydrophyllum.fendleri,1,1,1
CC,2016,10,flavifrons,Lathyrus.leucanthus,1,1,1
CC,2016,10,flavifrons,Phacelia.heterophylla,1,1,1
CC,2016,10,flavifrons,Vicia.americana,1,1,1
CC,2016,10,insularis,Helianthella.quinquenervis,2,1,2
CC,2016,10,insularis,Hydrophyllum.fendleri,1,1,1
CC,2016,10,rufocinctus,Hydrophyllum.fendleri,2,1,2
CC,2016,11,appositus,Delphinium.barbeyi,8,1,8
CC,2016,11,bifarius,Dugaldia.hoopesii,1,1,1
CC,2016,11,bifarius,Helianthella.quinquenervis,6,1,6
CC,2016,11,californicus,Delphinium.barbeyi,1,1,1
CC,2016,11,flavifrons,Delphinium.barbeyi,3,1,3
CC,2016,11,flavifrons,Helianthella.quinquenervis,4,1,4
CC,2016,11,flavifrons,Phacelia.heterophylla,3,1,3
CC,2016,11,flavifrons,Vicia.americana,1,1,1
CC,2016,11,insularis,Helianthella.quinquenervis,4,1,4
CC,2016,11,nevadensis,Delphinium.barbeyi,2,1,2
CC,2016,12,appositus,Delphinium.barbeyi,18,1,18
CC,2016,12,appositus,Pedicularis.procera,1,1,1
CC,2016,12,bifarius,Dugaldia.hoopesii,3,1,3
CC,2016,12,bifarius,Helianthella.quinquenervis,12,1,12
CC,2016,12,bifarius,Heliomeris.multiflora,2,1,2
CC,2016,12,bifarius,Phacelia.heterophylla,1,1,1
CC,2016,12,flavifrons,Delphinium.barbeyi,9,1,9
CC,2016,12,flavifrons,Helianthella.quinquenervis,1,1,1
CC,2016,12,flavifrons,Heliomeris.multiflora,1,1,1
CC,2016,12,insularis,Dugaldia.hoopesii,2,1,2
CC,2016,12,insularis,Helianthella.quinquenervis,3,1,3
CC,2016,12,nevadensis,Delphinium.barbeyi,3,1,3
CC,2016,12,occidentalis,Pyrrocoma.crocea,1,1,1
CC,2016,12,rufocinctus,Helianthella.quinquenervis,1,1,1
CC,2016,13,appositus,Delphinium.barbeyi,17,1,17
CC,2016,13,bifarius,Campanula.rotundifolia,1,1,1
CC,2016,13,bifarius,Dugaldia.hoopesii,6,1,6
CC,2016,13,bifarius,Erigeron.elatior,1,1,1
CC,2016,13,bifarius,Heliomeris.multiflora,1,1,1
CC,2016,13,bifarius,Ligularia.bigelovii,1,1,1
CC,2016,13,flavifrons,Aconitum.columbianum,1,1,1
CC,2016,13,flavifrons,Delphinium.barbeyi,6,1,6
CC,2016,13,flavifrons,Heliomeris.multiflora,1,1,1
CC,2016,13,insularis,Dugaldia.hoopesii,3,1,3
CC,2016,13,insularis,Heterotheca.villosa,2,1,2
CC,2016,13,insularis,Ligularia.bigelovii,7,1,7
CC,2016,13,rufocinctus,Erigeron.elatior,1,1,1
CC,2016,14,appositus,Delphinium.barbeyi,11,1,11
CC,2016,14,bifarius,Erigeron.speciosus,1,1,1
CC,2016,14,bifarius,Heliomeris.multiflora,11,1,11
CC,2016,14,bifarius,Ligularia.bigelovii,5,1,5
CC,2016,14,flavifrons,Aconitum.columbianum,2,1,2
CC,2016,14,flavifrons,Delphinium.barbeyi,4,1,4
CC,2016,14,flavifrons,Ligularia.bigelovii,1,1,1
CC,2016,14,insularis,Dugaldia.hoopesii,1,1,1
CC,2016,14,insularis,Heliomeris.multiflora,9,1,9
CC,2016,14,insularis,Ligularia.bigelovii,20,1,20
CC,2016,14,rufocinctus,Heliomeris.multiflora,1,1,1
CC,2016,15,appositus,Gentiana.parryi,1,1,1
CC,2016,15,bifarius,Erigeron.elatior,1,1,1
CC,2016,15,bifarius,Heliomeris.multiflora,11,1,11
CC,2016,15,flavifrons,Aconitum.columbianum,1,1,1
CC,2016,15,flavifrons,Erigeron.elatior,2,1,2
CC,2016,15,flavifrons,Heliomeris.multiflora,2,1,2
CC,2016,15,insularis,Erigeron.elatior,10,1,10
CC,2016,15,insularis,Heliomeris.multiflora,94,1,94
CC,2016,15,insularis,Ligularia.bigelovii,13,1,13
CC,2016,15,rufocinctus,Erigeron.elatior,1,1,1
CC,2016,16,bifarius,Heliomeris.multiflora,41,1,41
CC,2016,16,flavifrons,Heliomeris.multiflora,8,1,8
CC,2016,16,insularis,Heliomeris.multiflora,17,1,17
CC,2016,16,mixtus,Heliomeris.multiflora,1,1,1
CC,2016,16,occidentalis,Heliomeris.multiflora,1,1,1
CC,2016,16,rufocinctus,Heliomeris.multiflora,3,1,3
CC,2016,17,appositus,Gentiana.parryi,1,1,1
CC,2016,17,bifarius,Heliomeris.multiflora,14,1,14
CC,2016,17,californicus,Agoseris.glauca,1,1,1
CC,2016,17,insularis,Agoseris.glauca,1,1,1
CC,2016,17,insularis,Dugaldia.hoopesii,1,1,1
CC,2016,17,insularis,Heliomeris.multiflora,56,1,56
CC,2016,18,insularis,Heliomeris.multiflora,3,1,3
CC,2017,1,bifarius,Claytonia.lanceolata,1,1,1
CC,2017,2,bifarius,Claytonia.lanceolata,4,2,2
CC,2017,2,bifarius,Erythronium.grandiflorum,1,2,0.5
CC,2017,2,bifarius,Mertensia.fusiformis,2,2,1
CC,2017,2,bifarius,Salix.sp,1,2,0.5
CC,2017,3,bifarius,Claytonia.lanceolata,1,1,1
CC,2017,3,bifarius,Erythronium.grandiflorum,6,1,6
CC,2017,3,bifarius,Mertensia.fusiformis,1,1,1
CC,2017,3,flavifrons,Erythronium.grandiflorum,1,1,1
CC,2017,3,rufocinctus,Erythronium.grandiflorum,2,1,2
CC,2017,4,appositus,Delphinium.nuttallianum,2,1,2
CC,2017,4,bifarius,Taraxacum.officinale,1,1,1
CC,2017,4,flavifrons,Hydrophyllum.capitatum,2,1,2
CC,2017,4,rufocinctus,Mertensia.fusiformis,4,1,4
CC,2017,5,appositus,Delphinium.nuttallianum,3,1,3
CC,2017,5,bifarius,Hydrophyllum.capitatum,1,1,1
CC,2017,5,californicus,Delphinium.nuttallianum,2,1,2
CC,2017,5,flavifrons,Hydrophyllum.capitatum,2,1,2
CC,2017,5,flavifrons,Hydrophyllum.fendleri,3,1,3
CC,2017,5,flavifrons,Lathyrus.leucanthus,1,1,1
CC,2017,5,mixtus,Hydrophyllum.fendleri,1,1,1
CC,2017,6,appositus,Delphinium.nuttallianum,3,1,3
CC,2017,6,appositus,Lathyrus.leucanthus,1,1,1
CC,2017,6,bifarius,Hydrophyllum.fendleri,2,1,2
CC,2017,6,bifarius,Lathyrus.leucanthus,1,1,1
CC,2017,6,californicus,Lathyrus.leucanthus,3,1,3
CC,2017,6,flavifrons,Hydrophyllum.fendleri,4,1,4
CC,2017,6,flavifrons,Lathyrus.leucanthus,2,1,2
CC,2017,6,flavifrons,Lupinus.bakeri,1,1,1
CC,2017,6,rufocinctus,Frasera.speciosa,4,1,4
CC,2017,7,appositus,Lathyrus.leucanthus,1,1,1
CC,2017,7,appositus,Vicia.americana,1,1,1
CC,2017,7,bifarius,Frasera.speciosa,5,1,5
CC,2017,7,bifarius,Hydrophyllum.fendleri,1,1,1
CC,2017,7,bifarius,Vicia.americana,1,1,1
CC,2017,7,californicus,Lathyrus.leucanthus,1,1,1
CC,2017,7,flavifrons,Hydrophyllum.fendleri,7,1,7
CC,2017,7,flavifrons,Lathyrus.leucanthus,3,1,3
CC,2017,7,flavifrons,Vicia.americana,1,1,1
CC,2017,7,insularis,Hydrophyllum.fendleri,2,1,2
CC,2017,7,rufocinctus,Hydrophyllum.fendleri,1,1,1
CC,2017,7,rufocinctus,Phacelia.heterophylla,1,1,1
CC,2017,8,appositus,Delphinium.barbeyi,21,1,21
CC,2017,8,appositus,Pedicularis.procera,1,1,1
CC,2017,8,bifarius,Frasera.speciosa,6,1,6
CC,2017,8,bifarius,Helianthella.quinquenervis,4,1,4
CC,2017,8,bifarius,Phacelia.heterophylla,2,1,2
CC,2017,8,californicus,Delphinium.barbeyi,1,1,1
CC,2017,8,flavifrons,Aconitum.columbianum,5,1,5
CC,2017,8,flavifrons,Delphinium.barbeyi,6,1,6
CC,2017,8,flavifrons,Frasera.speciosa,7,1,7
CC,2017,8,flavifrons,Geranium.richardsonii,2,1,2
CC,2017,8,flavifrons,Helianthella.quinquenervis,2,1,2
CC,2017,8,flavifrons,Hydrophyllum.fendleri,2,1,2
CC,2017,8,flavifrons,Phacelia.heterophylla,3,1,3
CC,2017,8,flavifrons,Vicia.americana,5,1,5
CC,2017,8,insularis,Dugaldia.hoopesii,1,1,1
CC,2017,8,insularis,Frasera.speciosa,1,1,1
CC,2017,8,insularis,Helianthella.quinquenervis,5,1,5
CC,2017,8,insularis,Phacelia.heterophylla,1,1,1
CC,2017,8,rufocinctus,Frasera.speciosa,1,1,1
CC,2017,8,rufocinctus,Helianthella.quinquenervis,1,1,1
CC,2017,8,rufocinctus,Phacelia.heterophylla,1,1,1
CC,2017,8,rufocinctus,Potentilla.pulcherrima,1,1,1
CC,2017,9,appositus,Delphinium.barbeyi,20,1,20
CC,2017,9,bifarius,Hackelia.floribunda,2,1,2
CC,2017,9,bifarius,Heracleum.sphondylium,1,1,1
CC,2017,9,bifarius,Potentilla.pulcherrima,3,1,3
CC,2017,9,bifarius,Pyrrocoma.crocea,1,1,1
CC,2017,9,californicus,Delphinium.barbeyi,2,1,2
CC,2017,9,flavifrons,Aconitum.columbianum,11,1,11
CC,2017,9,flavifrons,Delphinium.barbeyi,1,1,1
CC,2017,9,flavifrons,Dugaldia.hoopesii,1,1,1
CC,2017,9,flavifrons,Geranium.richardsonii,1,1,1
CC,2017,9,flavifrons,Helianthella.quinquenervis,3,1,3
CC,2017,9,insularis,Phacelia.heterophylla,1,1,1
CC,2017,9,nevadensis,Delphinium.barbeyi,2,1,2
CC,2017,9,rufocinctus,Dugaldia.hoopesii,1,1,1
CC,2017,9,rufocinctus,Potentilla.pulcherrima,1,1,1
CC,2017,10,appositus,Delphinium.barbeyi,14,1,14
CC,2017,10,bifarius,Campanula.rotundifolia,1,1,1
CC,2017,10,bifarius,Dugaldia.hoopesii,5,1,5
CC,2017,10,bifarius,Erigeron.speciosus,4,1,4
CC,2017,10,bifarius,Heterotheca.villosa,1,1,1
CC,2017,10,bifarius,Potentilla.pulcherrima,1,1,1
CC,2017,10,californicus,Delphinium.barbeyi,2,1,2
CC,2017,10,flavifrons,Aconitum.columbianum,4,1,4
CC,2017,10,flavifrons,Delphinium.barbeyi,2,1,2
CC,2017,10,flavifrons,Dugaldia.hoopesii,2,1,2
CC,2017,10,flavifrons,Geranium.richardsonii,2,1,2
CC,2017,10,flavifrons,Helianthella.quinquenervis,1,1,1
CC,2017,10,flavifrons,Heterotheca.villosa,1,1,1
CC,2017,10,insularis,Dugaldia.hoopesii,2,1,2
CC,2017,10,insularis,Erigeron.speciosus,1,1,1
CC,2017,10,insularis,Heterotheca.villosa,1,1,1
CC,2017,10,nevadensis,Delphinium.barbeyi,5,1,5
CC,2017,10,rufocinctus,Dugaldia.hoopesii,2,1,2
CC,2017,10,rufocinctus,Potentilla.pulcherrima,1,1,1
CC,2017,11,appositus,Delphinium.barbeyi,14,1,14
CC,2017,11,bifarius,Dugaldia.hoopesii,7,1,7
CC,2017,11,bifarius,Erigeron.speciosus,5,1,5
CC,2017,11,bifarius,Hackelia.floribunda,3,1,3
CC,2017,11,bifarius,Helianthella.quinquenervis,1,1,1
CC,2017,11,bifarius,Heliomeris.multiflora,1,1,1
CC,2017,11,bifarius,Pyrrocoma.crocea,3,1,3
CC,2017,11,bifarius,Senecio.serra,1,1,1
CC,2017,11,flavifrons,Aconitum.columbianum,1,1,1
CC,2017,11,flavifrons,Delphinium.barbeyi,8,1,8
CC,2017,11,flavifrons,Dugaldia.hoopesii,2,1,2
CC,2017,11,insularis,Dugaldia.hoopesii,1,1,1
CC,2017,11,insularis,Heterotheca.villosa,1,1,1
CC,2017,11,nevadensis,Delphinium.barbeyi,1,1,1
CC,2017,11,rufocinctus,Dugaldia.hoopesii,3,1,3
CC,2017,11,rufocinctus,Erigeron.speciosus,3,1,3
CC,2017,12,appositus,Delphinium.barbeyi,1,1,1
CC,2017,12,appositus,Erigeron.speciosus,1,1,1
CC,2017,12,appositus,Heliomeris.multiflora,3,1,3
CC,2017,12,appositus,Pyrrocoma.crocea,1,1,1
CC,2017,12,bifarius,Dugaldia.hoopesii,1,1,1
CC,2017,12,bifarius,Heliomeris.multiflora,21,1,21
CC,2017,12,flavifrons,Aconitum.columbianum,2,1,2
CC,2017,12,flavifrons,Delphinium.barbeyi,1,1,1
CC,2017,12,flavifrons,Ligularia.bigelovii,1,1,1
CC,2017,12,insularis,Heliomeris.multiflora,1,1,1
CC,2017,12,mixtus,Heliomeris.multiflora,1,1,1
CC,2017,12,occidentalis,Heliomeris.multiflora,1,1,1
CC,2017,12,rufocinctus,Heliomeris.multiflora,2,1,2
CC,2017,13,appositus,Heliomeris.multiflora,2,1,2
CC,2017,13,appositus,Ligularia.bigelovii,1,1,1
CC,2017,13,bifarius,Erigeron.speciosus,1,1,1
CC,2017,13,bifarius,Heliomeris.multiflora,30,1,30
CC,2017,13,flavifrons,Heliomeris.multiflora,6,1,6
CC,2017,13,insularis,Heliomeris.multiflora,41,1,41
CC,2017,13,insularis,Heterotheca.villosa,2,1,2
CC,2017,13,insularis,Pyrrocoma.crocea,3,1,3
CC,2017,13,occidentalis,Heliomeris.multiflora,4,1,4
CC,2017,13,rufocinctus,Heliomeris.multiflora,3,1,3
CC,2017,14,appositus,Gentiana.parryi,2,1,2
CC,2017,14,appositus,Heliomeris.multiflora,1,1,1
CC,2017,14,bifarius,Heliomeris.multiflora,3,1,3
CC,2017,14,bifarius,Heterotheca.villosa,1,1,1
CC,2017,14,flavifrons,Heliomeris.multiflora,5,1,5
CC,2017,14,insularis,Heliomeris.multiflora,37,1,37
CC,2017,14,insularis,Heterotheca.villosa,11,1,11
CC,2017,14,rufocinctus,Heliomeris.multiflora,2,1,2
CC,2017,15,appositus,Gentiana.parryi,2,1,2
CC,2017,15,flavifrons,Heliomeris.multiflora,4,1,4
CC,2017,15,insularis,Heliomeris.multiflora,25,1,25
CC,2017,15,rufocinctus,Heliomeris.multiflora,1,1,1
CC,2017,16,insularis,Heterotheca.villosa,3,1,3
CC,2018,3,bifarius,Claytonia.lanceolata,1,1,1
CC,2018,4,bifarius,Mertensia.fusiformis,1,1,1
CC,2018,4,bifarius,Salix.sp,3,1,3
CC,2018,5,bifarius,Erythronium.grandiflorum,1,1,1
CC,2018,5,bifarius,Mertensia.fusiformis,2,1,2
CC,2018,5,bifarius,Salix.sp,2,1,2
CC,2018,6,bifarius,Hydrophyllum.capitatum,2,1,2
CC,2018,6,bifarius,Salix.sp,3,1,3
CC,2018,6,flavifrons,Hydrophyllum.capitatum,1,1,1
CC,2018,6,occidentalis,Salix.sp,1,1,1
CC,2018,6,rufocinctus,Salix.sp,1,1,1
CC,2018,7,appositus,Delphinium.nuttallianum,5,1,5
CC,2018,7,flavifrons,Delphinium.nuttallianum,1,1,1
CC,2018,8,appositus,Delphinium.nuttallianum,6,1,6
CC,2018,8,bifarius,Hydrophyllum.fendleri,4,1,4
CC,2018,8,californicus,Delphinium.nuttallianum,3,1,3
CC,2018,8,californicus,Lathyrus.leucanthus,1,1,1
CC,2018,8,flavifrons,Delphinium.nuttallianum,1,1,1
CC,2018,8,flavifrons,Hydrophyllum.fendleri,9,1,9
CC,2018,8,occidentalis,Hydrophyllum.fendleri,1,1,1
CC,2018,8,rufocinctus,Lupinus.bakeri,1,1,1
CC,2018,9,bifarius,Hydrophyllum.fendleri,3,1,3
CC,2018,9,flavifrons,Hydrophyllum.fendleri,2,1,2
CC,2018,9,flavifrons,Lupinus.bakeri,1,1,1
CC,2018,9,flavifrons,Vicia.americana,3,1,3
CC,2018,9,insularis,Hydrophyllum.fendleri,4,1,4
CC,2018,9,rufocinctus,Hydrophyllum.fendleri,2,1,2
CC,2018,10,appositus,Delphinium.barbeyi,2,1,2
CC,2018,10,bifarius,Helianthella.quinquenervis,2,1,2
CC,2018,10,flavifrons,Delphinium.barbeyi,3,1,3
CC,2018,10,flavifrons,Vicia.americana,1,1,1
CC,2018,10,insularis,Helianthella.quinquenervis,2,1,2
CC,2018,10,insularis,Hydrophyllum.fendleri,1,1,1
CC,2018,11,appositus,Delphinium.barbeyi,7,1,7
CC,2018,11,appositus,Potentilla.pulcherrima,1,1,1
CC,2018,11,bifarius,Helianthella.quinquenervis,4,1,4
CC,2018,11,californicus,Delphinium.barbeyi,1,1,1
CC,2018,11,flavifrons,Aconitum.columbianum,1,1,1
CC,2018,11,flavifrons,Delphinium.barbeyi,9,1,9
CC,2018,11,flavifrons,Helianthella.quinquenervis,1,1,1
CC,2018,11,flavifrons,Potentilla.pulcherrima,1,1,1
CC,2018,11,flavifrons,Vicia.americana,1,1,1
CC,2018,11,insularis,Helianthella.quinquenervis,9,1,9
CC,2018,11,occidentalis,Heracleum.sphondylium,1,1,1
CC,2018,11,rufocinctus,Helianthella.quinquenervis,1,1,1
CC,2018,12,appositus,Delphinium.barbeyi,11,1,11
CC,2018,12,bifarius,Adenolinum.lewisii,1,1,1
CC,2018,12,bifarius,Dugaldia.hoopesii,2,1,2
CC,2018,12,bifarius,Helianthella.quinquenervis,4,1,4
CC,2018,12,bifarius,Heliomeris.multiflora,3,1,3
CC,2018,12,bifarius,Potentilla.pulcherrima,1,1,1
CC,2018,12,flavifrons,Aconitum.columbianum,1,1,1
CC,2018,12,flavifrons,Delphinium.barbeyi,7,1,7
CC,2018,12,flavifrons,Dugaldia.hoopesii,1,1,1
CC,2018,12,flavifrons,Helianthella.quinquenervis,1,1,1
CC,2018,12,insularis,Dugaldia.hoopesii,2,1,2
CC,2018,12,insularis,Helianthella.quinquenervis,5,1,5
CC,2018,12,insularis,Heliomeris.multiflora,1,1,1
CC,2018,12,nevadensis,Delphinium.barbeyi,1,1,1
CC,2018,12,rufocinctus,Helianthella.quinquenervis,1,1,1
CC,2018,13,appositus,Delphinium.barbeyi,4,1,4
CC,2018,13,bifarius,Dugaldia.hoopesii,2,1,2
CC,2018,13,bifarius,Erigeron.elatior,2,1,2
CC,2018,13,bifarius,Erigeron.speciosus,10,1,10
CC,2018,13,bifarius,Heliomeris.multiflora,15,1,15
CC,2018,13,bifarius,Heterotheca.villosa,1,1,1
CC,2018,13,bifarius,Ligularia.bigelovii,2,1,2
CC,2018,13,flavifrons,Delphinium.barbeyi,3,1,3
CC,2018,13,flavifrons,Heliomeris.multiflora,1,1,1
CC,2018,13,flavifrons,Ligularia.bigelovii,1,1,1
CC,2018,13,flavifrons,Senecio.serra,1,1,1
CC,2018,13,insularis,Dugaldia.hoopesii,2,1,2
CC,2018,13,insularis,Erigeron.speciosus,4,1,4
CC,2018,13,mixtus,Erigeron.speciosus,1,1,1
CC,2018,13,mixtus,Senecio.serra,1,1,1
CC,2018,13,rufocinctus,Erigeron.speciosus,1,1,1
CC,2018,14,appositus,Cirsium.parryi,1,1,1
CC,2018,14,bifarius,Erigeron.elatior,1,1,1
CC,2018,14,bifarius,Erigeron.speciosus,2,1,2
CC,2018,14,bifarius,Heliomeris.multiflora,50,1,50
CC,2018,14,bifarius,Heterotheca.villosa,2,1,2
CC,2018,14,bifarius,Ligularia.bigelovii,1,1,1
CC,2018,14,californicus,Ligularia.bigelovii,1,1,1
CC,2018,14,flavifrons,Ligularia.bigelovii,1,1,1
CC,2018,14,flavifrons,Senecio.serra,1,1,1
CC,2018,14,insularis,Dugaldia.hoopesii,6,1,6
CC,2018,14,insularis,Erigeron.elatior,1,1,1
CC,2018,14,insularis,Erigeron.speciosus,2,1,2
CC,2018,14,insularis,Heliomeris.multiflora,27,1,27
CC,2018,14,insularis,Heterotheca.villosa,1,1,1
CC,2018,14,insularis,Ligularia.bigelovii,23,1,23
CC,2018,14,occidentalis,Ligularia.bigelovii,1,1,1
CC,2018,15,bifarius,Erigeron.speciosus,1,1,1
CC,2018,15,bifarius,Heliomeris.multiflora,27,1,27
CC,2018,15,flavifrons,Heliomeris.multiflora,2,1,2
CC,2018,15,flavifrons,Senecio.serra,1,1,1
CC,2018,15,insularis,Heliomeris.multiflora,73,1,73
CC,2018,15,insularis,Heterotheca.villosa,4,1,4
CC,2018,15,insularis,Ligularia.bigelovii,10,1,10
CC,2018,15,insularis,Senecio.serra,3,1,3
CC,2018,15,mixtus,Heliomeris.multiflora,1,1,1
CC,2018,15,mixtus,Senecio.serra,1,1,1
CC,2018,15,rufocinctus,Heliomeris.multiflora,2,1,2
CC,2018,16,bifarius,Heliomeris.multiflora,2,1,2
CC,2018,16,insularis,Heliomeris.multiflora,16,1,16
CC,2018,16,mixtus,Heliomeris.multiflora,1,1,1
CC,2018,17,bifarius,Heliomeris.multiflora,3,1,3
CC,2018,17,insularis,Heliomeris.multiflora,19,1,19
CC,2018,17,insularis,Heterotheca.villosa,1,1,1
CC,2018,17,rufocinctus,Heliomeris.multiflora,1,1,1
CC,2018,18,insularis,Aster.foliaceus,1,1,1
CC,2018,18,insularis,Heliomeris.multiflora,1,1,1
CC,2019,3,insularis,Salix.sp,1,1,1
CC,2019,4,flavifrons,Hydrophyllum.fendleri,1,1,1
CC,2019,5,appositus,Delphinium.nuttallianum,1,1,1
CC,2019,5,bifarius,Hydrophyllum.capitatum,2,1,2
CC,2019,6,appositus,Delphinium.nuttallianum,1,1,1
CC,2019,6,insularis,Frasera.speciosa,2,1,2
CC,2019,6,nevadensis,Frasera.speciosa,1,1,1
CC,2019,7,appositus,Delphinium.nuttallianum,1,1,1
CC,2019,7,bifarius,Frasera.speciosa,1,1,1
CC,2019,7,bifarius,Hydrophyllum.fendleri,1,1,1
CC,2019,7,californicus,Delphinium.nuttallianum,1,1,1
CC,2019,7,flavifrons,Frasera.speciosa,1,1,1
CC,2019,7,flavifrons,Lupinus.bakeri,1,1,1
CC,2019,7,insularis,Frasera.speciosa,1,1,1
CC,2019,7,nevadensis,Frasera.speciosa,1,1,1
CC,2019,7,rufocinctus,Frasera.speciosa,1,1,1
CC,2019,8,appositus,Delphinium.barbeyi,2,1,2
CC,2019,8,flavifrons,Frasera.speciosa,1,1,1
CC,2019,8,flavifrons,Lupinus.bakeri,3,1,3
CC,2019,8,nevadensis,Delphinium.barbeyi,1,1,1
CC,2019,8,nevadensis,Frasera.speciosa,5,1,5
CC,2019,8,nevadensis,Lupinus.bakeri,1,1,1
CC,2019,9,appositus,Delphinium.barbeyi,10,1,10
CC,2019,9,appositus,Pentaphylloides.floribunda,1,1,1
CC,2019,9,bifarius,Frasera.speciosa,4,1,4
CC,2019,9,bifarius,Helianthella.quinquenervis,1,1,1
CC,2019,9,bifarius,Heracleum.sphondylium,2,1,2
CC,2019,9,bifarius,Lupinus.bakeri,1,1,1
CC,2019,9,bifarius,Potentilla.pulcherrima,1,1,1
CC,2019,9,flavifrons,Aconitum.columbianum,3,1,3
CC,2019,9,flavifrons,Delphinium.barbeyi,30,1,30
CC,2019,9,flavifrons,Lupinus.bakeri,2,1,2
CC,2019,9,flavifrons,Potentilla.pulcherrima,1,1,1
CC,2019,9,insularis,Helianthella.quinquenervis,2,1,2
CC,2019,9,mixtus,Potentilla.pulcherrima,1,1,1
CC,2019,9,nevadensis,Delphinium.barbeyi,3,1,3
CC,2019,9,rufocinctus,Frasera.speciosa,1,1,1
CC,2019,9,rufocinctus,Lupinus.bakeri,1,1,1
CC,2019,10,appositus,Delphinium.barbeyi,19,1,19
CC,2019,10,appositus,Erigeron.speciosus,1,1,1
CC,2019,10,appositus,Potentilla.pulcherrima,1,1,1
CC,2019,10,bifarius,Erigeron.speciosus,3,1,3
CC,2019,10,bifarius,Frasera.speciosa,2,1,2
CC,2019,10,bifarius,Helianthella.quinquenervis,1,1,1
CC,2019,10,californicus,Delphinium.barbeyi,2,1,2
CC,2019,10,flavifrons,Aconitum.columbianum,1,1,1
CC,2019,10,flavifrons,Delphinium.barbeyi,35,1,35
CC,2019,10,flavifrons,Dugaldia.hoopesii,1,1,1
CC,2019,10,flavifrons,Frasera.speciosa,4,1,4
CC,2019,10,flavifrons,Helianthella.quinquenervis,1,1,1
CC,2019,10,flavifrons,Phacelia.heterophylla,1,1,1
CC,2019,10,flavifrons,Potentilla.pulcherrima,2,1,2
CC,2019,10,insularis,Erigeron.speciosus,3,1,3
CC,2019,10,insularis,Helianthella.quinquenervis,2,1,2
CC,2019,10,mixtus,Frasera.speciosa,2,1,2
CC,2019,10,mixtus,Geranium.richardsonii,1,1,1
CC,2019,10,mixtus,Potentilla.pulcherrima,1,1,1
CC,2019,10,nevadensis,Delphinium.barbeyi,3,1,3
CC,2019,10,rufocinctus,Calochortus.gunnisonii,1,1,1
CC,2019,10,rufocinctus,Erigeron.speciosus,1,1,1
CC,2019,10,rufocinctus,Potentilla.pulcherrima,1,1,1
CC,2019,11,appositus,Delphinium.barbeyi,27,1,27
CC,2019,11,appositus,Erigeron.speciosus,1,1,1
CC,2019,11,appositus,Frasera.speciosa,1,1,1
CC,2019,11,bifarius,Calochortus.gunnisonii,1,1,1
CC,2019,11,bifarius,Erigeron.speciosus,5,1,5
CC,2019,11,bifarius,Frasera.speciosa,1,1,1
CC,2019,11,bifarius,Heracleum.sphondylium,1,1,1
CC,2019,11,bifarius,Potentilla.pulcherrima,3,1,3
CC,2019,11,californicus,Delphinium.barbeyi,2,1,2
CC,2019,11,flavifrons,Cirsium.parryi,1,1,1
CC,2019,11,flavifrons,Delphinium.barbeyi,48,1,48
CC,2019,11,flavifrons,Erigeron.elatior,1,1,1
CC,2019,11,flavifrons,Erigeron.speciosus,2,1,2
CC,2019,11,flavifrons,Frasera.speciosa,2,1,2
CC,2019,11,flavifrons,Helianthella.quinquenervis,2,1,2
CC,2019,11,flavifrons,Heliomeris.multiflora,1,1,1
CC,2019,11,flavifrons,Ligularia.bigelovii,2,1,2
CC,2019,11,flavifrons,Phacelia.heterophylla,1,1,1
CC,2019,11,mixtus,Frasera.speciosa,1,1,1
CC,2019,11,nevadensis,Delphinium.barbeyi,3,1,3
CC,2019,11,rufocinctus,Erigeron.speciosus,2,1,2
CC,2019,11,rufocinctus,Helianthella.quinquenervis,1,1,1
CC,2019,12,appositus,Delphinium.barbeyi,38,1,38
CC,2019,12,appositus,Heliomeris.multiflora,3,1,3
CC,2019,12,bifarius,Erigeron.speciosus,1,1,1
CC,2019,12,bifarius,Heliomeris.multiflora,57,1,57
CC,2019,12,bifarius,Senecio.serra,6,1,6
CC,2019,12,californicus,Delphinium.barbeyi,1,1,1
CC,2019,12,flavifrons,Adenolinum.lewisii,1,1,1
CC,2019,12,flavifrons,Cirsium.parryi,1,1,1
CC,2019,12,flavifrons,Delphinium.barbeyi,19,1,19
CC,2019,12,flavifrons,Helianthella.quinquenervis,1,1,1
CC,2019,12,flavifrons,Heliomeris.multiflora,34,1,34
CC,2019,12,flavifrons,Ligularia.bigelovii,1,1,1
CC,2019,12,flavifrons,Senecio.serra,7,1,7
CC,2019,12,mixtus,Heliomeris.multiflora,5,1,5
CC,2019,12,nevadensis,Delphinium.barbeyi,1,1,1
CC,2019,12,rufocinctus,Heliomeris.multiflora,5,1,5
CC,2019,13,appositus,Aster.foliaceus,3,1,3
CC,2019,13,appositus,Cirsium.parryi,2,1,2
CC,2019,13,appositus,Delphinium.barbeyi,7,1,7
CC,2019,13,appositus,Heliomeris.multiflora,5,1,5
CC,2019,13,appositus,Senecio.serra,1,1,1
CC,2019,13,bifarius,Erigeron.speciosus,2,1,2
CC,2019,13,bifarius,Heliomeris.multiflora,36,1,36
CC,2019,13,bifarius,Heterotheca.villosa,1,1,1
CC,2019,13,bifarius,Senecio.serra,5,1,5
CC,2019,13,flavifrons,Aster.foliaceus,3,1,3
CC,2019,13,flavifrons,Heliomeris.multiflora,33,1,33
CC,2019,13,flavifrons,Heterotheca.villosa,6,1,6
CC,2019,13,flavifrons,Senecio.serra,12,1,12
CC,2019,13,flavifrons,Vicia.americana,1,1,1
CC,2019,13,insularis,Erigeron.speciosus,1,1,1
CC,2019,13,insularis,Heliomeris.multiflora,11,1,11
CC,2019,13,insularis,Heterotheca.villosa,2,1,2
CC,2019,13,mixtus,Heliomeris.multiflora,5,1,5
CC,2019,13,mixtus,Heterotheca.villosa,1,1,1
CC,2019,13,mixtus,Senecio.serra,3,1,3
CC,2019,13,nevadensis,Heliomeris.multiflora,1,1,1
CC,2019,13,occidentalis,Heliomeris.multiflora,1,1,1
CC,2019,13,rufocinctus,Heliomeris.multiflora,5,1,5
CC,2019,14,appositus,Aster.foliaceus,3,1,3
CC,2019,14,appositus,Cirsium.parryi,4,1,4
CC,2019,14,appositus,Gentiana.parryi,3,1,3
CC,2019,14,appositus,Heliomeris.multiflora,2,1,2
CC,2019,14,bifarius,Heliomeris.multiflora,25,1,25
CC,2019,14,bifarius,Heterotheca.villosa,1,1,1
CC,2019,14,flavifrons,Aster.foliaceus,12,1,12
CC,2019,14,flavifrons,Cirsium.parryi,1,1,1
CC,2019,14,flavifrons,Erigeron.speciosus,1,1,1
CC,2019,14,flavifrons,Heliomeris.multiflora,39,1,39
CC,2019,14,flavifrons,Heterotheca.villosa,6,1,6
CC,2019,14,flavifrons,Senecio.serra,5,1,5
CC,2019,14,insularis,Aster.foliaceus,2,1,2
CC,2019,14,insularis,Erigeron.speciosus,18,1,18
CC,2019,14,insularis,Heliomeris.multiflora,55,1,55
CC,2019,14,insularis,Heterotheca.villosa,13,1,13
CC,2019,14,insularis,Senecio.serra,1,1,1
CC,2019,14,mixtus,Heliomeris.multiflora,2,1,2
CC,2019,14,mixtus,Senecio.serra,1,1,1
CC,2019,14,rufocinctus,Heliomeris.multiflora,3,1,3
CC,2019,15,appositus,Gentiana.parryi,1,1,1
CC,2019,15,bifarius,Heliomeris.multiflora,14,1,14
CC,2019,15,flavifrons,Aster.foliaceus,3,1,3
CC,2019,15,flavifrons,Dugaldia.hoopesii,1,1,1
CC,2019,15,flavifrons,Heliomeris.multiflora,10,1,10
CC,2019,15,insularis,Aster.foliaceus,4,1,4
CC,2019,15,insularis,Heliomeris.multiflora,48,1,48
CC,2019,15,insularis,Heterotheca.villosa,29,1,29
CC,2019,15,mixtus,Heliomeris.multiflora,5,1,5
CC,2019,15,rufocinctus,Heliomeris.multiflora,2,1,2
CC,2019,15,rufocinctus,Heterotheca.villosa,1,1,1
CC,2019,16,appositus,Gentiana.parryi,3,1,3
CC,2019,16,appositus,Heliomeris.multiflora,1,1,1
CC,2019,16,bifarius,Heterotheca.villosa,1,1,1
CC,2019,16,insularis,Heterotheca.villosa,7,1,7
CC,2019,17,appositus,Gentiana.parryi,1,1,1
CC,2020,3,bifarius,Hydrophyllum.capitatum,2,1,2
CC,2020,3,bifarius,Salix.sp,2,1,2
CC,2020,3,californicus,Delphinium.nuttallianum,2,1,2
CC,2020,3,insularis,Salix.sp,1,1,1
CC,2020,4,appositus,Delphinium.nuttallianum,3,1,3
CC,2020,4,bifarius,Hydrophyllum.capitatum,7,1,7
CC,2020,4,bifarius,Taraxacum.officinale,1,1,1
CC,2020,4,californicus,Delphinium.nuttallianum,3,1,3
CC,2020,4,californicus,Mertensia.fusiformis,1,1,1
CC,2020,4,flavifrons,Delphinium.nuttallianum,3,1,3
CC,2020,4,insularis,Hydrophyllum.capitatum,2,1,2
CC,2020,5,appositus,Delphinium.nuttallianum,6,1,6
CC,2020,5,bifarius,Frasera.speciosa,2,1,2
CC,2020,5,bifarius,Lupinus.bakeri,1,1,1
CC,2020,5,bifarius,Valeriana.occidentalis,1,1,1
CC,2020,5,californicus,Delphinium.nuttallianum,1,1,1
CC,2020,5,flavifrons,Delphinium.nuttallianum,2,1,2
CC,2020,5,flavifrons,Hydrophyllum.capitatum,1,1,1
CC,2020,5,flavifrons,Hydrophyllum.fendleri,2,1,2
CC,2020,5,flavifrons,Lupinus.bakeri,1,1,1
CC,2020,5,insularis,Hydrophyllum.capitatum,2,1,2
CC,2020,5,rufocinctus,Hydrophyllum.capitatum,1,1,1
CC,2020,6,appositus,Delphinium.nuttallianum,4,1,4
CC,2020,6,bifarius,Frasera.speciosa,6,1,6
CC,2020,6,bifarius,Valeriana.occidentalis,1,1,1
CC,2020,6,californicus,Delphinium.nuttallianum,3,1,3
CC,2020,6,flavifrons,Delphinium.nuttallianum,5,1,5
CC,2020,6,flavifrons,Hydrophyllum.fendleri,3,1,3
CC,2020,6,nevadensis,Delphinium.nuttallianum,1,1,1
CC,2020,6,rufocinctus,Frasera.speciosa,1,1,1
CC,2020,6,rufocinctus,Lupinus.bakeri,1,1,1
CC,2020,7,appositus,Delphinium.nuttallianum,1,1,1
CC,2020,7,bifarius,Frasera.speciosa,5,1,5
CC,2020,7,bifarius,Lupinus.bakeri,1,1,1
CC,2020,7,californicus,Delphinium.nuttallianum,1,1,1
CC,2020,7,californicus,Lupinus.bakeri,1,1,1
CC,2020,7,flavifrons,Delphinium.nuttallianum,1,1,1
CC,2020,7,flavifrons,Frasera.speciosa,1,1,1
CC,2020,7,flavifrons,Hydrophyllum.fendleri,1,1,1
CC,2020,7,insularis,Frasera.speciosa,11,1,11
CC,2020,7,insularis,Hydrophyllum.fendleri,1,1,1
CC,2020,7,rufocinctus,Frasera.speciosa,3,1,3
CC,2020,8,appositus,Delphinium.barbeyi,5,1,5
CC,2020,8,bifarius,Frasera.speciosa,4,1,4
CC,2020,8,bifarius,Lupinus.bakeri,2,1,2
CC,2020,8,californicus,Delphinium.barbeyi,1,1,1
CC,2020,8,flavifrons,Collomia.linearis,1,1,1
CC,2020,8,flavifrons,Delphinium.barbeyi,2,1,2
CC,2020,8,flavifrons,Frasera.speciosa,1,1,1
CC,2020,8,insularis,Dugaldia.hoopesii,1,1,1
CC,2020,8,insularis,Frasera.speciosa,6,1,6
CC,2020,8,insularis,Helianthella.quinquenervis,5,1,5
CC,2020,8,insularis,Hydrophyllum.fendleri,1,1,1
CC,2020,8,insularis,Taraxacum.officinale,1,1,1
CC,2020,8,mixtus,Heracleum.sphondylium,1,1,1
CC,2020,8,occidentalis,Lupinus.bakeri,1,1,1
CC,2020,8,rufocinctus,Frasera.speciosa,1,1,1
CC,2020,9,appositus,Delphinium.barbeyi,1,1,1
CC,2020,9,bifarius,Frasera.speciosa,2,1,2
CC,2020,9,bifarius,Heracleum.sphondylium,4,1,4
CC,2020,9,californicus,Delphinium.barbeyi,1,1,1
CC,2020,9,flavifrons,Delphinium.barbeyi,1,1,1
CC,2020,9,insularis,Erigeron.speciosus,1,1,1
CC,2020,9,insularis,Frasera.speciosa,1,1,1
CC,2020,9,insularis,Helianthella.quinquenervis,2,1,2
CC,2020,9,insularis,Heracleum.sphondylium,1,1,1
CC,2020,9,nevadensis,Delphinium.barbeyi,1,1,1
CC,2020,9,occidentalis,Heracleum.sphondylium,4,1,4
CC,2020,10,appositus,Delphinium.barbeyi,4,1,4
CC,2020,10,bifarius,Frasera.speciosa,1,1,1
CC,2020,10,flavifrons,Aconitum.columbianum,1,1,1
CC,2020,10,flavifrons,Delphinium.barbeyi,4,1,4
CC,2020,10,insularis,Dugaldia.hoopesii,2,1,2
CC,2020,10,insularis,Frasera.speciosa,1,1,1
CC,2020,10,insularis,Helianthella.quinquenervis,3,1,3
CC,2020,10,insularis,Heliomeris.multiflora,1,1,1
CC,2020,10,nevadensis,Delphinium.barbeyi,4,1,4
CC,2020,10,occidentalis,Heracleum.sphondylium,2,1,2
CC,2020,11,bifarius,Erigeron.speciosus,1,1,1
CC,2020,11,bifarius,Senecio.serra,1,1,1
CC,2020,11,flavifrons,Delphinium.barbeyi,4,1,4
CC,2020,11,insularis,Cirsium.parryi,1,1,1
CC,2020,11,insularis,Dugaldia.hoopesii,3,1,3
CC,2020,11,insularis,Erigeron.elatior,1,1,1
CC,2020,11,insularis,Senecio.serra,1,1,1
CC,2020,11,occidentalis,Heliomeris.multiflora,1,1,1
CC,2020,11,occidentalis,Senecio.serra,4,1,4
CC,2020,12,occidentalis,Senecio.serra,2,1,2
CC,2020,13,insularis,Heliomeris.multiflora,16,1,16
CC,2020,13,insularis,Senecio.serra,2,1,2
CC,2020,13,occidentalis,Heliomeris.multiflora,1,1,1
CC,2020,14,insularis,Heliomeris.multiflora,3,1,3
CC,2020,14,occidentalis,Heliomeris.multiflora,1,1,1
CC,2020,15,bifarius,Heliomeris.multiflora,1,1,1
CC,2020,15,insularis,Heliomeris.multiflora,5,1,5
CC,2020,16,bifarius,Heliomeris.multiflora,4,1,4
CC,2020,16,insularis,Heliomeris.multiflora,18,1,18
CC,2020,17,insularis,Heliomeris.multiflora,6,1,6
CC,2020,17,insularis,Heterotheca.villosa,2,1,2
CC,2021,2,bifarius,Claytonia.lanceolata,1,1,1
CC,2021,4,bifarius,Mertensia.fusiformis,4,1,4
CC,2021,4,insularis,Mertensia.fusiformis,1,1,1
CC,2021,5,appositus,Mertensia.fusiformis,4,1,4
CC,2021,5,bifarius,Hydrophyllum.capitatum,1,1,1
CC,2021,5,bifarius,Mertensia.fusiformis,3,1,3
CC,2021,5,bifarius,Salix.sp,2,1,2
CC,2021,5,californicus,Mertensia.fusiformis,1,1,1
CC,2021,5,flavifrons,Mertensia.fusiformis,2,1,2
CC,2021,5,occidentalis,Mertensia.fusiformis,1,1,1
CC,2021,6,appositus,Delphinium.nuttallianum,1,1,1
CC,2021,6,appositus,Viola.praemorsa,1,1,1
CC,2021,6,californicus,Delphinium.nuttallianum,4,1,4
CC,2021,6,flavifrons,Viola.praemorsa,1,1,1
CC,2021,6,occidentalis,Salix.wolfii,1,1,1
CC,2021,7,appositus,Delphinium.nuttallianum,8,1,8
CC,2021,7,bifarius,Hydrophyllum.capitatum,1,1,1
CC,2021,7,californicus,Delphinium.nuttallianum,5,1,5
CC,2021,7,flavifrons,Hydrophyllum.capitatum,4,1,4
CC,2021,7,nevadensis,Delphinium.nuttallianum,2,1,2
CC,2021,8,appositus,Delphinium.nuttallianum,4,1,4
CC,2021,8,appositus,Lathyrus.leucanthus,1,1,1
CC,2021,8,appositus,Lupinus.bakeri,1,1,1
CC,2021,8,bifarius,Frasera.speciosa,1,1,1
CC,2021,8,bifarius,Valeriana.occidentalis,1,1,1
CC,2021,8,californicus,Delphinium.nuttallianum,2,1,2
CC,2021,8,flavifrons,Hydrophyllum.fendleri,4,1,4
CC,2021,8,flavifrons,Lupinus.bakeri,1,1,1
CC,2021,8,flavifrons,Mertensia.fusiformis,1,1,1
CC,2021,8,nevadensis,Delphinium.nuttallianum,1,1,1
CC,2021,8,nevadensis,Lupinus.bakeri,1,1,1
CC,2021,8,rufocinctus,Hydrophyllum.fendleri,1,1,1
CC,2021,9,appositus,Delphinium.barbeyi,1,1,1
CC,2021,9,appositus,Delphinium.nuttallianum,2,1,2
CC,2021,9,bifarius,Hydrophyllum.fendleri,2,1,2
CC,2021,9,bifarius,Lupinus.bakeri,1,1,1
CC,2021,9,californicus,Lathyrus.leucanthus,1,1,1
CC,2021,9,flavifrons,Hydrophyllum.fendleri,9,1,9
CC,2021,9,flavifrons,Lupinus.bakeri,4,1,4
CC,2021,9,flavifrons,Phacelia.heterophylla,1,1,1
CC,2021,9,insularis,Frasera.speciosa,1,1,1
CC,2021,9,mixtus,Lupinus.bakeri,1,1,1
CC,2021,9,occidentalis,Lupinus.bakeri,2,1,2
CC,2021,9,rufocinctus,Erysimum.capitatum,1,1,1
CC,2021,10,appositus,Delphinium.barbeyi,1,1,1
CC,2021,10,appositus,Erysimum.capitatum,1,1,1
CC,2021,10,bifarius,Frasera.speciosa,2,1,2
CC,2021,10,bifarius,Helianthella.quinquenervis,11,1,11
CC,2021,10,bifarius,Hydrophyllum.fendleri,2,1,2
CC,2021,10,bifarius,Lupinus.bakeri,7,1,7
CC,2021,10,flavifrons,Frasera.speciosa,2,1,2
CC,2021,10,flavifrons,Hydrophyllum.fendleri,4,1,4
CC,2021,10,flavifrons,Lupinus.bakeri,1,1,1
CC,2021,10,flavifrons,Vicia.americana,1,1,1
CC,2021,10,insularis,Helianthella.quinquenervis,4,1,4
CC,2021,10,nevadensis,Lupinus.bakeri,1,1,1
CC,2021,11,appositus,Delphinium.barbeyi,17,1,17
CC,2021,11,appositus,Helianthella.quinquenervis,1,1,1
CC,2021,11,bifarius,Dugaldia.hoopesii,1,1,1
CC,2021,11,bifarius,Helianthella.quinquenervis,3,1,3
CC,2021,11,bifarius,Lupinus.bakeri,3,1,3
CC,2021,11,californicus,Delphinium.barbeyi,1,1,1
CC,2021,11,flavifrons,Delphinium.barbeyi,14,1,14
CC,2021,11,flavifrons,Helianthella.quinquenervis,6,1,6
CC,2021,11,flavifrons,Lupinus.bakeri,3,1,3
CC,2021,11,flavifrons,Phacelia.heterophylla,4,1,4
CC,2021,11,flavifrons,Vicia.americana,1,1,1
CC,2021,11,mixtus,Helianthella.quinquenervis,1,1,1
CC,2021,11,nevadensis,Delphinium.barbeyi,9,1,9
CC,2021,11,rufocinctus,Helianthella.quinquenervis,2,1,2
CC,2021,12,appositus,Delphinium.barbeyi,12,1,12
CC,2021,12,bifarius,Descurainia.incana,1,1,1
CC,2021,12,bifarius,Dugaldia.hoopesii,1,1,1
CC,2021,12,bifarius,Helianthella.quinquenervis,10,1,10
CC,2021,12,bifarius,Heliomeris.multiflora,1,1,1
CC,2021,12,bifarius,Potentilla.pulcherrima,2,1,2
CC,2021,12,californicus,Delphinium.barbeyi,1,1,1
CC,2021,12,flavifrons,Aconitum.columbianum,2,1,2
CC,2021,12,flavifrons,Delphinium.barbeyi,38,1,38
CC,2021,12,flavifrons,Helianthella.quinquenervis,5,1,5
CC,2021,12,flavifrons,Phacelia.heterophylla,2,1,2
CC,2021,12,flavifrons,Potentilla.pulcherrima,4,1,4
CC,2021,12,mixtus,Erigeron.speciosus,1,1,1
CC,2021,12,nevadensis,Delphinium.barbeyi,28,1,28
CC,2021,12,occidentalis,Heracleum.sphondylium,1,1,1
CC,2021,12,occidentalis,Ligusticum.porteri,1,1,1
CC,2021,12,occidentalis,Lupinus.bakeri,1,1,1
CC,2021,12,rufocinctus,Erigeron.speciosus,2,1,2
CC,2021,12,rufocinctus,Helianthella.quinquenervis,2,1,2
CC,2021,12,rufocinctus,Heliomeris.multiflora,1,1,1
CC,2021,12,rufocinctus,Phacelia.heterophylla,1,1,1
CC,2021,12,rufocinctus,Potentilla.pulcherrima,5,1,5
CC,2021,13,appositus,Delphinium.barbeyi,25,1,25
CC,2021,13,appositus,Heterotheca.villosa,1,1,1
CC,2021,13,bifarius,Dugaldia.hoopesii,3,1,3
CC,2021,13,bifarius,Erigeron.elatior,1,1,1
CC,2021,13,bifarius,Erigeron.speciosus,20,1,20
CC,2021,13,bifarius,Heliomeris.multiflora,13,1,13
CC,2021,13,bifarius,Heterotheca.villosa,6,1,6
CC,2021,13,bifarius,Potentilla.pulcherrima,1,1,1
CC,2021,13,californicus,Delphinium.barbeyi,8,1,8
CC,2021,13,flavifrons,Cirsium.parryi,1,1,1
CC,2021,13,flavifrons,Delphinium.barbeyi,49,1,49
CC,2021,13,flavifrons,Helianthella.quinquenervis,7,1,7
CC,2021,13,flavifrons,Heliomeris.multiflora,1,1,1
CC,2021,13,flavifrons,Heterotheca.villosa,1,1,1
CC,2021,13,flavifrons,Senecio.serra,1,1,1
CC,2021,13,mixtus,Dugaldia.hoopesii,1,1,1
CC,2021,13,mixtus,Erigeron.speciosus,1,1,1
CC,2021,13,mixtus,Heliomeris.multiflora,3,1,3
CC,2021,13,nevadensis,Delphinium.barbeyi,27,1,27
CC,2021,13,occidentalis,Dugaldia.hoopesii,1,1,1
CC,2021,13,occidentalis,Erigeron.speciosus,1,1,1
CC,2021,13,rufocinctus,Dugaldia.hoopesii,1,1,1
CC,2021,13,rufocinctus,Erigeron.elatior,1,1,1
CC,2021,13,rufocinctus,Erigeron.speciosus,15,1,15
CC,2021,13,rufocinctus,Helianthella.quinquenervis,3,1,3
CC,2021,13,rufocinctus,Heliomeris.multiflora,5,1,5
CC,2021,14,appositus,Cirsium.parryi,1,1,1
CC,2021,14,appositus,Delphinium.barbeyi,50,1,50
CC,2021,14,appositus,Heliomeris.multiflora,1,1,1
CC,2021,14,bifarius,Erigeron.speciosus,5,1,5
CC,2021,14,bifarius,Heliomeris.multiflora,59,1,59
CC,2021,14,bifarius,Heterotheca.villosa,1,1,1
CC,2021,14,bifarius,Ligularia.bigelovii,1,1,1
CC,2021,14,bifarius,Pyrrocoma.crocea,1,1,1
CC,2021,14,bifarius,Senecio.serra,4,1,4
CC,2021,14,bifarius,Solidago.multiradiata,1,1,1
CC,2021,14,californicus,Cirsium.parryi,1,1,1
CC,2021,14,californicus,Delphinium.barbeyi,12,1,12
CC,2021,14,flavifrons,Cirsium.parryi,8,1,8
CC,2021,14,flavifrons,Delphinium.barbeyi,32,1,32
CC,2021,14,flavifrons,Helianthella.quinquenervis,1,1,1
CC,2021,14,flavifrons,Heliomeris.multiflora,10,1,10
CC,2021,14,flavifrons,Ligularia.bigelovii,2,1,2
CC,2021,14,flavifrons,Phacelia.heterophylla,1,1,1
CC,2021,14,flavifrons,Senecio.serra,6,1,6
CC,2021,14,insularis,Erigeron.speciosus,1,1,1
CC,2021,14,insularis,Heliomeris.multiflora,1,1,1
CC,2021,14,mixtus,Dugaldia.hoopesii,1,1,1
CC,2021,14,mixtus,Heliomeris.multiflora,4,1,4
CC,2021,14,mixtus,Senecio.serra,1,1,1
CC,2021,14,nevadensis,Delphinium.barbeyi,6,1,6
CC,2021,14,nevadensis,Heliomeris.multiflora,1,1,1
CC,2021,14,occidentalis,Dugaldia.hoopesii,1,1,1
CC,2021,14,occidentalis,Heliomeris.multiflora,1,1,1
CC,2021,14,rufocinctus,Campanula.rotundifolia,1,1,1
CC,2021,14,rufocinctus,Erigeron.speciosus,4,1,4
CC,2021,14,rufocinctus,Heliomeris.multiflora,10,1,10
CC,2021,15,appositus,Aster.foliaceus,1,1,1
CC,2021,15,appositus,Cirsium.parryi,3,1,3
CC,2021,15,appositus,Delphinium.barbeyi,6,1,6
CC,2021,15,appositus,Heliomeris.multiflora,5,1,5
CC,2021,15,bifarius,Cirsium.parryi,1,1,1
CC,2021,15,bifarius,Erigeron.speciosus,3,1,3
CC,2021,15,bifarius,Heliomeris.multiflora,144,1,144
CC,2021,15,bifarius,Heterotheca.villosa,4,1,4
CC,2021,15,bifarius,Senecio.serra,2,1,2
CC,2021,15,californicus,Cirsium.parryi,1,1,1
CC,2021,15,californicus,Heliomeris.multiflora,2,1,2
CC,2021,15,californicus,Heterotheca.villosa,1,1,1
CC,2021,15,flavifrons,Cirsium.parryi,5,1,5
CC,2021,15,flavifrons,Delphinium.barbeyi,6,1,6
CC,2021,15,flavifrons,Heliomeris.multiflora,25,1,25
CC,2021,15,flavifrons,Ligularia.bigelovii,3,1,3
CC,2021,15,flavifrons,Senecio.serra,7,1,7
CC,2021,15,insularis,Heliomeris.multiflora,7,1,7
CC,2021,15,insularis,Heterotheca.villosa,3,1,3
CC,2021,15,mixtus,Heliomeris.multiflora,8,1,8
CC,2021,15,mixtus,Senecio.serra,1,1,1
CC,2021,15,occidentalis,Heliomeris.multiflora,4,1,4
CC,2021,15,occidentalis,Heterotheca.villosa,1,1,1
CC,2021,15,occidentalis,Senecio.serra,2,1,2
CC,2021,15,rufocinctus,Aster.foliaceus,1,1,1
CC,2021,15,rufocinctus,Erigeron.speciosus,2,1,2
CC,2021,15,rufocinctus,Heliomeris.multiflora,57,1,57
CC,2021,15,rufocinctus,Heterotheca.villosa,2,1,2
CC,2021,16,appositus,Aster.foliaceus,4,1,4
CC,2021,16,appositus,Cirsium.parryi,4,1,4
CC,2021,16,appositus,Heliomeris.multiflora,1,1,1
CC,2021,16,bifarius,Aster.foliaceus,2,1,2
CC,2021,16,bifarius,Erigeron.speciosus,5,1,5
CC,2021,16,bifarius,Heliomeris.multiflora,112,1,112
CC,2021,16,bifarius,Heterotheca.villosa,2,1,2
CC,2021,16,californicus,Cirsium.parryi,1,1,1
CC,2021,16,flavifrons,Aster.foliaceus,2,1,2
CC,2021,16,flavifrons,Cirsium.parryi,2,1,2
CC,2021,16,flavifrons,Erigeron.elatior,2,1,2
CC,2021,16,flavifrons,Heliomeris.multiflora,26,1,26
CC,2021,16,flavifrons,Heterotheca.villosa,2,1,2
CC,2021,16,flavifrons,Ligularia.bigelovii,1,1,1
CC,2021,16,flavifrons,Senecio.serra,3,1,3
CC,2021,16,insularis,Aster.foliaceus,1,1,1
CC,2021,16,insularis,Erigeron.elatior,1,1,1
CC,2021,16,insularis,Erigeron.speciosus,1,1,1
CC,2021,16,insularis,Heliomeris.multiflora,94,1,94
CC,2021,16,insularis,Heterotheca.villosa,11,1,11
CC,2021,16,insularis,Senecio.serra,1,1,1
CC,2021,16,insularis,Solidago.multiradiata,1,1,1
CC,2021,16,mixtus,Adenolinum.lewisii,1,1,1
CC,2021,16,mixtus,Aster.foliaceus,1,1,1
CC,2021,16,mixtus,Heliomeris.multiflora,14,1,14
CC,2021,16,occidentalis,Heliomeris.multiflora,5,1,5
CC,2021,16,rufocinctus,Aster.foliaceus,1,1,1
CC,2021,16,rufocinctus,Erigeron.speciosus,4,1,4
CC,2021,16,rufocinctus,Heliomeris.multiflora,29,1,29
CC,2021,17,appositus,Aster.foliaceus,1,1,1
CC,2021,17,appositus,Cirsium.parryi,5,1,5
CC,2021,17,appositus,Gentiana.parryi,3,1,3
CC,2021,17,appositus,Heliomeris.multiflora,5,1,5
CC,2021,17,bifarius,Heliomeris.multiflora,80,1,80
CC,2021,17,bifarius,Heterotheca.villosa,1,1,1
CC,2021,17,californicus,Cirsium.parryi,1,1,1
CC,2021,17,californicus,Heliomeris.multiflora,2,1,2
CC,2021,17,flavifrons,Aster.foliaceus,1,1,1
CC,2021,17,flavifrons,Cirsium.parryi,2,1,2
CC,2021,17,flavifrons,Heliomeris.multiflora,38,1,38
CC,2021,17,insularis,Heliomeris.multiflora,4,1,4
CC,2021,17,mixtus,Heliomeris.multiflora,8,1,8
CC,2021,17,occidentalis,Heliomeris.multiflora,2,1,2
CC,2021,17,rufocinctus,Heliomeris.multiflora,36,1,36
CC,2021,18,appositus,Aster.foliaceus,1,1,1
CC,2021,18,appositus,Cirsium.parryi,2,1,2
CC,2021,18,appositus,Gentiana.parryi,2,1,2
CC,2021,18,bifarius,Gentiana.parryi,1,1,1
CC,2021,18,bifarius,Heliomeris.multiflora,49,1,49
CC,2021,18,flavifrons,Aster.foliaceus,1,1,1
CC,2021,18,flavifrons,Heliomeris.multiflora,12,1,12
CC,2021,18,insularis,Aster.foliaceus,4,1,4
CC,2021,18,insularis,Heliomeris.multiflora,68,1,68
CC,2021,18,insularis,Heterotheca.villosa,5,1,5
CC,2021,18,mixtus,Heliomeris.multiflora,2,1,2
CC,2021,18,occidentalis,Heliomeris.multiflora,2,1,2
CC,2021,18,rufocinctus,Gentiana.parryi,1,1,1
CC,2021,18,rufocinctus,Heliomeris.multiflora,21,1,21
CC,2021,19,appositus,Aster.foliaceus,1,1,1
CC,2021,19,bifarius,Aster.foliaceus,1,1,1
CC,2021,19,bifarius,Heliomeris.multiflora,20,1,20
CC,2021,19,californicus,Aster.foliaceus,1,1,1
CC,2021,19,flavifrons,Aster.foliaceus,1,1,1
CC,2021,19,flavifrons,Heliomeris.multiflora,5,1,5
CC,2021,19,insularis,Aster.foliaceus,6,1,6
CC,2021,19,insularis,Cirsium.parryi,1,1,1
CC,2021,19,insularis,Heliomeris.multiflora,39,1,39
CC,2021,19,insularis,Heterotheca.villosa,1,1,1
CC,2021,19,mixtus,Heliomeris.multiflora,1,1,1
CC,2021,19,occidentalis,Heliomeris.multiflora,1,1,1
CC,2021,19,rufocinctus,Aster.foliaceus,3,1,3
CC,2021,19,rufocinctus,Heliomeris.multiflora,6,1,6
CC,2021,20,appositus,Linaria.vulgaris,1,1,1
CC,2021,20,bifarius,Heliomeris.multiflora,11,1,11
CC,2021,20,insularis,Heliomeris.multiflora,14,1,14
CC,2021,20,insularis,Heterotheca.villosa,1,1,1
CC,2021,20,rufocinctus,Heliomeris.multiflora,2,1,2
CC,2022,2,bifarius,Claytonia.lanceolata,1,1,1
CC,2022,2,bifarius,Mertensia.fusiformis,1,1,1
CC,2022,2,californicus,Mertensia.fusiformis,1,1,1
CC,2022,3,bifarius,Erythronium.grandiflorum,4,1,4
CC,2022,3,bifarius,Mertensia.fusiformis,1,1,1
CC,2022,3,bifarius,Taraxacum.officinale,1,1,1
CC,2022,3,occidentalis,Salix.sp,1,1,1
CC,2022,4,bifarius,Hydrophyllum.capitatum,2,1,2
CC,2022,4,bifarius,Mahonia.repens,1,1,1
CC,2022,4,bifarius,Mertensia.fusiformis,3,1,3
CC,2022,4,bifarius,Salix.sp,1,1,1
CC,2022,4,bifarius,Salix.wolfii,1,1,1
CC,2022,4,flavifrons,Salix.sp,1,1,1
CC,2022,4,nevadensis,Salix.sp,1,1,1
CC,2022,4,rufocinctus,Mertensia.fusiformis,1,1,1
CC,2022,5,appositus,Delphinium.nuttallianum,4,1,4
CC,2022,5,bifarius,Hydrophyllum.capitatum,1,1,1
CC,2022,5,bifarius,Salix.wolfii,1,1,1
CC,2022,5,flavifrons,Hydrophyllum.capitatum,1,1,1
CC,2022,5,rufocinctus,Hydrophyllum.capitatum,1,1,1
CC,2022,6,appositus,Delphinium.nuttallianum,3,1,3
CC,2022,6,bifarius,Hydrophyllum.fendleri,2,1,2
CC,2022,6,bifarius,Lupinus.bakeri,1,1,1
CC,2022,6,californicus,Delphinium.nuttallianum,1,1,1
CC,2022,6,flavifrons,Delphinium.nuttallianum,2,1,2
CC,2022,6,flavifrons,Hydrophyllum.fendleri,3,1,3
CC,2022,6,insularis,Hydrophyllum.fendleri,7,1,7
CC,2022,6,rufocinctus,Hydrophyllum.fendleri,4,1,4
CC,2022,7,appositus,Delphinium.nuttallianum,4,1,4
CC,2022,7,bifarius,Frasera.speciosa,4,1,4
CC,2022,7,bifarius,Hydrophyllum.fendleri,3,1,3
CC,2022,7,californicus,Delphinium.nuttallianum,1,1,1
CC,2022,7,californicus,Lathyrus.leucanthus,2,1,2
CC,2022,7,flavifrons,Delphinium.nuttallianum,3,1,3
CC,2022,7,flavifrons,Hydrophyllum.fendleri,8,1,8
CC,2022,7,flavifrons,Lathyrus.leucanthus,2,1,2
CC,2022,7,insularis,Delphinium.nuttallianum,1,1,1
CC,2022,7,insularis,Frasera.speciosa,3,1,3
CC,2022,7,rufocinctus,Lathyrus.leucanthus,1,1,1
CC,2022,7,rufocinctus,Lupinus.bakeri,1,1,1
CC,2022,8,appositus,Lathyrus.leucanthus,1,1,1
CC,2022,8,appositus,Lupinus.bakeri,1,1,1
CC,2022,8,bifarius,Frasera.speciosa,2,1,2
CC,2022,8,bifarius,Hydrophyllum.fendleri,2,1,2
CC,2022,8,flavifrons,Hydrophyllum.fendleri,2,1,2
CC,2022,8,insularis,Hydrophyllum.fendleri,1,1,1
CC,2022,8,rufocinctus,Frasera.speciosa,1,1,1
CC,2022,9,appositus,Delphinium.barbeyi,3,1,3
CC,2022,9,bifarius,Dugaldia.hoopesii,3,1,3
CC,2022,9,bifarius,Helianthella.quinquenervis,6,1,6
CC,2022,9,bifarius,Phacelia.heterophylla,2,1,2
CC,2022,9,flavifrons,Delphinium.barbeyi,2,1,2
CC,2022,9,flavifrons,Helianthella.quinquenervis,1,1,1
CC,2022,9,flavifrons,Phacelia.heterophylla,3,1,3
CC,2022,9,flavifrons,Vicia.americana,1,1,1
CC,2022,9,insularis,Dugaldia.hoopesii,1,1,1
CC,2022,9,insularis,Helianthella.quinquenervis,3,1,3
CC,2022,9,insularis,Phacelia.heterophylla,1,1,1
CC,2022,9,rufocinctus,Helianthella.quinquenervis,2,1,2
CC,2022,9,rufocinctus,Lupinus.bakeri,1,1,1
CC,2022,10,appositus,Delphinium.barbeyi,11,1,11
CC,2022,10,bifarius,Dugaldia.hoopesii,5,1,5
CC,2022,10,bifarius,Helianthella.quinquenervis,11,1,11
CC,2022,10,bifarius,Lupinus.bakeri,1,1,1
CC,2022,10,bifarius,Phacelia.heterophylla,1,1,1
CC,2022,10,californicus,Delphinium.barbeyi,1,1,1
CC,2022,10,flavifrons,Aconitum.columbianum,1,1,1
CC,2022,10,flavifrons,Frasera.speciosa,1,1,1
CC,2022,10,flavifrons,Helianthella.quinquenervis,1,1,1
CC,2022,10,flavifrons,Phacelia.heterophylla,6,1,6
CC,2022,10,insularis,Dugaldia.hoopesii,1,1,1
CC,2022,10,insularis,Helianthella.quinquenervis,1,1,1
CC,2022,10,nevadensis,Delphinium.barbeyi,1,1,1
CC,2022,10,rufocinctus,Helianthella.quinquenervis,1,1,1
CC,2022,10,rufocinctus,Phacelia.heterophylla,1,1,1
CC,2022,11,appositus,Delphinium.barbeyi,6,35,0.17142857142857143
CC,2022,11,bifarius,Dugaldia.hoopesii,4,35,0.11428571428571428
CC,2022,11,bifarius,Helianthella.quinquenervis,3,35,0.08571428571428572
CC,2022,11,bifarius,Heliomeris.multiflora,8,35,0.22857142857142856
CC,2022,11,californicus,Delphinium.barbeyi,2,35,0.05714285714285714
CC,2022,11,flavifrons,Cirsium.parryi,1,35,0.02857142857142857
CC,2022,11,flavifrons,Delphinium.barbeyi,4,35,0.11428571428571428
CC,2022,11,flavifrons,Ligularia.bigelovii,1,35,0.02857142857142857
CC,2022,11,rufocinctus,Dugaldia.hoopesii,1,35,0.02857142857142857
CC,2022,11,rufocinctus,Helianthella.quinquenervis,2,35,0.05714285714285714
CC,2022,11,rufocinctus,Heliomeris.multiflora,1,35,0.02857142857142857
CC,2022,11,rufocinctus,Phacelia.heterophylla,2,35,0.05714285714285714
CC,2022,12,appositus,Delphinium.barbeyi,4,1,4
CC,2022,12,bifarius,Dugaldia.hoopesii,5,1,5
CC,2022,12,bifarius,Helianthella.quinquenervis,1,1,1
CC,2022,12,bifarius,Heliomeris.multiflora,35,1,35
CC,2022,12,bifarius,Ligularia.bigelovii,1,1,1
CC,2022,12,californicus,Delphinium.barbeyi,2,1,2
CC,2022,12,flavifrons,Cirsium.parryi,1,1,1
CC,2022,12,flavifrons,Delphinium.barbeyi,1,1,1
CC,2022,12,flavifrons,Dugaldia.hoopesii,2,1,2
CC,2022,12,flavifrons,Heliomeris.multiflora,1,1,1
CC,2022,12,flavifrons,Ligularia.bigelovii,2,1,2
CC,2022,12,flavifrons,Senecio.serra,1,1,1
CC,2022,12,insularis,Dugaldia.hoopesii,1,1,1
CC,2022,12,insularis,Heliomeris.multiflora,1,1,1
CC,2022,12,mixtus,Heliomeris.multiflora,2,1,2
CC,2022,12,occidentalis,Dugaldia.hoopesii,1,1,1
CC,2022,12,rufocinctus,Heliomeris.multiflora,7,1,7
CC,2022,13,appositus,Cirsium.eatonii,1,1,1
CC,2022,13,appositus,Delphinium.barbeyi,6,1,6
CC,2022,13,bifarius,Erigeron.elatior,1,1,1
CC,2022,13,bifarius,Erigeron.speciosus,3,1,3
CC,2022,13,bifarius,Heliomeris.multiflora,60,1,60
CC,2022,13,bifarius,Ligularia.bigelovii,1,1,1
CC,2022,13,flavifrons,Heliomeris.multiflora,3,1,3
CC,2022,13,flavifrons,Ligularia.bigelovii,1,1,1
CC,2022,13,insularis,Heliomeris.multiflora,16,1,16
CC,2022,13,insularis,Ligularia.bigelovii,1,1,1
CC,2022,13,mixtus,Heliomeris.multiflora,4,1,4
CC,2022,13,mixtus,Ligularia.bigelovii,1,1,1
CC,2022,13,occidentalis,Erigeron.elatior,1,1,1
CC,2022,13,occidentalis,Heliomeris.multiflora,6,1,6
CC,2022,13,occidentalis,Ligularia.bigelovii,1,1,1
CC,2022,13,rufocinctus,Erigeron.speciosus,1,1,1
CC,2022,13,rufocinctus,Heliomeris.multiflora,10,1,10
CC,2022,14,appositus,Cirsium.eatonii,1,1,1
CC,2022,14,appositus,Heliomeris.multiflora,4,1,4
CC,2022,14,bifarius,Heliomeris.multiflora,71,1,71
CC,2022,14,bifarius,Heterotheca.villosa,2,1,2
CC,2022,14,bifarius,Ligularia.bigelovii,1,1,1
CC,2022,14,flavifrons,Cirsium.eatonii,1,1,1
CC,2022,14,flavifrons,Heliomeris.multiflora,12,1,12
CC,2022,14,insularis,Heliomeris.multiflora,44,1,44
CC,2022,14,insularis,Ligularia.bigelovii,2,1,2
CC,2022,14,mixtus,Heliomeris.multiflora,6,1,6
CC,2022,14,nevadensis,Heliomeris.multiflora,1,1,1
CC,2022,14,occidentalis,Heliomeris.multiflora,6,1,6
CC,2022,14,rufocinctus,Heliomeris.multiflora,15,1,15
CC,2022,15,appositus,Heliomeris.multiflora,3,1,3
CC,2022,15,bifarius,Heliomeris.multiflora,46,1,46
CC,2022,15,bifarius,Heterotheca.villosa,2,1,2
CC,2022,15,californicus,Heliomeris.multiflora,1,1,1
CC,2022,15,flavifrons,Heliomeris.multiflora,19,1,19
CC,2022,15,insularis,Heliomeris.multiflora,45,1,45
CC,2022,15,mixtus,Heliomeris.multiflora,6,1,6
CC,2022,15,occidentalis,Heliomeris.multiflora,6,1,6
CC,2022,15,rufocinctus,Heliomeris.multiflora,5,1,5
CC,2022,16,appositus,Gentiana.parryi,2,1,2
CC,2022,16,appositus,Heliomeris.multiflora,1,1,1
CC,2022,16,bifarius,Heliomeris.multiflora,18,1,18
CC,2022,16,californicus,Heliomeris.multiflora,2,1,2
CC,2022,16,flavifrons,Gentiana.parryi,1,1,1
CC,2022,16,flavifrons,Heliomeris.multiflora,7,1,7
CC,2022,16,insularis,Heliomeris.multiflora,100,1,100
CC,2022,16,insularis,Heterotheca.villosa,2,1,2
CC,2022,16,mixtus,Heliomeris.multiflora,6,1,6
CC,2022,16,occidentalis,Heliomeris.multiflora,3,1,3
CC,2022,16,rufocinctus,Heliomeris.multiflora,5,1,5
CC,2022,17,bifarius,Heliomeris.multiflora,16,1,16
CC,2022,17,flavifrons,Heliomeris.multiflora,4,1,4
CC,2022,17,insularis,Heliomeris.multiflora,17,1,17
CC,2022,17,mixtus,Heliomeris.multiflora,3,1,3
CC,2022,17,occidentalis,Heliomeris.multiflora,1,1,1
CC,2022,17,rufocinctus,Heliomeris.multiflora,2,1,2
CC,2022,18,bifarius,Heliomeris.multiflora,2,1,2
CC,2022,18,insularis,Dugaldia.hoopesii,1,1,1
CC,2022,18,insularis,Heliomeris.multiflora,16,1,16
CC,2023,2,bifarius,Claytonia.lanceolata,3,1,3
CC,2023,3,appositus,Mertensia.fusiformis,1,1,1
CC,2023,3,bifarius,Claytonia.lanceolata,1,1,1
CC,2023,3,bifarius,Erythronium.grandiflorum,1,1,1
CC,2023,3,bifarius,Mertensia.fusiformis,1,1,1
CC,2023,3,bifarius,Taraxacum.officinale,1,1,1
CC,2023,4,bifarius,Salix.sp,1,1,1
CC,2023,4,californicus,Hydrophyllum.capitatum,1,1,1
CC,2023,4,flavifrons,Delphinium.nuttallianum,1,1,1
CC,2023,4,flavifrons,Mertensia.fusiformis,1,1,1
CC,2023,4,insularis,Mahonia.repens,1,1,1
CC,2023,5,appositus,Delphinium.nuttallianum,1,2,0.5
CC,2023,5,appositus,Lathyrus.leucanthus,1,2,0.5
CC,2023,5,bifarius,Hydrophyllum.capitatum,2,2,1
CC,2023,5,californicus,Mertensia.fusiformis,1,2,0.5
CC,2023,5,flavifrons,Hydrophyllum.capitatum,1,2,0.5
CC,2023,5,flavifrons,Mertensia.fusiformis,1,2,0.5
CC,2023,5,flavifrons,Salix.sp,1,2,0.5
CC,2023,5,insularis,Salix.sp,1,2,0.5
CC,2023,5,rufocinctus,Hydrophyllum.capitatum,2,2,1
CC,2023,6,appositus,Delphinium.nuttallianum,19,2,9.5
CC,2023,6,bifarius,Hydrophyllum.capitatum,1,2,0.5
CC,2023,6,bifarius,Lupinus.bakeri,2,2,1
CC,2023,6,californicus,Delphinium.nuttallianum,2,2,1
CC,2023,6,californicus,Lupinus.bakeri,2,2,1
CC,2023,6,flavifrons,Delphinium.nuttallianum,8,2,4
CC,2023,6,flavifrons,Hydrophyllum.fendleri,5,2,2.5
CC,2023,6,flavifrons,Lupinus.bakeri,1,2,0.5
CC,2023,6,nevadensis,Delphinium.nuttallianum,1,2,0.5
CC,2023,7,appositus,Delphinium.nuttallianum,1,1,1
CC,2023,7,bifarius,Lupinus.bakeri,1,1,1
CC,2023,7,californicus,Lathyrus.leucanthus,1,1,1
CC,2023,7,flavifrons,Delphinium.nuttallianum,2,1,2
CC,2023,7,flavifrons,Hydrophyllum.fendleri,2,1,2
CC,2023,7,flavifrons,Lupinus.bakeri,1,1,1
CC,2023,7,insularis,Hydrophyllum.fendleri,4,1,4
CC,2023,7,rufocinctus,Hydrophyllum.fendleri,1,1,1
CC,2023,8,bifarius,Frasera.speciosa,3,1,3
CC,2023,8,bifarius,Helianthella.quinquenervis,6,1,6
CC,2023,8,flavifrons,Delphinium.barbeyi,1,1,1
CC,2023,8,flavifrons,Lathyrus.leucanthus,1,1,1
CC,2023,8,flavifrons,Lupinus.bakeri,1,1,1
CC,2023,8,insularis,Dugaldia.hoopesii,2,1,2
CC,2023,8,insularis,Helianthella.quinquenervis,11,1,11
CC,2023,8,insularis,Hydrophyllum.fendleri,1,1,1
CC,2023,9,appositus,Delphinium.barbeyi,9,1,9
CC,2023,9,bifarius,Helianthella.quinquenervis,13,1,13
CC,2023,9,bifarius,Lupinus.bakeri,1,1,1
CC,2023,9,californicus,Delphinium.barbeyi,1,1,1
CC,2023,9,flavifrons,Helianthella.quinquenervis,1,1,1
CC,2023,9,flavifrons,Lupinus.bakeri,1,1,1
CC,2023,9,insularis,Dugaldia.hoopesii,1,1,1
CC,2023,9,insularis,Helianthella.quinquenervis,11,1,11
CC,2023,9,mixtus,Helianthella.quinquenervis,1,1,1
CC,2023,9,rufocinctus,Dugaldia.hoopesii,1,1,1
CC,2023,9,rufocinctus,Helianthella.quinquenervis,2,1,2
CC,2023,10,appositus,Delphinium.barbeyi,17,1,17
CC,2023,10,bifarius,Delphinium.barbeyi,1,1,1
CC,2023,10,bifarius,Dugaldia.hoopesii,1,1,1
CC,2023,10,bifarius,Helianthella.quinquenervis,3,1,3
CC,2023,10,flavifrons,Delphinium.barbeyi,8,1,8
CC,2023,10,flavifrons,Helianthella.quinquenervis,1,1,1
CC,2023,10,insularis,Dugaldia.hoopesii,3,1,3
CC,2023,10,insularis,Helianthella.quinquenervis,14,1,14
CC,2023,10,nevadensis,Delphinium.barbeyi,1,1,1
CC,2023,10,rufocinctus,Dugaldia.hoopesii,2,1,2
CC,2023,10,rufocinctus,Helianthella.quinquenervis,4,1,4
CC,2023,11,appositus,Delphinium.barbeyi,10,1,10
CC,2023,11,bifarius,Dugaldia.hoopesii,1,1,1
CC,2023,11,bifarius,Heliomeris.multiflora,2,1,2
CC,2023,11,flavifrons,Delphinium.barbeyi,1,1,1
CC,2023,11,insularis,Dugaldia.hoopesii,1,1,1
CC,2023,11,rufocinctus,Heliomeris.multiflora,3,1,3
CC,2023,11,rufocinctus,Ligularia.bigelovii,1,1,1
CC,2023,12,bifarius,Heliomeris.multiflora,3,1,3
CC,2023,12,rufocinctus,Cirsium.parryi,1,1,1
CC,2023,12,rufocinctus,Heliomeris.multiflora,11,1,11
CC,2023,12,rufocinctus,Senecio.serra,1,1,1
CC,2023,12,rufocinctus,Solidago.multiradiata,1,1,1
CC,2023,13,rufocinctus,Heliomeris.multiflora,2,1,2
CC,2023,14,rufocinctus,Heliomeris.multiflora,3,1,3
FP,2015,1,bifarius,Mertensia.fusiformis,5,2,2.5
FP,2015,2,bifarius,Mertensia.fusiformis,4,1,4
FP,2015,3,bifarius,Mertensia.fusiformis,11,2,5.5
FP,2015,3,californicus,Mertensia.fusiformis,1,2,0.5
FP,2015,4,bifarius,Mertensia.fusiformis,9,2,4.5
FP,2015,4,californicus,Delphinium.nuttallianum,2,2,1
FP,2015,4,californicus,Mertensia.fusiformis,3,2,1.5
FP,2015,4,flavifrons,Mertensia.fusiformis,6,2,3
FP,2015,4,nevadensis,Mertensia.fusiformis,1,2,0.5
FP,2015,4,rufocinctus,Mertensia.fusiformis,1,2,0.5
FP,2015,5,appositus,Mertensia.fusiformis,1,2,0.5
FP,2015,5,bifarius,Frasera.speciosa,1,2,0.5
FP,2015,5,bifarius,Hydrophyllum.fendleri,1,2,0.5
FP,2015,5,bifarius,Taraxacum.officinale,1,2,0.5
FP,2015,5,californicus,Lathyrus.leucanthus,2,2,1
FP,2015,5,californicus,Taraxacum.officinale,1,2,0.5
FP,2015,5,flavifrons,Hydrophyllum.fendleri,6,2,3
FP,2015,5,flavifrons,Mertensia.fusiformis,3,2,1.5
FP,2015,5,insularis,Taraxacum.officinale,1,2,0.5
FP,2015,5,mixtus,Hydrophyllum.capitatum,1,2,0.5
FP,2015,5,rufocinctus,Frasera.speciosa,1,2,0.5
FP,2015,5,rufocinctus,Mertensia.fusiformis,1,2,0.5
FP,2015,5,rufocinctus,Taraxacum.officinale,1,2,0.5
FP,2015,6,appositus,Frasera.speciosa,1,2,0.5
FP,2015,6,bifarius,Frasera.speciosa,1,2,0.5
FP,2015,6,bifarius,Hydrophyllum.fendleri,1,2,0.5
FP,2015,6,bifarius,Lupinus.bakeri,6,2,3
FP,2015,6,bifarius,Senecio.integerrimus,3,2,1.5
FP,2015,6,californicus,Lathyrus.leucanthus,2,2,1
FP,2015,6,flavifrons,Frasera.speciosa,1,2,0.5
FP,2015,6,flavifrons,Hydrophyllum.fendleri,8,2,4
FP,2015,6,flavifrons,Lupinus.bakeri,2,2,1
FP,2015,6,nevadensis,Frasera.speciosa,3,2,1.5
FP,2015,6,rufocinctus,Frasera.speciosa,1,2,0.5
FP,2015,6,rufocinctus,Hydrophyllum.fendleri,2,2,1
FP,2015,6,rufocinctus,Lupinus.bakeri,5,2,2.5
FP,2015,7,californicus,Lupinus.bakeri,1,1,1
FP,2015,7,flavifrons,Hydrophyllum.fendleri,1,1,1
FP,2015,7,flavifrons,Mertensia.ciliata,1,1,1
FP,2015,7,nevadensis,Frasera.speciosa,1,1,1
FP,2015,7,rufocinctus,Hydrophyllum.fendleri,2,1,2
FP,2015,7,rufocinctus,Lupinus.bakeri,5,1,5
FP,2015,8,appositus,Delphinium.barbeyi,3,2,1.5
FP,2015,8,appositus,Frasera.speciosa,8,2,4
FP,2015,8,appositus,Lupinus.bakeri,1,2,0.5
FP,2015,8,bifarius,Frasera.speciosa,1,2,0.5
FP,2015,8,bifarius,Hydrophyllum.fendleri,1,2,0.5
FP,2015,8,bifarius,Lupinus.bakeri,1,2,0.5
FP,2015,8,flavifrons,Mertensia.ciliata,1,2,0.5
FP,2015,8,nevadensis,Frasera.speciosa,5,2,2.5
FP,2015,8,nevadensis,Lathyrus.leucanthus,1,2,0.5
FP,2015,8,nevadensis,Lupinus.bakeri,1,2,0.5
FP,2015,8,rufocinctus,Frasera.speciosa,6,2,3
FP,2015,8,rufocinctus,Hydrophyllum.fendleri,1,2,0.5
FP,2015,8,rufocinctus,Lupinus.bakeri,4,2,2
FP,2015,9,appositus,Delphinium.barbeyi,8,1,8
FP,2015,9,appositus,Frasera.speciosa,1,1,1
FP,2015,9,bifarius,Frasera.speciosa,1,1,1
FP,2015,9,bifarius,Helianthella.quinquenervis,6,1,6
FP,2015,9,flavifrons,Aconitum.columbianum,2,1,2
FP,2015,9,flavifrons,Delphinium.barbeyi,1,1,1
FP,2015,9,flavifrons,Helianthella.quinquenervis,3,1,3
FP,2015,9,mixtus,Frasera.speciosa,1,1,1
FP,2015,9,nevadensis,Delphinium.barbeyi,1,1,1
FP,2015,9,rufocinctus,Helianthella.quinquenervis,7,1,7
FP,2015,9,rufocinctus,Hydrophyllum.fendleri,1,1,1
FP,2015,9,rufocinctus,Lupinus.bakeri,1,1,1
FP,2015,10,appositus,Delphinium.barbeyi,7,1,7
FP,2015,10,appositus,Lupinus.bakeri,1,1,1
FP,2015,10,bifarius,Helianthella.quinquenervis,4,1,4
FP,2015,10,californicus,Cirsium.parryi,2,1,2
FP,2015,10,californicus,Delphinium.barbeyi,2,1,2
FP,2015,10,flavifrons,Aconitum.columbianum,2,1,2
FP,2015,10,flavifrons,Helianthella.quinquenervis,2,1,2
FP,2015,10,flavifrons,Hydrophyllum.fendleri,1,1,1
FP,2015,10,flavifrons,Vicia.americana,2,1,2
FP,2015,10,mixtus,Cirsium.parryi,1,1,1
FP,2015,10,mixtus,Helianthella.quinquenervis,1,1,1
FP,2015,10,nevadensis,Delphinium.barbeyi,2,1,2
FP,2015,10,rufocinctus,Calochortus.gunnisonii,2,1,2
FP,2015,10,rufocinctus,Erigeron.speciosus,1,1,1
FP,2015,10,rufocinctus,Frasera.speciosa,1,1,1
FP,2015,10,rufocinctus,Helianthella.quinquenervis,7,1,7
FP,2015,10,rufocinctus,Lupinus.bakeri,1,1,1
FP,2015,11,appositus,Delphinium.barbeyi,12,1,12
FP,2015,11,appositus,Erigeron.speciosus,1,1,1
FP,2015,11,bifarius,Agoseris.glauca,2,1,2
FP,2015,11,bifarius,Campanula.rotundifolia,3,1,3
FP,2015,11,bifarius,Erigeron.speciosus,2,1,2
FP,2015,11,bifarius,Helianthella.quinquenervis,3,1,3
FP,2015,11,bifarius,Heliomeris.multiflora,1,1,1
FP,2015,11,bifarius,Heterotheca.villosa,1,1,1
FP,2015,11,bifarius,Pentaphylloides.floribunda,1,1,1
FP,2015,11,californicus,Delphinium.barbeyi,2,1,2
FP,2015,11,californicus,Vicia.americana,1,1,1
FP,2015,11,flavifrons,Cirsium.parryi,1,1,1
FP,2015,11,flavifrons,Delphinium.barbeyi,20,1,20
FP,2015,11,flavifrons,Heliomeris.multiflora,1,1,1
FP,2015,11,mixtus,Campanula.rotundifolia,2,1,2
FP,2015,11,mixtus,Helianthella.quinquenervis,1,1,1
FP,2015,11,rufocinctus,Campanula.rotundifolia,3,1,3
FP,2015,11,rufocinctus,Helianthella.quinquenervis,1,1,1
FP,2015,11,rufocinctus,Heliomeris.multiflora,2,1,2
FP,2015,11,rufocinctus,Ligularia.bigelovii,2,1,2
FP,2015,12,appositus,Delphinium.barbeyi,6,1,6
FP,2015,12,bifarius,Agoseris.glauca,1,1,1
FP,2015,12,bifarius,Erigeron.elatior,1,1,1
FP,2015,12,bifarius,Erigeron.speciosus,5,1,5
FP,2015,12,bifarius,Heterotheca.villosa,1,1,1
FP,2015,12,californicus,Erigeron.speciosus,1,1,1
FP,2015,12,flavifrons,Aconitum.columbianum,1,1,1
FP,2015,12,flavifrons,Delphinium.barbeyi,5,1,5
FP,2015,12,flavifrons,Vicia.americana,2,1,2
FP,2015,12,nevadensis,Delphinium.barbeyi,1,1,1
FP,2015,12,rufocinctus,Campanula.rotundifolia,1,1,1
FP,2015,12,rufocinctus,Erigeron.speciosus,2,1,2
FP,2015,12,rufocinctus,Heliomeris.multiflora,1,1,1
FP,2015,12,rufocinctus,Heterotheca.villosa,2,1,2
FP,2015,12,rufocinctus,Ligularia.bigelovii,2,1,2
FP,2015,13,appositus,Cirsium.parryi,5,2,2.5
FP,2015,13,appositus,Delphinium.barbeyi,3,2,1.5
FP,2015,13,appositus,Gentiana.parryi,5,2,2.5
FP,2015,13,appositus,Heliomeris.multiflora,1,2,0.5
FP,2015,13,appositus,Senecio.serra,1,2,0.5
FP,2015,13,appositus,Symphyotrichum.spathulatum,1,2,0.5
FP,2015,13,appositus,Vicia.americana,2,2,1
FP,2015,13,bifarius,Erigeron.speciosus,3,2,1.5
FP,2015,13,bifarius,Heliomeris.multiflora,42,2,21
FP,2015,13,bifarius,Heterotheca.villosa,1,2,0.5
FP,2015,13,bifarius,Potentilla.pulcherrima,1,2,0.5
FP,2015,13,bifarius,Senecio.serra,1,2,0.5
FP,2015,13,californicus,Cirsium.parryi,1,2,0.5
FP,2015,13,flavifrons,Delphinium.barbeyi,2,2,1
FP,2015,13,flavifrons,Heliomeris.multiflora,6,2,3
FP,2015,13,flavifrons,Senecio.serra,3,2,1.5
FP,2015,13,mixtus,Senecio.serra,1,2,0.5
FP,2015,13,nevadensis,Erigeron.speciosus,1,2,0.5
FP,2015,13,occidentalis,Vicia.americana,1,2,0.5
FP,2015,13,rufocinctus,Agoseris.glauca,1,2,0.5
FP,2015,13,rufocinctus,Erigeron.speciosus,5,2,2.5
FP,2015,13,rufocinctus,Heliomeris.multiflora,34,2,17
FP,2015,13,rufocinctus,Symphyotrichum.spathulatum,1,2,0.5
FP,2015,14,appositus,Cirsium.parryi,4,1,4
FP,2015,14,appositus,Gentiana.parryi,11,1,11
FP,2015,14,bifarius,Aster.foliaceus,6,1,6
FP,2015,14,bifarius,Heliomeris.multiflora,5,1,5
FP,2015,14,flavifrons,Aster.foliaceus,2,1,2
FP,2015,14,flavifrons,Cirsium.parryi,5,1,5
FP,2015,14,flavifrons,Heliomeris.multiflora,10,1,10
FP,2015,14,flavifrons,Senecio.serra,4,1,4
FP,2015,14,insularis,Aster.foliaceus,3,1,3
FP,2015,14,insularis,Heliomeris.multiflora,7,1,7
FP,2015,14,insularis,Senecio.serra,3,1,3
FP,2015,14,insularis,Symphyotrichum.spathulatum,1,1,1
FP,2015,14,mixtus,Heliomeris.multiflora,2,1,2
FP,2015,14,rufocinctus,Aster.foliaceus,3,1,3
FP,2015,14,rufocinctus,Heliomeris.multiflora,13,1,13
FP,2015,15,appositus,Cirsium.parryi,3,1,3
FP,2015,15,appositus,Gentiana.parryi,4,1,4
FP,2015,15,bifarius,Aster.foliaceus,29,1,29
FP,2015,15,bifarius,Heliomeris.multiflora,15,1,15
FP,2015,15,flavifrons,Aster.foliaceus,1,1,1
FP,2015,15,flavifrons,Heliomeris.multiflora,8,1,8
FP,2015,15,insularis,Aster.foliaceus,11,1,11
FP,2015,15,insularis,Heliomeris.multiflora,15,1,15
FP,2015,15,rufocinctus,Aster.foliaceus,30,1,30
FP,2015,15,rufocinctus,Heliomeris.multiflora,11,1,11
FP,2015,16,appositus,Cirsium.parryi,1,1,1
FP,2015,16,bifarius,Aster.foliaceus,48,1,48
FP,2015,16,bifarius,Heliomeris.multiflora,1,1,1
FP,2015,16,flavifrons,Aster.foliaceus,2,1,2
FP,2015,16,insularis,Aster.foliaceus,5,1,5
FP,2015,16,insularis,Ericameria.parryi,3,1,3
FP,2015,16,rufocinctus,Aster.foliaceus,1,1,1
FP,2016,3,bifarius,Mertensia.fusiformis,1,1,1
FP,2016,3,bifarius,Salix.sp,1,1,1
FP,2016,4,bifarius,Mertensia.fusiformis,9,1,9
FP,2016,4,californicus,Mertensia.fusiformis,1,1,1
FP,2016,5,bifarius,Mertensia.fusiformis,4,1,4
FP,2016,5,californicus,Salix.sp,1,1,1
FP,2016,6,bifarius,Taraxacum.officinale,1,1,1
FP,2016,6,californicus,Lathyrus.leucanthus,2,1,2
FP,2016,6,flavifrons,Hydrophyllum.fendleri,5,1,5
FP,2016,6,flavifrons,Lupinus.bakeri,1,1,1
FP,2016,6,rufocinctus,Distegia.involucrata,1,1,1
FP,2016,7,bifarius,Hydrophyllum.fendleri,1,1,1
FP,2016,7,bifarius,Lupinus.bakeri,6,1,6
FP,2016,7,flavifrons,Hydrophyllum.fendleri,4,1,4
FP,2016,7,flavifrons,Lupinus.bakeri,2,1,2
FP,2016,7,insularis,Frasera.speciosa,2,1,2
FP,2016,7,insularis,Mertensia.fusiformis,1,1,1
FP,2016,7,mixtus,Lupinus.bakeri,1,1,1
FP,2016,7,rufocinctus,Lupinus.bakeri,2,1,2
FP,2016,8,appositus,Lathyrus.leucanthus,1,1,1
FP,2016,8,appositus,Lupinus.bakeri,1,1,1
FP,2016,8,bifarius,Lupinus.bakeri,3,1,3
FP,2016,8,californicus,Lathyrus.leucanthus,1,1,1
FP,2016,8,flavifrons,Hydrophyllum.fendleri,2,1,2
FP,2016,8,flavifrons,Senecio.serra,1,1,1
FP,2016,8,insularis,Hydrophyllum.fendleri,2,1,2
FP,2016,8,nevadensis,Lathyrus.leucanthus,1,1,1
FP,2016,8,rufocinctus,Hydrophyllum.fendleri,1,1,1
FP,2016,8,rufocinctus,Lupinus.bakeri,4,1,4
FP,2016,8,rufocinctus,Vicia.americana,1,1,1
FP,2016,9,flavifrons,Hydrophyllum.fendleri,1,1,1
FP,2016,9,insularis,Hydrophyllum.fendleri,1,1,1
FP,2016,9,occidentalis,Lupinus.bakeri,1,1,1
FP,2016,9,rufocinctus,Hydrophyllum.fendleri,1,1,1
FP,2016,9,rufocinctus,Lupinus.bakeri,3,1,3
FP,2016,10,appositus,Delphinium.barbeyi,1,1,1
FP,2016,10,appositus,Vicia.americana,2,1,2
FP,2016,10,bifarius,Hydrophyllum.fendleri,1,1,1
FP,2016,10,bifarius,Mertensia.ciliata,1,1,1
FP,2016,10,californicus,Vicia.americana,1,1,1
FP,2016,10,flavifrons,Hydrophyllum.fendleri,3,1,3
FP,2016,10,flavifrons,Vicia.americana,4,1,4
FP,2016,10,insularis,Hydrophyllum.fendleri,1,1,1
FP,2016,10,nevadensis,Vicia.americana,1,1,1
FP,2016,11,appositus,Delphinium.barbeyi,13,1,13
FP,2016,11,appositus,Linaria.vulgaris,2,1,2
FP,2016,11,appositus,Vicia.americana,3,1,3
FP,2016,11,bifarius,Helianthella.quinquenervis,8,1,8
FP,2016,11,bifarius,Lupinus.bakeri,1,1,1
FP,2016,11,californicus,Delphinium.barbeyi,1,1,1
FP,2016,11,californicus,Vicia.americana,1,1,1
FP,2016,11,flavifrons,Delphinium.barbeyi,1,1,1
FP,2016,11,flavifrons,Vicia.americana,1,1,1
FP,2016,11,rufocinctus,Helianthella.quinquenervis,1,1,1
FP,2016,12,appositus,Delphinium.barbeyi,5,1,5
FP,2016,12,bifarius,Hackelia.floribunda,1,1,1
FP,2016,12,bifarius,Helianthella.quinquenervis,11,1,11
FP,2016,12,bifarius,Heracleum.sphondylium,2,1,2
FP,2016,12,bifarius,Pyrrocoma.crocea,1,1,1
FP,2016,12,californicus,Vicia.americana,2,1,2
FP,2016,12,flavifrons,Delphinium.barbeyi,6,1,6
FP,2016,12,flavifrons,Helianthella.quinquenervis,2,1,2
FP,2016,12,rufocinctus,Erigeron.elatior,1,1,1
FP,2016,12,rufocinctus,Helianthella.quinquenervis,7,1,7
FP,2016,12,rufocinctus,Thalictrum.fendleri,1,1,1
FP,2016,13,appositus,Linaria.vulgaris,2,1,2
FP,2016,13,bifarius,Aster.foliaceus,1,1,1
FP,2016,13,bifarius,Erigeron.elatior,2,1,2
FP,2016,13,bifarius,Erigeron.speciosus,4,1,4
FP,2016,13,bifarius,Heliomeris.multiflora,8,1,8
FP,2016,13,bifarius,Ligularia.bigelovii,2,1,2
FP,2016,13,californicus,Delphinium.barbeyi,1,1,1
FP,2016,13,flavifrons,Cirsium.parryi,5,1,5
FP,2016,13,flavifrons,Delphinium.barbeyi,2,1,2
FP,2016,13,insularis,Erigeron.elatior,1,1,1
FP,2016,13,insularis,Ligularia.bigelovii,2,1,2
FP,2016,13,nevadensis,Delphinium.barbeyi,1,1,1
FP,2016,13,occidentalis,Vicia.americana,2,1,2
FP,2016,13,rufocinctus,Linaria.vulgaris,1,1,1
FP,2016,14,appositus,Linaria.vulgaris,2,1,2
FP,2016,14,bifarius,Aster.foliaceus,1,1,1
FP,2016,14,bifarius,Erigeron.elatior,2,1,2
FP,2016,14,bifarius,Erigeron.speciosus,4,1,4
FP,2016,14,bifarius,Heliomeris.multiflora,8,1,8
FP,2016,14,bifarius,Ligularia.bigelovii,2,1,2
FP,2016,14,californicus,Delphinium.barbeyi,1,1,1
FP,2016,14,flavifrons,Cirsium.parryi,5,1,5
FP,2016,14,flavifrons,Delphinium.barbeyi,2,1,2
FP,2016,14,insularis,Erigeron.elatior,1,1,1
FP,2016,14,insularis,Ligularia.bigelovii,2,1,2
FP,2016,14,nevadensis,Delphinium.barbeyi,1,1,1
FP,2016,14,occidentalis,Vicia.americana,2,1,2
FP,2016,14,rufocinctus,Ligularia.bigelovii,1,1,1
FP,2016,14,rufocinctus,Linaria.vulgaris,1,1,1
FP,2016,15,appositus,Cirsium.parryi,1,1,1
FP,2016,15,appositus,Gentiana.parryi,1,1,1
FP,2016,15,appositus,Linaria.vulgaris,4,1,4
FP,2016,15,bifarius,Aster.foliaceus,1,1,1
FP,2016,15,bifarius,Heliomeris.multiflora,46,1,46
FP,2016,15,bifarius,Linaria.vulgaris,1,1,1
FP,2016,15,bifarius,Pseudocymopterus.montanus,1,1,1
FP,2016,15,flavifrons,Cirsium.parryi,2,1,2
FP,2016,15,flavifrons,Heliomeris.multiflora,4,1,4
FP,2016,15,flavifrons,Ligularia.bigelovii,1,1,1
FP,2016,15,flavifrons,Trifolium.repens,1,1,1
FP,2016,15,insularis,Aster.foliaceus,6,1,6
FP,2016,15,insularis,Ericameria.parryi,3,1,3
FP,2016,15,insularis,Erigeron.elatior,1,1,1
FP,2016,15,insularis,Heliomeris.multiflora,26,1,26
FP,2016,15,insularis,Ligularia.bigelovii,3,1,3
FP,2016,15,insularis,Linaria.vulgaris,2,1,2
FP,2016,15,rufocinctus,Heliomeris.multiflora,3,1,3
FP,2016,16,appositus,Cirsium.parryi,1,1,1
FP,2016,16,appositus,Ericameria.parryi,6,1,6
FP,2016,16,appositus,Gentiana.parryi,8,1,8
FP,2016,16,appositus,Linaria.vulgaris,3,1,3
FP,2016,16,bifarius,Ericameria.parryi,2,1,2
FP,2016,16,bifarius,Heliomeris.multiflora,33,1,33
FP,2016,16,flavifrons,Aster.foliaceus,5,1,5
FP,2016,16,flavifrons,Heliomeris.multiflora,1,1,1
FP,2016,16,insularis,Aster.foliaceus,4,1,4
FP,2016,16,insularis,Ericameria.parryi,8,1,8
FP,2016,16,insularis,Heliomeris.multiflora,25,1,25
FP,2016,16,mixtus,Heliomeris.multiflora,1,1,1
FP,2016,16,rufocinctus,Heliomeris.multiflora,9,1,9
FP,2016,16,rufocinctus,Symphyotrichum.spathulatum,1,1,1
FP,2016,17,bifarius,Heliomeris.multiflora,6,1,6
FP,2016,17,flavifrons,Heliomeris.multiflora,1,1,1
FP,2016,17,insularis,Ericameria.parryi,2,1,2
FP,2016,17,insularis,Erigeron.elatior,1,1,1
FP,2016,17,insularis,Heliomeris.multiflora,2,1,2
FP,2016,17,occidentalis,Heliomeris.multiflora,1,1,1
FP,2016,17,rufocinctus,Heliomeris.multiflora,1,1,1
FP,2017,1,bifarius,Salix.sp,2,1,2
FP,2017,2,bifarius,Mertensia.fusiformis,8,2,4
FP,2017,2,flavifrons,Mertensia.fusiformis,2,2,1
FP,2017,2,rufocinctus,Mertensia.fusiformis,1,2,0.5
FP,2017,3,bifarius,Mertensia.fusiformis,4,1,4
FP,2017,3,flavifrons,Mertensia.fusiformis,4,1,4
FP,2017,3,rufocinctus,Mertensia.fusiformis,5,1,5
FP,2017,4,flavifrons,Hydrophyllum.fendleri,4,1,4
FP,2017,4,flavifrons,Mertensia.fusiformis,1,1,1
FP,2017,4,rufocinctus,Hydrophyllum.fendleri,2,1,2
FP,2017,4,rufocinctus,Mertensia.fusiformis,1,1,1
FP,2017,4,rufocinctus,Taraxacum.officinale,1,1,1
FP,2017,5,bifarius,Lupinus.bakeri,1,1,1
FP,2017,5,californicus,Lathyrus.leucanthus,1,1,1
FP,2017,5,flavifrons,Hydrophyllum.fendleri,4,1,4
FP,2017,5,rufocinctus,Lupinus.bakeri,1,1,1
FP,2017,6,appositus,Lathyrus.leucanthus,1,1,1
FP,2017,6,appositus,Lupinus.bakeri,1,1,1
FP,2017,6,bifarius,Frasera.speciosa,2,1,2
FP,2017,6,bifarius,Lupinus.bakeri,2,1,2
FP,2017,6,flavifrons,Lupinus.bakeri,1,1,1
FP,2017,6,rufocinctus,Hydrophyllum.fendleri,1,1,1
FP,2017,6,rufocinctus,Lupinus.bakeri,8,1,8
FP,2017,7,appositus,Delphinium.barbeyi,1,1,1
FP,2017,7,bifarius,Hydrophyllum.fendleri,1,1,1
FP,2017,7,californicus,Frasera.speciosa,1,1,1
FP,2017,7,rufocinctus,Frasera.speciosa,2,1,2
FP,2017,7,rufocinctus,Hydrophyllum.fendleri,2,1,2
FP,2017,7,rufocinctus,Lupinus.bakeri,1,1,1
FP,2017,8,appositus,Delphinium.barbeyi,18,1,18
FP,2017,8,bifarius,Erigeron.speciosus,1,1,1
FP,2017,8,bifarius,Hackelia.floribunda,8,1,8
FP,2017,8,bifarius,Helianthella.quinquenervis,1,1,1
FP,2017,8,bifarius,Heterotheca.villosa,2,1,2
FP,2017,8,bifarius,Potentilla.pulcherrima,1,1,1
FP,2017,8,flavifrons,Delphinium.barbeyi,2,1,2
FP,2017,8,flavifrons,Erigeron.speciosus,1,1,1
FP,2017,8,rufocinctus,Erigeron.speciosus,3,1,3
FP,2017,8,rufocinctus,Frasera.speciosa,4,1,4
FP,2017,8,rufocinctus,Pyrrocoma.crocea,1,1,1
FP,2017,9,appositus,Delphinium.barbeyi,5,1,5
FP,2017,9,appositus,Linaria.vulgaris,2,1,2
FP,2017,9,bifarius,Agoseris.glauca,1,1,1
FP,2017,9,bifarius,Calochortus.gunnisonii,1,1,1
FP,2017,9,bifarius,Dugaldia.hoopesii,2,1,2
FP,2017,9,bifarius,Erigeron.speciosus,1,1,1
FP,2017,9,bifarius,Hackelia.floribunda,2,1,2
FP,2017,9,bifarius,Helianthella.quinquenervis,1,1,1
FP,2017,9,bifarius,Pentaphylloides.floribunda,1,1,1
FP,2017,9,bifarius,Potentilla.pulcherrima,3,1,3
FP,2017,9,flavifrons,Cirsium.parryi,1,1,1
FP,2017,9,flavifrons,Delphinium.barbeyi,7,1,7
FP,2017,9,flavifrons,Helianthella.quinquenervis,1,1,1
FP,2017,9,mixtus,Erigeron.elatior,1,1,1
FP,2017,9,rufocinctus,Calochortus.gunnisonii,6,1,6
FP,2017,9,rufocinctus,Dugaldia.hoopesii,1,1,1
FP,2017,9,rufocinctus,Erigeron.speciosus,5,1,5
FP,2017,9,rufocinctus,Linaria.vulgaris,1,1,1
FP,2017,9,rufocinctus,Pentaphylloides.floribunda,1,1,1
FP,2017,10,appositus,Delphinium.barbeyi,13,1,13
FP,2017,10,appositus,Linaria.vulgaris,1,1,1
FP,2017,10,bifarius,Helianthella.quinquenervis,1,1,1
FP,2017,10,bifarius,Heliomeris.multiflora,4,1,4
FP,2017,10,flavifrons,Cirsium.parryi,1,1,1
FP,2017,10,flavifrons,Delphinium.barbeyi,7,1,7
FP,2017,10,flavifrons,Erigeron.speciosus,1,1,1
FP,2017,10,flavifrons,Frasera.speciosa,1,1,1
FP,2017,10,rufocinctus,Calochortus.gunnisonii,1,1,1
FP,2017,10,rufocinctus,Dugaldia.hoopesii,1,1,1
FP,2017,10,rufocinctus,Erigeron.speciosus,2,1,2
FP,2017,10,rufocinctus,Heliomeris.multiflora,8,1,8
FP,2017,10,rufocinctus,Pyrrocoma.crocea,1,1,1
FP,2017,11,appositus,Aconitum.columbianum,1,1,1
FP,2017,11,appositus,Delphinium.barbeyi,5,1,5
FP,2017,11,appositus,Linaria.vulgaris,3,1,3
FP,2017,11,bifarius,Erigeron.speciosus,18,1,18
FP,2017,11,bifarius,Helianthella.quinquenervis,1,1,1
FP,2017,11,bifarius,Heliomeris.multiflora,7,1,7
FP,2017,11,bifarius,Heterotheca.villosa,2,1,2
FP,2017,11,bifarius,Ligularia.bigelovii,1,1,1
FP,2017,11,bifarius,Linaria.vulgaris,1,1,1
FP,2017,11,bifarius,Pentaphylloides.floribunda,1,1,1
FP,2017,11,flavifrons,Cirsium.parryi,1,1,1
FP,2017,11,flavifrons,Delphinium.barbeyi,1,1,1
FP,2017,11,mixtus,Cirsium.parryi,1,1,1
FP,2017,11,mixtus,Erigeron.speciosus,1,1,1
FP,2017,11,rufocinctus,Campanula.rotundifolia,1,1,1
FP,2017,11,rufocinctus,Erigeron.elatior,1,1,1
FP,2017,11,rufocinctus,Erigeron.speciosus,11,1,11
FP,2017,11,rufocinctus,Ligularia.bigelovii,3,1,3
FP,2017,11,rufocinctus,Pentaphylloides.floribunda,2,1,2
FP,2017,12,appositus,Cirsium.parryi,1,1,1
FP,2017,12,appositus,Linaria.vulgaris,3,1,3
FP,2017,12,bifarius,Erigeron.speciosus,3,1,3
FP,2017,12,bifarius,Heliomeris.multiflora,19,1,19
FP,2017,12,bifarius,Heterotheca.villosa,1,1,1
FP,2017,12,bifarius,Ligularia.bigelovii,1,1,1
FP,2017,12,bifarius,Linaria.vulgaris,1,1,1
FP,2017,12,californicus,Castilleja.sulphurea,1,1,1
FP,2017,12,californicus,Cirsium.parryi,1,1,1
FP,2017,12,californicus,Linaria.vulgaris,1,1,1
FP,2017,12,flavifrons,Cirsium.parryi,7,1,7
FP,2017,12,flavifrons,Delphinium.barbeyi,1,1,1
FP,2017,12,flavifrons,Ligularia.bigelovii,1,1,1
FP,2017,12,rufocinctus,Heliomeris.multiflora,3,1,3
FP,2017,12,rufocinctus,Ligularia.bigelovii,1,1,1
FP,2017,13,appositus,Cirsium.parryi,2,1,2
FP,2017,13,appositus,Ericameria.parryi,2,1,2
FP,2017,13,appositus,Linaria.vulgaris,2,1,2
FP,2017,13,bifarius,Ericameria.parryi,2,1,2
FP,2017,13,bifarius,Heliomeris.multiflora,35,1,35
FP,2017,13,bifarius,Heterotheca.villosa,1,1,1
FP,2017,13,bifarius,Linaria.vulgaris,1,1,1
FP,2017,13,californicus,Linaria.vulgaris,2,1,2
FP,2017,13,flavifrons,Cirsium.parryi,1,1,1
FP,2017,13,flavifrons,Heliomeris.multiflora,2,1,2
FP,2017,13,flavifrons,Ligularia.bigelovii,2,1,2
FP,2017,13,insularis,Ericameria.parryi,2,1,2
FP,2017,13,insularis,Heliomeris.multiflora,7,1,7
FP,2017,13,insularis,Ligularia.bigelovii,2,1,2
FP,2017,13,mixtus,Solidago.missouriensis,1,1,1
FP,2017,13,rufocinctus,Heliomeris.multiflora,4,1,4
FP,2017,14,bifarius,Heliomeris.multiflora,25,1,25
FP,2017,14,californicus,Ericameria.parryi,2,1,2
FP,2017,14,californicus,Linaria.vulgaris,1,1,1
FP,2017,14,flavifrons,Ericameria.parryi,1,1,1
FP,2017,14,flavifrons,Heliomeris.multiflora,7,1,7
FP,2017,14,flavifrons,Sidalcea.candida,1,1,1
FP,2017,14,insularis,Ericameria.parryi,10,1,10
FP,2017,14,insularis,Heliomeris.multiflora,12,1,12
FP,2017,14,mixtus,Heliomeris.multiflora,1,1,1
FP,2017,14,occidentalis,Heliomeris.multiflora,1,1,1
FP,2017,14,occidentalis,Linaria.vulgaris,2,1,2
FP,2017,14,rufocinctus,Heliomeris.multiflora,6,1,6
FP,2017,15,appositus,Cirsium.parryi,1,1,1
FP,2017,15,appositus,Heliomeris.multiflora,1,1,1
FP,2017,15,appositus,Linaria.vulgaris,1,1,1
FP,2017,15,bifarius,Aster.foliaceus,1,1,1
FP,2017,15,bifarius,Ericameria.parryi,2,1,2
FP,2017,15,bifarius,Heliomeris.multiflora,8,1,8
FP,2017,15,californicus,Ericameria.parryi,1,1,1
FP,2017,15,flavifrons,Cirsium.parryi,1,1,1
FP,2017,15,flavifrons,Heliomeris.multiflora,2,1,2
FP,2017,15,insularis,Aster.foliaceus,1,1,1
FP,2017,15,insularis,Cirsium.parryi,2,1,2
FP,2017,15,insularis,Ericameria.parryi,25,1,25
FP,2017,15,insularis,Heliomeris.multiflora,25,1,25
FP,2017,15,occidentalis,Heliomeris.multiflora,1,1,1
FP,2017,15,rufocinctus,Heliomeris.multiflora,4,1,4
FP,2017,16,bifarius,Ericameria.parryi,1,1,1
FP,2017,16,insularis,Cirsium.parryi,2,1,2
FP,2017,16,insularis,Ericameria.parryi,3,1,3
FP,2017,16,rufocinctus,Ericameria.parryi,1,1,1
FP,2018,1,bifarius,Salix.sp,3,1,3
FP,2018,2,bifarius,Salix.sp,1,1,1
FP,2018,4,bifarius,Salix.sp,2,1,2
FP,2018,4,flavifrons,Mertensia.fusiformis,1,1,1
FP,2018,5,bifarius,Mertensia.fusiformis,3,1,3
FP,2018,5,flavifrons,Taraxacum.officinale,1,1,1
FP,2018,6,bifarius,Salix.sp,1,1,1
FP,2018,6,flavifrons,Hydrophyllum.fendleri,4,1,4
FP,2018,7,bifarius,Taraxacum.officinale,1,1,1
FP,2018,7,californicus,Lathyrus.leucanthus,1,1,1
FP,2018,7,californicus,Taraxacum.officinale,1,1,1
FP,2018,7,flavifrons,Hydrophyllum.fendleri,5,1,5
FP,2018,7,insularis,Taraxacum.officinale,1,1,1
FP,2018,8,bifarius,Lupinus.bakeri,1,1,1
FP,2018,8,insularis,Hydrophyllum.fendleri,1,1,1
FP,2018,9,flavifrons,Hydrophyllum.fendleri,1,1,1
FP,2018,9,flavifrons,Mertensia.ciliata,1,1,1
FP,2018,10,appositus,Vicia.americana,1,1,1
FP,2018,10,mixtus,Mertensia.ciliata,1,1,1
FP,2018,11,appositus,Linaria.vulgaris,2,1,2
FP,2018,11,bifarius,Helianthella.quinquenervis,3,1,3
FP,2018,11,bifarius,Pentaphylloides.floribunda,4,1,4
FP,2018,11,flavifrons,Delphinium.barbeyi,1,1,1
FP,2018,11,flavifrons,Helianthella.quinquenervis,2,1,2
FP,2018,11,rufocinctus,Calochortus.gunnisonii,1,1,1
FP,2018,12,appositus,Linaria.vulgaris,1,1,1
FP,2018,12,bifarius,Angelica.grayi,2,1,2
FP,2018,12,bifarius,Erigeron.speciosus,10,1,10
FP,2018,12,bifarius,Helianthella.quinquenervis,3,1,3
FP,2018,12,bifarius,Heliomeris.multiflora,3,1,3
FP,2018,12,bifarius,Linaria.vulgaris,1,1,1
FP,2018,12,flavifrons,Aconitum.columbianum,2,1,2
FP,2018,12,flavifrons,Cirsium.parryi,1,1,1
FP,2018,12,flavifrons,Delphinium.barbeyi,2,1,2
FP,2018,12,occidentalis,Angelica.grayi,1,1,1
FP,2018,12,occidentalis,Heracleum.sphondylium,2,1,2
FP,2018,12,rufocinctus,Erigeron.speciosus,1,1,1
FP,2018,13,appositus,Delphinium.barbeyi,1,1,1
FP,2018,13,bifarius,Angelica.grayi,2,1,2
FP,2018,13,bifarius,Cirsium.parryi,3,1,3
FP,2018,13,bifarius,Erigeron.elatior,1,1,1
FP,2018,13,bifarius,Erigeron.speciosus,21,1,21
FP,2018,13,bifarius,Heliomeris.multiflora,13,1,13
FP,2018,13,bifarius,Heterotheca.villosa,6,1,6
FP,2018,13,bifarius,Pentaphylloides.floribunda,1,1,1
FP,2018,13,bifarius,Pyrrocoma.crocea,1,1,1
FP,2018,13,bifarius,Trifolium.repens,1,1,1
FP,2018,13,flavifrons,Aconitum.columbianum,1,1,1
FP,2018,13,flavifrons,Cirsium.parryi,3,1,3
FP,2018,13,occidentalis,Angelica.grayi,1,1,1
FP,2018,13,occidentalis,Cirsium.parryi,1,1,1
FP,2018,13,occidentalis,Heracleum.sphondylium,1,1,1
FP,2018,13,rufocinctus,Erigeron.speciosus,3,1,3
FP,2018,13,rufocinctus,Helianthella.quinquenervis,1,1,1
FP,2018,13,rufocinctus,Heterotheca.villosa,1,1,1
FP,2018,14,appositus,Linaria.vulgaris,3,1,3
FP,2018,14,bifarius,Angelica.grayi,2,1,2
FP,2018,14,bifarius,Aster.foliaceus,1,1,1
FP,2018,14,bifarius,Cirsium.parryi,3,1,3
FP,2018,14,bifarius,Ericameria.parryi,6,1,6
FP,2018,14,bifarius,Erigeron.speciosus,6,1,6
FP,2018,14,bifarius,Helianthella.quinquenervis,1,1,1
FP,2018,14,bifarius,Heliomeris.multiflora,62,1,62
FP,2018,14,bifarius,Heterotheca.villosa,5,1,5
FP,2018,14,bifarius,Ligularia.bigelovii,2,1,2
FP,2018,14,bifarius,Linaria.vulgaris,5,1,5
FP,2018,14,bifarius,Senecio.serra,1,1,1
FP,2018,14,californicus,Linaria.vulgaris,1,1,1
FP,2018,14,flavifrons,Cirsium.parryi,15,1,15
FP,2018,14,flavifrons,Erigeron.speciosus,1,1,1
FP,2018,14,flavifrons,Senecio.serra,1,1,1
FP,2018,14,insularis,Cirsium.parryi,2,1,2
FP,2018,14,insularis,Ericameria.parryi,9,1,9
FP,2018,14,insularis,Erigeron.speciosus,1,1,1
FP,2018,14,insularis,Heliomeris.multiflora,8,1,8
FP,2018,14,insularis,Solidago.missouriensis,1,1,1
FP,2018,14,mixtus,Cirsium.parryi,1,1,1
FP,2018,14,mixtus,Erigeron.elatior,1,1,1
FP,2018,14,mixtus,Heliomeris.multiflora,1,1,1
FP,2018,14,occidentalis,Angelica.grayi,6,1,6
FP,2018,14,occidentalis,Aster.foliaceus,1,1,1
FP,2018,14,occidentalis,Cirsium.parryi,4,1,4
FP,2018,14,occidentalis,Ligularia.bigelovii,1,1,1
FP,2018,14,rufocinctus,Campanula.rotundifolia,1,1,1
FP,2018,14,rufocinctus,Erigeron.speciosus,3,1,3
FP,2018,14,rufocinctus,Geranium.richardsonii,1,1,1
FP,2018,14,rufocinctus,Heliomeris.multiflora,4,1,4
FP,2018,15,appositus,Linaria.vulgaris,1,1,1
FP,2018,15,bifarius,Aster.foliaceus,2,1,2
FP,2018,15,bifarius,Cirsium.parryi,1,1,1
FP,2018,15,bifarius,Ericameria.parryi,2,1,2
FP,2018,15,bifarius,Erigeron.speciosus,1,1,1
FP,2018,15,bifarius,Heliomeris.multiflora,78,1,78
FP,2018,15,bifarius,Heterotheca.villosa,1,1,1
FP,2018,15,bifarius,Linaria.vulgaris,1,1,1
FP,2018,15,bifarius,Pyrrocoma.crocea,1,1,1
FP,2018,15,californicus,Linaria.vulgaris,1,1,1
FP,2018,15,flavifrons,Cirsium.parryi,11,1,11
FP,2018,15,flavifrons,Ericameria.parryi,2,1,2
FP,2018,15,flavifrons,Helianthella.quinquenervis,1,1,1
FP,2018,15,flavifrons,Heliomeris.multiflora,1,1,1
FP,2018,15,insularis,Cirsium.parryi,3,1,3
FP,2018,15,insularis,Ericameria.parryi,12,1,12
FP,2018,15,insularis,Heliomeris.multiflora,5,1,5
FP,2018,15,occidentalis,Angelica.grayi,1,1,1
FP,2018,15,occidentalis,Conioselinum.scopulorum,1,1,1
FP,2018,15,occidentalis,Heliomeris.multiflora,2,1,2
FP,2018,15,rufocinctus,Heliomeris.multiflora,3,1,3
FP,2018,16,appositus,Cirsium.parryi,1,1,1
FP,2018,16,appositus,Gentiana.parryi,2,1,2
FP,2018,16,appositus,Linaria.vulgaris,2,1,2
FP,2018,16,bifarius,Aster.foliaceus,3,1,3
FP,2018,16,bifarius,Ericameria.parryi,2,1,2
FP,2018,16,bifarius,Heliomeris.multiflora,42,1,42
FP,2018,16,flavifrons,Aster.foliaceus,3,1,3
FP,2018,16,flavifrons,Cirsium.parryi,1,1,1
FP,2018,16,flavifrons,Ericameria.parryi,1,1,1
FP,2018,16,flavifrons,Heliomeris.multiflora,1,1,1
FP,2018,16,insularis,Aster.foliaceus,2,1,2
FP,2018,16,insularis,Cirsium.parryi,4,1,4
FP,2018,16,insularis,Ericameria.parryi,110,1,110
FP,2018,16,insularis,Heliomeris.multiflora,13,1,13
FP,2018,16,rufocinctus,Heliomeris.multiflora,7,1,7
FP,2018,17,appositus,Gentiana.parryi,4,1,4
FP,2018,17,bifarius,Ericameria.parryi,4,1,4
FP,2018,17,bifarius,Heliomeris.multiflora,36,1,36
FP,2018,17,flavifrons,Heliomeris.multiflora,1,1,1
FP,2018,17,insularis,Aster.foliaceus,4,1,4
FP,2018,17,insularis,Ericameria.parryi,98,1,98
FP,2018,17,insularis,Heliomeris.multiflora,8,1,8
FP,2018,17,rufocinctus,Heliomeris.multiflora,4,1,4
FP,2018,18,appositus,Ericameria.parryi,1,1,1
FP,2018,18,bifarius,Ericameria.parryi,17,1,17
FP,2018,18,bifarius,Heliomeris.multiflora,7,1,7
FP,2018,18,flavifrons,Ericameria.parryi,1,1,1
FP,2018,18,insularis,Ericameria.parryi,46,1,46
FP,2018,18,occidentalis,Ericameria.parryi,1,1,1
FP,2018,18,rufocinctus,Ericameria.parryi,1,1,1
FP,2018,18,rufocinctus,Heliomeris.multiflora,1,1,1
FP,2018,19,bifarius,Ericameria.parryi,3,1,3
FP,2018,19,insularis,Ericameria.parryi,9,1,9
FP,2018,20,bifarius,Ericameria.parryi,7,1,7
FP,2019,2,bifarius,Mertensia.fusiformis,1,1,1
FP,2019,3,appositus,Mertensia.fusiformis,3,1,3
FP,2019,3,bifarius,Mertensia.fusiformis,7,1,7
FP,2019,3,flavifrons,Mertensia.fusiformis,5,1,5
FP,2019,3,rufocinctus,Mertensia.fusiformis,1,1,1
FP,2019,4,appositus,Hydrophyllum.fendleri,1,1,1
FP,2019,4,bifarius,Mertensia.fusiformis,1,1,1
FP,2019,4,flavifrons,Hydrophyllum.fendleri,3,1,3
FP,2019,4,flavifrons,Mertensia.fusiformis,2,1,2
FP,2019,4,insularis,Taraxacum.officinale,1,1,1
FP,2019,4,rufocinctus,Mertensia.fusiformis,2,1,2
FP,2019,5,flavifrons,Hydrophyllum.fendleri,1,1,1
FP,2019,5,insularis,Mertensia.fusiformis,1,1,1
FP,2019,5,rufocinctus,Frasera.speciosa,1,1,1
FP,2019,5,rufocinctus,Taraxacum.officinale,1,1,1
FP,2019,6,bifarius,Lupinus.bakeri,3,1,3
FP,2019,6,flavifrons,Mertensia.ciliata,1,1,1
FP,2019,6,rufocinctus,Frasera.speciosa,1,1,1
FP,2019,6,rufocinctus,Lupinus.bakeri,4,1,4
FP,2019,7,bifarius,Frasera.speciosa,1,1,1
FP,2019,7,bifarius,Lupinus.bakeri,4,1,4
FP,2019,7,flavifrons,Frasera.speciosa,1,1,1
FP,2019,7,flavifrons,Lupinus.bakeri,2,1,2
FP,2019,7,nevadensis,Frasera.speciosa,1,1,1
FP,2019,7,nevadensis,Lupinus.bakeri,1,1,1
FP,2019,7,nevadensis,Vicia.americana,1,1,1
FP,2019,7,rufocinctus,Frasera.speciosa,2,1,2
FP,2019,8,appositus,Delphinium.barbeyi,5,1,5
FP,2019,8,appositus,Vicia.americana,2,1,2
FP,2019,8,bifarius,Frasera.speciosa,6,1,6
FP,2019,8,bifarius,Lupinus.bakeri,7,1,7
FP,2019,8,californicus,Vicia.americana,1,1,1
FP,2019,8,flavifrons,Hydrophyllum.fendleri,1,1,1
FP,2019,8,flavifrons,Lupinus.bakeri,5,1,5
FP,2019,8,flavifrons,Mertensia.ciliata,1,1,1
FP,2019,8,mixtus,Frasera.speciosa,1,1,1
FP,2019,8,mixtus,Mertensia.ciliata,1,1,1
FP,2019,8,nevadensis,Frasera.speciosa,5,1,5
FP,2019,8,nevadensis,Lupinus.bakeri,2,1,2
FP,2019,8,rufocinctus,Lupinus.bakeri,1,1,1
FP,2019,9,appositus,Delphinium.barbeyi,7,1,7
FP,2019,9,bifarius,Calochortus.gunnisonii,4,1,4
FP,2019,9,bifarius,Campanula.rotundifolia,1,1,1
FP,2019,9,bifarius,Erigeron.speciosus,1,1,1
FP,2019,9,bifarius,Frasera.speciosa,7,1,7
FP,2019,9,bifarius,Helianthella.quinquenervis,3,1,3
FP,2019,9,bifarius,Lupinus.bakeri,2,1,2
FP,2019,9,bifarius,Potentilla.pulcherrima,2,1,2
FP,2019,9,californicus,Delphinium.barbeyi,1,1,1
FP,2019,9,flavifrons,Delphinium.barbeyi,6,1,6
FP,2019,9,flavifrons,Frasera.speciosa,2,1,2
FP,2019,9,flavifrons,Potentilla.pulcherrima,1,1,1
FP,2019,9,nevadensis,Delphinium.barbeyi,1,1,1
FP,2019,9,rufocinctus,Calochortus.gunnisonii,2,1,2
FP,2019,9,rufocinctus,Erigeron.speciosus,1,1,1
FP,2019,9,rufocinctus,Frasera.speciosa,1,1,1
FP,2019,9,rufocinctus,Lupinus.bakeri,1,1,1
FP,2019,9,rufocinctus,Potentilla.pulcherrima,2,1,2
FP,2019,10,appositus,Delphinium.barbeyi,16,1,16
FP,2019,10,bifarius,Campanula.rotundifolia,1,1,1
FP,2019,10,bifarius,Frasera.speciosa,4,1,4
FP,2019,10,bifarius,Lupinus.bakeri,1,1,1
FP,2019,10,bifarius,Pentaphylloides.floribunda,3,1,3
FP,2019,10,bifarius,Potentilla.pulcherrima,3,1,3
FP,2019,10,californicus,Delphinium.barbeyi,1,1,1
FP,2019,10,californicus,Vicia.americana,1,1,1
FP,2019,10,flavifrons,Delphinium.barbeyi,29,1,29
FP,2019,10,flavifrons,Frasera.speciosa,2,1,2
FP,2019,10,flavifrons,Mertensia.ciliata,2,1,2
FP,2019,10,flavifrons,Potentilla.pulcherrima,2,1,2
FP,2019,10,rufocinctus,Calochortus.gunnisonii,3,1,3
FP,2019,10,rufocinctus,Campanula.rotundifolia,1,1,1
FP,2019,10,rufocinctus,Erigeron.speciosus,2,1,2
FP,2019,10,rufocinctus,Frasera.speciosa,4,1,4
FP,2019,10,rufocinctus,Lupinus.bakeri,1,1,1
FP,2019,10,rufocinctus,Pentaphylloides.floribunda,8,1,8
FP,2019,10,rufocinctus,Potentilla.pulcherrima,1,1,1
FP,2019,11,appositus,Delphinium.barbeyi,8,1,8
FP,2019,11,appositus,Vicia.americana,1,1,1
FP,2019,11,bifarius,Erigeron.elatior,1,1,1
FP,2019,11,bifarius,Erigeron.speciosus,19,1,19
FP,2019,11,bifarius,Helianthella.quinquenervis,1,1,1
FP,2019,11,bifarius,Heliomeris.multiflora,4,1,4
FP,2019,11,bifarius,Heterotheca.villosa,2,1,2
FP,2019,11,bifarius,Pentaphylloides.floribunda,1,1,1
FP,2019,11,bifarius,Sidalcea.candida,1,1,1
FP,2019,11,californicus,Delphinium.barbeyi,2,1,2
FP,2019,11,flavifrons,Cirsium.parryi,1,1,1
FP,2019,11,flavifrons,Delphinium.barbeyi,14,1,14
FP,2019,11,flavifrons,Senecio.serra,1,1,1
FP,2019,11,insularis,Erigeron.speciosus,1,1,1
FP,2019,11,nevadensis,Delphinium.barbeyi,2,1,2
FP,2019,11,rufocinctus,Erigeron.speciosus,6,1,6
FP,2019,11,rufocinctus,Helianthella.quinquenervis,1,1,1
FP,2019,11,rufocinctus,Potentilla.pulcherrima,1,1,1
FP,2019,12,appositus,Cirsium.parryi,4,1,4
FP,2019,12,appositus,Delphinium.barbeyi,20,1,20
FP,2019,12,appositus,Erigeron.speciosus,1,1,1
FP,2019,12,appositus,Vicia.americana,1,1,1
FP,2019,12,bifarius,Aster.foliaceus,3,1,3
FP,2019,12,bifarius,Erigeron.speciosus,12,1,12
FP,2019,12,bifarius,Heliomeris.multiflora,51,1,51
FP,2019,12,bifarius,Heterotheca.villosa,1,1,1
FP,2019,12,bifarius,Pentaphylloides.floribunda,2,1,2
FP,2019,12,bifarius,Potentilla.pulcherrima,1,1,1
FP,2019,12,bifarius,Senecio.serra,1,1,1
FP,2019,12,bifarius,Solidago.missouriensis,6,1,6
FP,2019,12,californicus,Delphinium.barbeyi,4,1,4
FP,2019,12,flavifrons,Aster.foliaceus,4,1,4
FP,2019,12,flavifrons,Cirsium.parryi,8,1,8
FP,2019,12,flavifrons,Delphinium.barbeyi,10,1,10
FP,2019,12,flavifrons,Frasera.speciosa,4,1,4
FP,2019,12,flavifrons,Heliomeris.multiflora,5,1,5
FP,2019,12,flavifrons,Ligularia.bigelovii,6,1,6
FP,2019,12,flavifrons,Senecio.serra,2,1,2
FP,2019,12,mixtus,Senecio.serra,1,1,1
FP,2019,12,occidentalis,Sidalcea.candida,1,1,1
FP,2019,12,rufocinctus,Aster.foliaceus,1,1,1
FP,2019,12,rufocinctus,Campanula.rotundifolia,1,1,1
FP,2019,12,rufocinctus,Erigeron.speciosus,15,1,15
FP,2019,12,rufocinctus,Heliomeris.multiflora,9,1,9
FP,2019,12,rufocinctus,Potentilla.pulcherrima,2,1,2
FP,2019,13,appositus,Cirsium.parryi,3,1,3
FP,2019,13,appositus,Delphinium.barbeyi,1,1,1
FP,2019,13,appositus,Ericameria.parryi,17,1,17
FP,2019,13,appositus,Heliomeris.multiflora,2,1,2
FP,2019,13,appositus,Senecio.serra,1,1,1
FP,2019,13,bifarius,Aster.foliaceus,3,1,3
FP,2019,13,bifarius,Ericameria.parryi,3,1,3
FP,2019,13,bifarius,Erigeron.speciosus,12,1,12
FP,2019,13,bifarius,Heliomeris.multiflora,78,1,78
FP,2019,13,bifarius,Heterotheca.villosa,11,1,11
FP,2019,13,bifarius,Solidago.missouriensis,1,1,1
FP,2019,13,californicus,Delphinium.barbeyi,1,1,1
FP,2019,13,californicus,Ericameria.parryi,2,1,2
FP,2019,13,flavifrons,Aster.foliaceus,8,1,8
FP,2019,13,flavifrons,Chamerion.danielsii,1,1,1
FP,2019,13,flavifrons,Cirsium.parryi,2,1,2
FP,2019,13,flavifrons,Ericameria.parryi,7,1,7
FP,2019,13,flavifrons,Erigeron.speciosus,2,1,2
FP,2019,13,flavifrons,Heliomeris.multiflora,11,1,11
FP,2019,13,flavifrons,Heterotheca.villosa,4,1,4
FP,2019,13,flavifrons,Senecio.serra,8,1,8
FP,2019,13,flavifrons,Solidago.missouriensis,1,1,1
FP,2019,13,flavifrons,Solidago.multiradiata,1,1,1
FP,2019,13,insularis,Aster.foliaceus,3,1,3
FP,2019,13,insularis,Ericameria.parryi,7,1,7
FP,2019,13,insularis,Erigeron.speciosus,4,1,4
FP,2019,13,insularis,Heliomeris.multiflora,9,1,9
FP,2019,13,insularis,Senecio.serra,1,1,1
FP,2019,13,insularis,Solidago.missouriensis,3,1,3
FP,2019,13,insularis,Solidago.multiradiata,1,1,1
FP,2019,13,mixtus,Heliomeris.multiflora,1,1,1
FP,2019,13,mixtus,Senecio.serra,1,1,1
FP,2019,13,occidentalis,Solidago.missouriensis,3,1,3
FP,2019,13,rufocinctus,Aster.foliaceus,1,1,1
FP,2019,13,rufocinctus,Ericameria.parryi,1,1,1
FP,2019,13,rufocinctus,Erigeron.elatior,1,1,1
FP,2019,13,rufocinctus,Erigeron.speciosus,6,1,6
FP,2019,13,rufocinctus,Heliomeris.multiflora,19,1,19
FP,2019,14,appositus,Aster.foliaceus,7,1,7
FP,2019,14,appositus,Cirsium.parryi,2,1,2
FP,2019,14,appositus,Ericameria.parryi,21,1,21
FP,2019,14,bifarius,Aster.foliaceus,9,1,9
FP,2019,14,bifarius,Ericameria.parryi,8,1,8
FP,2019,14,bifarius,Heliomeris.multiflora,66,1,66
FP,2019,14,bifarius,Heterotheca.villosa,1,1,1
FP,2019,14,bifarius,Solidago.missouriensis,3,1,3
FP,2019,14,californicus,Aster.foliaceus,2,1,2
FP,2019,14,californicus,Ericameria.parryi,3,1,3
FP,2019,14,flavifrons,Aster.foliaceus,13,1,13
FP,2019,14,flavifrons,Cirsium.parryi,3,1,3
FP,2019,14,flavifrons,Ericameria.parryi,12,1,12
FP,2019,14,flavifrons,Erigeron.speciosus,2,1,2
FP,2019,14,flavifrons,Heliomeris.multiflora,13,1,13
FP,2019,14,flavifrons,Heterotheca.villosa,1,1,1
FP,2019,14,flavifrons,Senecio.serra,5,1,5
FP,2019,14,insularis,Aster.foliaceus,1,1,1
FP,2019,14,insularis,Ericameria.parryi,15,1,15
FP,2019,14,insularis,Heliomeris.multiflora,2,1,2
FP,2019,14,mixtus,Heliomeris.multiflora,2,1,2
FP,2019,14,occidentalis,Aster.foliaceus,1,1,1
FP,2019,14,occidentalis,Ericameria.parryi,1,1,1
FP,2019,14,occidentalis,Erigeron.speciosus,1,1,1
FP,2019,14,rufocinctus,Aster.foliaceus,2,1,2
FP,2019,14,rufocinctus,Ericameria.parryi,10,1,10
FP,2019,14,rufocinctus,Erigeron.speciosus,1,1,1
FP,2019,14,rufocinctus,Heliomeris.multiflora,27,1,27
FP,2019,14,rufocinctus,Solidago.missouriensis,1,1,1
FP,2019,15,appositus,Ericameria.parryi,5,1,5
FP,2019,15,appositus,Gentiana.parryi,2,1,2
FP,2019,15,bifarius,Aster.foliaceus,21,1,21
FP,2019,15,bifarius,Ericameria.parryi,30,1,30
FP,2019,15,bifarius,Heliomeris.multiflora,51,1,51
FP,2019,15,flavifrons,Achillea.millefolium,1,1,1
FP,2019,15,flavifrons,Aster.foliaceus,3,1,3
FP,2019,15,flavifrons,Cirsium.parryi,1,1,1
FP,2019,15,flavifrons,Ericameria.parryi,12,1,12
FP,2019,15,flavifrons,Gentiana.parryi,1,1,1
FP,2019,15,flavifrons,Heliomeris.multiflora,7,1,7
FP,2019,15,insularis,Ericameria.parryi,48,1,48
FP,2019,15,insularis,Heliomeris.multiflora,2,1,2
FP,2019,15,insularis,Senecio.serra,1,1,1
FP,2019,15,occidentalis,Gentiana.parryi,1,1,1
FP,2019,15,rufocinctus,Aster.foliaceus,5,1,5
FP,2019,15,rufocinctus,Ericameria.parryi,11,1,11
FP,2019,15,rufocinctus,Heliomeris.multiflora,5,1,5
FP,2019,16,appositus,Cirsium.parryi,1,1,1
FP,2019,16,appositus,Ericameria.parryi,3,1,3
FP,2019,16,appositus,Gentiana.parryi,2,1,2
FP,2019,16,bifarius,Aster.foliaceus,10,1,10
FP,2019,16,bifarius,Ericameria.parryi,44,1,44
FP,2019,16,flavifrons,Ericameria.parryi,3,1,3
FP,2019,16,insularis,Ericameria.parryi,39,1,39
FP,2019,16,rufocinctus,Ericameria.parryi,1,1,1
FP,2019,17,appositus,Ericameria.parryi,1,1,1
FP,2019,17,bifarius,Ericameria.parryi,32,1,32
FP,2019,17,flavifrons,Ericameria.parryi,2,1,2
FP,2019,17,insularis,Ericameria.parryi,4,1,4
FP,2019,18,bifarius,Ericameria.parryi,13,1,13
FP,2019,18,insularis,Ericameria.parryi,1,1,1
FP,2020,3,bifarius,Mertensia.fusiformis,2,1,2
FP,2020,3,californicus,Mertensia.fusiformis,2,1,2
FP,2020,3,flavifrons,Mertensia.fusiformis,3,1,3
FP,2020,3,insularis,Mertensia.fusiformis,1,1,1
FP,2020,4,bifarius,Lupinus.bakeri,1,1,1
FP,2020,4,californicus,Delphinium.nuttallianum,1,1,1
FP,2020,4,californicus,Senecio.integerrimus,1,1,1
FP,2020,4,flavifrons,Delphinium.nuttallianum,1,1,1
FP,2020,4,flavifrons,Hydrophyllum.fendleri,2,1,2
FP,2020,4,insularis,Lupinus.bakeri,1,1,1
FP,2020,4,rufocinctus,Lupinus.bakeri,1,1,1
FP,2020,5,bifarius,Lupinus.bakeri,5,1,5
FP,2020,5,flavifrons,Lupinus.bakeri,1,1,1
FP,2020,5,insularis,Senecio.integerrimus,2,1,2
FP,2020,5,insularis,Taraxacum.officinale,1,1,1
FP,2020,5,rufocinctus,Lupinus.bakeri,2,1,2
FP,2020,5,rufocinctus,Taraxacum.officinale,1,1,1
FP,2020,6,bifarius,Frasera.speciosa,1,1,1
FP,2020,6,bifarius,Vicia.americana,1,1,1
FP,2020,6,flavifrons,Frasera.speciosa,1,1,1
FP,2020,6,flavifrons,Hydrophyllum.fendleri,1,1,1
FP,2020,6,flavifrons,Lupinus.bakeri,2,1,2
FP,2020,6,insularis,Frasera.speciosa,4,1,4
FP,2020,6,insularis,Senecio.integerrimus,1,1,1
FP,2020,6,rufocinctus,Frasera.speciosa,2,1,2
FP,2020,6,rufocinctus,Potentilla.pulcherrima,1,1,1
FP,2020,7,flavifrons,Delphinium.barbeyi,1,1,1
FP,2020,7,flavifrons,Hydrophyllum.fendleri,1,1,1
FP,2020,7,insularis,Frasera.speciosa,1,1,1
FP,2020,7,rufocinctus,Lupinus.bakeri,2,1,2
FP,2020,8,appositus,Delphinium.barbeyi,3,1,3
FP,2020,8,bifarius,Heracleum.sphondylium,3,1,3
FP,2020,8,bifarius,Pentaphylloides.floribunda,1,1,1
FP,2020,8,insularis,Frasera.speciosa,3,1,3
FP,2020,8,occidentalis,Pentaphylloides.floribunda,1,1,1
FP,2020,8,rufocinctus,Frasera.speciosa,1,1,1
FP,2020,8,rufocinctus,Lupinus.bakeri,1,1,1
FP,2020,9,bifarius,Frasera.speciosa,1,1,1
FP,2020,9,bifarius,Pentaphylloides.floribunda,1,1,1
FP,2020,9,flavifrons,Delphinium.barbeyi,2,1,2
FP,2020,9,insularis,Frasera.speciosa,1,1,1
FP,2020,9,nevadensis,Delphinium.barbeyi,1,1,1
FP,2020,9,occidentalis,Heracleum.sphondylium,1,1,1
FP,2020,10,appositus,Delphinium.barbeyi,1,1,1
FP,2020,10,bifarius,Calochortus.gunnisonii,1,1,1
FP,2020,10,bifarius,Erigeron.speciosus,4,1,4
FP,2020,10,insularis,Dugaldia.hoopesii,1,1,1
FP,2020,10,occidentalis,Erigeron.speciosus,1,1,1
FP,2020,10,occidentalis,Heracleum.sphondylium,1,1,1
FP,2020,11,insularis,Solidago.multiradiata,1,1,1
FP,2020,11,occidentalis,Angelica.grayi,1,1,1
FP,2020,11,occidentalis,Heracleum.sphondylium,1,1,1
FP,2020,11,occidentalis,Pentaphylloides.floribunda,3,1,3
FP,2020,11,occidentalis,Senecio.serra,1,1,1
FP,2020,12,bifarius,Erigeron.speciosus,1,1,1
FP,2020,12,bifarius,Heliomeris.multiflora,2,1,2
FP,2020,12,insularis,Solidago.multiradiata,2,1,2
FP,2020,13,bifarius,Heliomeris.multiflora,8,1,8
FP,2020,13,insularis,Cirsium.parryi,1,1,1
FP,2020,13,insularis,Erigeron.speciosus,1,1,1
FP,2020,13,occidentalis,Heliomeris.multiflora,10,1,10
FP,2020,14,appositus,Ericameria.parryi,1,1,1
FP,2020,14,bifarius,Ericameria.parryi,2,1,2
FP,2020,14,bifarius,Heliomeris.multiflora,10,1,10
FP,2020,14,flavifrons,Cirsium.parryi,1,1,1
FP,2020,14,flavifrons,Ericameria.parryi,2,1,2
FP,2020,14,flavifrons,Heliomeris.multiflora,1,1,1
FP,2020,14,insularis,Ericameria.parryi,1,1,1
FP,2020,14,occidentalis,Ericameria.parryi,2,1,2
FP,2020,14,occidentalis,Heliomeris.multiflora,1,1,1
FP,2020,14,rufocinctus,Heliomeris.multiflora,3,1,3
FP,2020,15,appositus,Ericameria.parryi,4,1,4
FP,2020,15,bifarius,Ericameria.parryi,5,1,5
FP,2020,15,bifarius,Heliomeris.multiflora,8,1,8
FP,2020,15,californicus,Ericameria.parryi,1,1,1
FP,2020,15,insularis,Ericameria.parryi,22,1,22
FP,2020,15,insularis,Heliomeris.multiflora,7,1,7
FP,2020,15,occidentalis,Ericameria.parryi,5,1,5
FP,2020,15,occidentalis,Heliomeris.multiflora,7,1,7
FP,2020,15,rufocinctus,Ericameria.parryi,3,1,3
FP,2020,15,rufocinctus,Heliomeris.multiflora,2,1,2
FP,2020,16,appositus,Cirsium.parryi,2,1,2
FP,2020,16,appositus,Ericameria.parryi,3,1,3
FP,2020,16,bifarius,Ericameria.parryi,5,1,5
FP,2020,16,bifarius,Heliomeris.multiflora,8,1,8
FP,2020,16,flavifrons,Cirsium.parryi,1,1,1
FP,2020,16,flavifrons,Ericameria.parryi,1,1,1
FP,2020,16,flavifrons,Sidalcea.candida,1,1,1
FP,2020,16,insularis,Cirsium.parryi,3,1,3
FP,2020,16,insularis,Ericameria.parryi,56,1,56
FP,2020,16,insularis,Heliomeris.multiflora,5,1,5
FP,2020,16,occidentalis,Ericameria.parryi,2,1,2
FP,2020,16,rufocinctus,Ericameria.parryi,2,1,2
FP,2020,16,rufocinctus,Heliomeris.multiflora,1,1,1
FP,2020,17,appositus,Ericameria.parryi,1,1,1
FP,2020,17,bifarius,Ericameria.parryi,10,1,10
FP,2020,17,bifarius,Heliomeris.multiflora,4,1,4
FP,2020,17,insularis,Aster.foliaceus,1,1,1
FP,2020,17,insularis,Cirsium.parryi,1,1,1
FP,2020,17,insularis,Ericameria.parryi,28,1,28
FP,2020,17,insularis,Heliomeris.multiflora,1,1,1
FP,2020,17,occidentalis,Ericameria.parryi,1,1,1
FP,2020,18,bifarius,Ericameria.parryi,3,1,3
FP,2020,18,insularis,Ericameria.parryi,31,1,31
FP,2020,19,insularis,Ericameria.parryi,5,1,5
FP,2021,2,occidentalis,Mertensia.fusiformis,1,1,1
FP,2021,3,bifarius,Mertensia.fusiformis,2,1,2
FP,2021,4,appositus,Mertensia.fusiformis,2,1,2
FP,2021,4,bifarius,Mertensia.fusiformis,12,1,12
FP,2021,4,bifarius,Salix.sp,1,1,1
FP,2021,4,flavifrons,Mertensia.fusiformis,1,1,1
FP,2021,5,bifarius,Mertensia.fusiformis,4,1,4
FP,2021,5,californicus,Mertensia.fusiformis,1,1,1
FP,2021,5,flavifrons,Mertensia.fusiformis,1,1,1
FP,2021,6,flavifrons,Mertensia.fusiformis,4,1,4
FP,2021,7,appositus,Frasera.speciosa,1,1,1
FP,2021,7,bifarius,Lupinus.bakeri,2,1,2
FP,2021,7,californicus,Lathyrus.leucanthus,1,1,1
FP,2021,7,flavifrons,Frasera.speciosa,2,1,2
FP,2021,7,flavifrons,Hydrophyllum.fendleri,3,1,3
FP,2021,7,flavifrons,Lathyrus.leucanthus,1,1,1
FP,2021,7,flavifrons,Lupinus.bakeri,6,1,6
FP,2021,7,insularis,Senecio.integerrimus,1,1,1
FP,2021,7,rufocinctus,Lupinus.bakeri,3,1,3
FP,2021,8,appositus,Lathyrus.leucanthus,3,1,3
FP,2021,8,bifarius,Lupinus.bakeri,2,1,2
FP,2021,8,californicus,Lathyrus.leucanthus,2,1,2
FP,2021,8,californicus,Lupinus.bakeri,1,1,1
FP,2021,8,flavifrons,Hydrophyllum.fendleri,4,1,4
FP,2021,8,flavifrons,Lupinus.bakeri,4,1,4
FP,2021,8,nevadensis,Lathyrus.leucanthus,1,1,1
FP,2021,8,nevadensis,Lupinus.bakeri,2,1,2
FP,2021,8,rufocinctus,Frasera.speciosa,1,1,1
FP,2021,8,rufocinctus,Hydrophyllum.fendleri,1,1,1
FP,2021,8,rufocinctus,Lupinus.bakeri,14,1,14
FP,2021,9,appositus,Erysimum.capitatum,1,1,1
FP,2021,9,appositus,Lathyrus.leucanthus,1,1,1
FP,2021,9,appositus,Lupinus.bakeri,3,1,3
FP,2021,9,appositus,Vicia.americana,2,1,2
FP,2021,9,bifarius,Lupinus.bakeri,9,1,9
FP,2021,9,californicus,Lathyrus.leucanthus,4,1,4
FP,2021,9,californicus,Lupinus.bakeri,1,1,1
FP,2021,9,flavifrons,Hydrophyllum.fendleri,3,1,3
FP,2021,9,flavifrons,Lupinus.bakeri,3,1,3
FP,2021,9,mixtus,Lupinus.bakeri,1,1,1
FP,2021,9,nevadensis,Hydrophyllum.fendleri,1,1,1
FP,2021,9,rufocinctus,Frasera.speciosa,1,1,1
FP,2021,9,rufocinctus,Hydrophyllum.fendleri,2,1,2
FP,2021,9,rufocinctus,Lathyrus.leucanthus,1,1,1
FP,2021,9,rufocinctus,Lupinus.bakeri,1,1,1
FP,2021,10,appositus,Delphinium.barbeyi,3,1,3
FP,2021,10,appositus,Lathyrus.leucanthus,2,1,2
FP,2021,10,appositus,Lupinus.bakeri,1,1,1
FP,2021,10,appositus,Vicia.americana,1,1,1
FP,2021,10,bifarius,Helianthella.quinquenervis,2,1,2
FP,2021,10,bifarius,Hydrophyllum.fendleri,1,1,1
FP,2021,10,bifarius,Lupinus.bakeri,4,1,4
FP,2021,10,californicus,Lathyrus.leucanthus,2,1,2
FP,2021,10,californicus,Lupinus.bakeri,2,1,2
FP,2021,10,flavifrons,Frasera.speciosa,1,1,1
FP,2021,10,flavifrons,Hydrophyllum.fendleri,1,1,1
FP,2021,10,flavifrons,Lathyrus.leucanthus,1,1,1
FP,2021,10,flavifrons,Lupinus.bakeri,15,1,15
FP,2021,10,flavifrons,Mertensia.ciliata,1,1,1
FP,2021,10,flavifrons,Vicia.americana,2,1,2
FP,2021,10,insularis,Cirsium.parryi,1,1,1
FP,2021,10,mixtus,Lupinus.bakeri,1,1,1
FP,2021,10,nevadensis,Lupinus.bakeri,1,1,1
FP,2021,10,rufocinctus,Frasera.speciosa,1,1,1
FP,2021,10,rufocinctus,Helianthella.quinquenervis,1,1,1
FP,2021,10,rufocinctus,Lupinus.bakeri,5,1,5
FP,2021,11,appositus,Delphinium.barbeyi,14,1,14
FP,2021,11,bifarius,Frasera.speciosa,1,1,1
FP,2021,11,bifarius,Helianthella.quinquenervis,2,1,2
FP,2021,11,bifarius,Lupinus.bakeri,1,1,1
FP,2021,11,bifarius,Pentaphylloides.floribunda,5,1,5
FP,2021,11,californicus,Delphinium.barbeyi,1,1,1
FP,2021,11,flavifrons,Aconitum.columbianum,1,1,1
FP,2021,11,flavifrons,Delphinium.barbeyi,7,1,7
FP,2021,11,flavifrons,Helianthella.quinquenervis,3,1,3
FP,2021,11,flavifrons,Heliomeris.multiflora,1,1,1
FP,2021,11,flavifrons,Lupinus.bakeri,2,1,2
FP,2021,11,mixtus,Helianthella.quinquenervis,2,1,2
FP,2021,11,nevadensis,Lupinus.bakeri,1,1,1
FP,2021,11,rufocinctus,Erigeron.speciosus,3,1,3
FP,2021,11,rufocinctus,Helianthella.quinquenervis,2,1,2
FP,2021,11,rufocinctus,Pentaphylloides.floribunda,9,1,9
FP,2021,11,rufocinctus,Potentilla.pulcherrima,1,1,1
FP,2021,12,appositus,Delphinium.barbeyi,21,1,21
FP,2021,12,appositus,Erigeron.speciosus,1,1,1
FP,2021,12,bifarius,Calochortus.gunnisonii,1,1,1
FP,2021,12,bifarius,Erigeron.speciosus,7,1,7
FP,2021,12,bifarius,Helianthella.quinquenervis,3,1,3
FP,2021,12,bifarius,Pentaphylloides.floribunda,2,1,2
FP,2021,12,californicus,Delphinium.barbeyi,3,1,3
FP,2021,12,flavifrons,Delphinium.barbeyi,35,1,35
FP,2021,12,flavifrons,Helianthella.quinquenervis,9,1,9
FP,2021,12,flavifrons,Lupinus.bakeri,1,1,1
FP,2021,12,flavifrons,Vicia.americana,1,1,1
FP,2021,12,mixtus,Mertensia.ciliata,1,1,1
FP,2021,12,nevadensis,Delphinium.barbeyi,1,1,1
FP,2021,12,occidentalis,Helianthella.quinquenervis,1,1,1
FP,2021,12,rufocinctus,Calochortus.gunnisonii,12,1,12
FP,2021,12,rufocinctus,Erigeron.speciosus,34,1,34
FP,2021,12,rufocinctus,Helianthella.quinquenervis,3,1,3
FP,2021,12,rufocinctus,Pentaphylloides.floribunda,1,1,1
FP,2021,13,appositus,Delphinium.barbeyi,11,1,11
FP,2021,13,bifarius,Erigeron.elatior,1,1,1
FP,2021,13,bifarius,Erigeron.speciosus,17,1,17
FP,2021,13,bifarius,Helianthella.quinquenervis,4,1,4
FP,2021,13,bifarius,Heliomeris.multiflora,8,1,8
FP,2021,13,bifarius,Heterotheca.villosa,3,1,3
FP,2021,13,bifarius,Pyrrocoma.crocea,1,1,1
FP,2021,13,bifarius,Solidago.multiradiata,1,1,1
FP,2021,13,californicus,Delphinium.barbeyi,3,1,3
FP,2021,13,flavifrons,Cirsium.parryi,6,1,6
FP,2021,13,flavifrons,Delphinium.barbeyi,12,1,12
FP,2021,13,flavifrons,Erigeron.speciosus,2,1,2
FP,2021,13,flavifrons,Helianthella.quinquenervis,8,1,8
FP,2021,13,flavifrons,Heliomeris.multiflora,3,1,3
FP,2021,13,flavifrons,Heterotheca.villosa,2,1,2
FP,2021,13,flavifrons,Solidago.multiradiata,2,1,2
FP,2021,13,mixtus,Heliomeris.multiflora,1,1,1
FP,2021,13,mixtus,Pentaphylloides.floribunda,2,1,2
FP,2021,13,nevadensis,Delphinium.barbeyi,1,1,1
FP,2021,13,occidentalis,Erigeron.speciosus,2,1,2
FP,2021,13,rufocinctus,Erigeron.speciosus,41,1,41
FP,2021,13,rufocinctus,Heliomeris.multiflora,11,1,11
FP,2021,13,rufocinctus,Heterotheca.villosa,6,1,6
FP,2021,13,rufocinctus,Pentaphylloides.floribunda,3,1,3
FP,2021,14,appositus,Cirsium.parryi,4,1,4
FP,2021,14,appositus,Delphinium.barbeyi,7,1,7
FP,2021,14,appositus,Ericameria.parryi,1,1,1
FP,2021,14,bifarius,Agoseris.glauca,1,1,1
FP,2021,14,bifarius,Ericameria.parryi,6,1,6
FP,2021,14,bifarius,Erigeron.speciosus,14,1,14
FP,2021,14,bifarius,Heliomeris.multiflora,77,1,77
FP,2021,14,bifarius,Heterotheca.villosa,4,1,4
FP,2021,14,bifarius,Pentaphylloides.floribunda,5,1,5
FP,2021,14,bifarius,Solidago.missouriensis,19,1,19
FP,2021,14,californicus,Cirsium.parryi,2,1,2
FP,2021,14,californicus,Delphinium.barbeyi,1,1,1
FP,2021,14,flavifrons,Agoseris.glauca,1,1,1
FP,2021,14,flavifrons,Chamerion.danielsii,1,1,1
FP,2021,14,flavifrons,Cirsium.parryi,11,1,11
FP,2021,14,flavifrons,Delphinium.barbeyi,5,1,5
FP,2021,14,flavifrons,Ericameria.parryi,8,1,8
FP,2021,14,flavifrons,Erigeron.elatior,1,1,1
FP,2021,14,flavifrons,Eucephalus.engelmannii,1,1,1
FP,2021,14,flavifrons,Helianthella.quinquenervis,1,1,1
FP,2021,14,flavifrons,Heliomeris.multiflora,9,1,9
FP,2021,14,flavifrons,Pyrrocoma.crocea,1,1,1
FP,2021,14,flavifrons,Senecio.serra,5,1,5
FP,2021,14,flavifrons,Solidago.missouriensis,2,1,2
FP,2021,14,insularis,Erigeron.speciosus,1,1,1
FP,2021,14,insularis,Heliomeris.multiflora,3,1,3
FP,2021,14,insularis,Senecio.serra,1,1,1
FP,2021,14,mixtus,Erigeron.speciosus,1,1,1
FP,2021,14,mixtus,Heliomeris.multiflora,3,1,3
FP,2021,14,mixtus,Senecio.serra,1,1,1
FP,2021,14,mixtus,Solidago.missouriensis,1,1,1
FP,2021,14,occidentalis,Achillea.millefolium,1,1,1
FP,2021,14,occidentalis,Erigeron.speciosus,1,1,1
FP,2021,14,occidentalis,Heliomeris.multiflora,1,1,1
FP,2021,14,occidentalis,Pentaphylloides.floribunda,1,1,1
FP,2021,14,occidentalis,Senecio.serra,1,1,1
FP,2021,14,occidentalis,Solidago.missouriensis,1,1,1
FP,2021,14,rufocinctus,Erigeron.speciosus,49,1,49
FP,2021,14,rufocinctus,Heliomeris.multiflora,65,1,65
FP,2021,14,rufocinctus,Heterotheca.villosa,2,1,2
FP,2021,14,rufocinctus,Pentaphylloides.floribunda,4,1,4
FP,2021,14,rufocinctus,Solidago.missouriensis,2,1,2
FP,2021,15,appositus,Cirsium.parryi,8,1,8
FP,2021,15,appositus,Delphinium.barbeyi,5,1,5
FP,2021,15,appositus,Ericameria.parryi,33,1,33
FP,2021,15,appositus,Linaria.vulgaris,1,1,1
FP,2021,15,bifarius,Achillea.millefolium,1,1,1
FP,2021,15,bifarius,Aster.foliaceus,3,1,3
FP,2021,15,bifarius,Cirsium.parryi,1,1,1
FP,2021,15,bifarius,Ericameria.parryi,8,1,8
FP,2021,15,bifarius,Erigeron.speciosus,5,1,5
FP,2021,15,bifarius,Heliomeris.multiflora,151,1,151
FP,2021,15,bifarius,Heterotheca.villosa,3,1,3
FP,2021,15,bifarius,Linaria.vulgaris,7,1,7
FP,2021,15,bifarius,Pentaphylloides.floribunda,2,1,2
FP,2021,15,bifarius,Senecio.serra,5,1,5
FP,2021,15,bifarius,Sidalcea.candida,1,1,1
FP,2021,15,bifarius,Solidago.missouriensis,9,1,9
FP,2021,15,californicus,Castilleja.linariifolia,1,1,1
FP,2021,15,californicus,Cirsium.parryi,1,1,1
FP,2021,15,californicus,Delphinium.barbeyi,2,1,2
FP,2021,15,californicus,Ericameria.parryi,2,1,2
FP,2021,15,californicus,Linaria.vulgaris,1,1,1
FP,2021,15,flavifrons,Aster.foliaceus,4,1,4
FP,2021,15,flavifrons,Chamerion.danielsii,1,1,1
FP,2021,15,flavifrons,Cirsium.parryi,8,1,8
FP,2021,15,flavifrons,Delphinium.barbeyi,2,1,2
FP,2021,15,flavifrons,Ericameria.parryi,13,1,13
FP,2021,15,flavifrons,Helianthella.quinquenervis,1,1,1
FP,2021,15,flavifrons,Heliomeris.multiflora,17,1,17
FP,2021,15,flavifrons,Ligularia.bigelovii,3,1,3
FP,2021,15,flavifrons,Linaria.vulgaris,1,1,1
FP,2021,15,flavifrons,Senecio.serra,14,1,14
FP,2021,15,flavifrons,Solidago.missouriensis,1,1,1
FP,2021,15,insularis,Ericameria.parryi,3,1,3
FP,2021,15,insularis,Heliomeris.multiflora,12,1,12
FP,2021,15,insularis,Heterotheca.villosa,2,1,2
FP,2021,15,insularis,Senecio.serra,12,1,12
FP,2021,15,insularis,Solidago.missouriensis,3,1,3
FP,2021,15,mixtus,Heliomeris.multiflora,9,1,9
FP,2021,15,mixtus,Senecio.serra,1,1,1
FP,2021,15,occidentalis,Linaria.vulgaris,2,1,2
FP,2021,15,rufocinctus,Aster.foliaceus,3,1,3
FP,2021,15,rufocinctus,Campanula.rotundifolia,1,1,1
FP,2021,15,rufocinctus,Erigeron.speciosus,4,1,4
FP,2021,15,rufocinctus,Helianthella.quinquenervis,1,1,1
FP,2021,15,rufocinctus,Heliomeris.multiflora,105,1,105
FP,2021,15,rufocinctus,Heterotheca.villosa,1,1,1
FP,2021,15,rufocinctus,Solidago.missouriensis,1,1,1
FP,2021,16,appositus,Aster.foliaceus,3,1,3
FP,2021,16,appositus,Cirsium.parryi,5,1,5
FP,2021,16,appositus,Delphinium.barbeyi,1,1,1
FP,2021,16,appositus,Ericameria.parryi,48,1,48
FP,2021,16,appositus,Gentiana.parryi,5,1,5
FP,2021,16,appositus,Heliomeris.multiflora,1,1,1
FP,2021,16,appositus,Linaria.vulgaris,5,1,5
FP,2021,16,bifarius,Aster.foliaceus,8,1,8
FP,2021,16,bifarius,Ericameria.parryi,10,1,10
FP,2021,16,bifarius,Heliomeris.multiflora,82,1,82
FP,2021,16,bifarius,Linaria.vulgaris,7,1,7
FP,2021,16,bifarius,Pentaphylloides.floribunda,6,1,6
FP,2021,16,californicus,Aster.foliaceus,2,1,2
FP,2021,16,californicus,Cirsium.parryi,2,1,2
FP,2021,16,californicus,Ericameria.parryi,12,1,12
FP,2021,16,californicus,Linaria.vulgaris,4,1,4
FP,2021,16,flavifrons,Aster.foliaceus,10,1,10
FP,2021,16,flavifrons,Cirsium.parryi,4,1,4
FP,2021,16,flavifrons,Ericameria.parryi,24,1,24
FP,2021,16,flavifrons,Heliomeris.multiflora,17,1,17
FP,2021,16,flavifrons,Ligularia.bigelovii,1,1,1
FP,2021,16,flavifrons,Pentaphylloides.floribunda,1,1,1
FP,2021,16,flavifrons,Senecio.serra,3,1,3
FP,2021,16,insularis,Aster.foliaceus,4,1,4
FP,2021,16,insularis,Ericameria.parryi,17,1,17
FP,2021,16,insularis,Heliomeris.multiflora,7,1,7
FP,2021,16,insularis,Senecio.serra,4,1,4
FP,2021,16,mixtus,Heliomeris.multiflora,8,1,8
FP,2021,16,nevadensis,Ericameria.parryi,1,1,1
FP,2021,16,occidentalis,Aster.foliaceus,3,1,3
FP,2021,16,occidentalis,Ericameria.parryi,1,1,1
FP,2021,16,rufocinctus,Aster.foliaceus,15,1,15
FP,2021,16,rufocinctus,Ericameria.parryi,4,1,4
FP,2021,16,rufocinctus,Gentiana.parryi,3,1,3
FP,2021,16,rufocinctus,Heliomeris.multiflora,67,1,67
FP,2021,16,rufocinctus,Heterotheca.villosa,3,1,3
FP,2021,17,appositus,Aster.foliaceus,1,1,1
FP,2021,17,appositus,Cirsium.parryi,3,1,3
FP,2021,17,appositus,Ericameria.parryi,11,1,11
FP,2021,17,appositus,Gentiana.parryi,8,1,8
FP,2021,17,bifarius,Aster.foliaceus,7,1,7
FP,2021,17,bifarius,Ericameria.parryi,7,1,7
FP,2021,17,bifarius,Heliomeris.multiflora,76,1,76
FP,2021,17,bifarius,Heterotheca.villosa,1,1,1
FP,2021,17,bifarius,Linaria.vulgaris,3,1,3
FP,2021,17,californicus,Aster.foliaceus,2,1,2
FP,2021,17,californicus,Cirsium.parryi,1,1,1
FP,2021,17,californicus,Ericameria.parryi,4,1,4
FP,2021,17,californicus,Linaria.vulgaris,3,1,3
FP,2021,17,flavifrons,Aster.foliaceus,6,1,6
FP,2021,17,flavifrons,Cirsium.parryi,2,1,2
FP,2021,17,flavifrons,Ericameria.parryi,19,1,19
FP,2021,17,flavifrons,Heliomeris.multiflora,5,1,5
FP,2021,17,flavifrons,Senecio.serra,1,1,1
FP,2021,17,insularis,Aster.foliaceus,8,1,8
FP,2021,17,insularis,Ericameria.parryi,44,1,44
FP,2021,17,insularis,Heliomeris.multiflora,3,1,3
FP,2021,17,insularis,Senecio.serra,4,1,4
FP,2021,17,mixtus,Heliomeris.multiflora,1,1,1
FP,2021,17,occidentalis,Aster.foliaceus,2,1,2
FP,2021,17,occidentalis,Ericameria.parryi,1,1,1
FP,2021,17,occidentalis,Heliomeris.multiflora,1,1,1
FP,2021,17,occidentalis,Linaria.vulgaris,1,1,1
FP,2021,17,rufocinctus,Aster.foliaceus,15,1,15
FP,2021,17,rufocinctus,Ericameria.parryi,27,1,27
FP,2021,17,rufocinctus,Heliomeris.multiflora,24,1,24
FP,2021,18,appositus,Cirsium.parryi,1,1,1
FP,2021,18,appositus,Ericameria.parryi,6,1,6
FP,2021,18,appositus,Gentiana.parryi,4,1,4
FP,2021,18,bifarius,Aster.foliaceus,16,1,16
FP,2021,18,bifarius,Ericameria.parryi,21,1,21
FP,2021,18,bifarius,Heliomeris.multiflora,61,1,61
FP,2021,18,californicus,Cirsium.parryi,1,1,1
FP,2021,18,californicus,Ericameria.parryi,9,1,9
FP,2021,18,californicus,Gentiana.parryi,1,1,1
FP,2021,18,flavifrons,Aster.foliaceus,5,1,5
FP,2021,18,flavifrons,Cirsium.parryi,1,1,1
FP,2021,18,flavifrons,Ericameria.parryi,5,1,5
FP,2021,18,flavifrons,Heliomeris.multiflora,2,1,2
FP,2021,18,flavifrons,Linaria.vulgaris,1,1,1
FP,2021,18,insularis,Aster.foliaceus,4,1,4
FP,2021,18,insularis,Ericameria.parryi,57,1,57
FP,2021,18,insularis,Heliomeris.multiflora,1,1,1
FP,2021,18,occidentalis,Ericameria.parryi,3,1,3
FP,2021,18,rufocinctus,Aster.foliaceus,7,1,7
FP,2021,18,rufocinctus,Ericameria.parryi,27,1,27
FP,2021,18,rufocinctus,Heliomeris.multiflora,17,1,17
FP,2021,19,bifarius,Aster.foliaceus,12,1,12
FP,2021,19,bifarius,Ericameria.parryi,27,1,27
FP,2021,19,bifarius,Heliomeris.multiflora,4,1,4
FP,2021,19,californicus,Ericameria.parryi,4,1,4
FP,2021,19,flavifrons,Ericameria.parryi,2,1,2
FP,2021,19,insularis,Aster.foliaceus,3,1,3
FP,2021,19,insularis,Ericameria.parryi,47,1,47
FP,2021,19,rufocinctus,Aster.foliaceus,5,1,5
FP,2021,19,rufocinctus,Ericameria.parryi,12,1,12
FP,2021,19,rufocinctus,Heliomeris.multiflora,1,1,1
FP,2021,20,bifarius,Aster.foliaceus,1,1,1
FP,2021,20,bifarius,Ericameria.parryi,27,1,27
FP,2021,20,insularis,Ericameria.parryi,3,1,3
FP,2021,20,rufocinctus,Aster.foliaceus,1,1,1
FP,2021,20,rufocinctus,Ericameria.parryi,2,1,2
FP,2021,21,bifarius,Ericameria.parryi,7,1,7
FP,2021,22,bifarius,Ericameria.parryi,1,1,1
FP,2022,1,bifarius,Salix.sp,1,1,1
FP,2022,2,bifarius,Mertensia.fusiformis,3,1,3
FP,2022,2,flavifrons,Mertensia.fusiformis,1,1,1
FP,2022,3,bifarius,Mertensia.fusiformis,1,1,1
FP,2022,3,bifarius,Salix.sp,1,1,1
FP,2022,3,bifarius,Viola.praemorsa,1,1,1
FP,2022,3,flavifrons,Mertensia.fusiformis,1,1,1
FP,2022,4,bifarius,Salix.sp,1,1,1
FP,2022,4,bifarius,Taraxacum.officinale,1,1,1
FP,2022,4,californicus,Mertensia.fusiformis,1,1,1
FP,2022,4,flavifrons,Mertensia.fusiformis,1,1,1
FP,2022,4,flavifrons,Taraxacum.officinale,1,1,1
FP,2022,4,mixtus,Taraxacum.officinale,1,1,1
FP,2022,4,rufocinctus,Mertensia.fusiformis,1,1,1
FP,2022,4,rufocinctus,Taraxacum.officinale,2,1,2
FP,2022,5,bifarius,Lupinus.bakeri,2,1,2
FP,2022,5,bifarius,Salix.wolfii,1,1,1
FP,2022,5,californicus,Lathyrus.leucanthus,1,1,1
FP,2022,5,flavifrons,Delphinium.nuttallianum,1,1,1
FP,2022,5,rufocinctus,Taraxacum.officinale,1,1,1
FP,2022,6,bifarius,Lupinus.bakeri,4,1,4
FP,2022,6,bifarius,Taraxacum.officinale,1,1,1
FP,2022,6,insularis,Hydrophyllum.fendleri,1,1,1
FP,2022,6,rufocinctus,Hydrophyllum.fendleri,1,1,1
FP,2022,6,rufocinctus,Lupinus.bakeri,8,1,8
FP,2022,7,appositus,Lathyrus.leucanthus,3,1,3
FP,2022,7,californicus,Lathyrus.leucanthus,1,1,1
FP,2022,7,flavifrons,Hydrophyllum.fendleri,2,1,2
FP,2022,7,flavifrons,Lupinus.bakeri,3,1,3
FP,2022,7,insularis,Hydrophyllum.fendleri,1,1,1
FP,2022,7,mixtus,Lupinus.bakeri,1,1,1
FP,2022,7,rufocinctus,Lupinus.bakeri,4,1,4
FP,2022,8,bifarius,Adenolinum.lewisii,1,1,1
FP,2022,8,bifarius,Lupinus.bakeri,5,1,5
FP,2022,8,californicus,Lathyrus.leucanthus,2,1,2
FP,2022,8,flavifrons,Lupinus.bakeri,1,1,1
FP,2022,8,rufocinctus,Adenolinum.lewisii,1,1,1
FP,2022,8,rufocinctus,Hydrophyllum.fendleri,1,1,1
FP,2022,8,rufocinctus,Lupinus.bakeri,2,1,2
FP,2022,9,appositus,Delphinium.barbeyi,2,1,2
FP,2022,9,appositus,Vicia.americana,2,1,2
FP,2022,9,flavifrons,Aconitum.columbianum,1,1,1
FP,2022,9,flavifrons,Delphinium.barbeyi,1,1,1
FP,2022,9,flavifrons,Lupinus.bakeri,1,1,1
FP,2022,9,flavifrons,Vicia.americana,3,1,3
FP,2022,9,nevadensis,Lupinus.bakeri,1,1,1
FP,2022,10,appositus,Delphinium.barbeyi,8,2,4
FP,2022,10,appositus,Vicia.americana,1,2,0.5
FP,2022,10,bifarius,Erigeron.speciosus,2,2,1
FP,2022,10,bifarius,Helianthella.quinquenervis,2,2,1
FP,2022,10,flavifrons,Aconitum.columbianum,1,2,0.5
FP,2022,10,flavifrons,Delphinium.barbeyi,4,2,2
FP,2022,10,flavifrons,Vicia.americana,1,2,0.5
FP,2022,10,nevadensis,Delphinium.barbeyi,1,2,0.5
FP,2022,10,nevadensis,Vicia.americana,1,2,0.5
FP,2022,10,rufocinctus,Angelica.grayi,1,2,0.5
FP,2022,10,rufocinctus,Helianthella.quinquenervis,1,2,0.5
FP,2022,11,appositus,Delphinium.barbeyi,3,2,1.5
FP,2022,11,appositus,Linaria.vulgaris,1,2,0.5
FP,2022,11,bifarius,Erigeron.speciosus,2,2,1
FP,2022,11,bifarius,Heliomeris.multiflora,1,2,0.5
FP,2022,11,flavifrons,Angelica.grayi,1,2,0.5
FP,2022,11,flavifrons,Delphinium.barbeyi,3,2,1.5
FP,2022,11,rufocinctus,Calochortus.gunnisonii,3,2,1.5
FP,2022,11,rufocinctus,Erigeron.speciosus,2,2,1
FP,2022,11,rufocinctus,Heliomeris.multiflora,2,2,1
FP,2022,11,rufocinctus,Heterotheca.villosa,1,2,0.5
FP,2022,11,rufocinctus,Potentilla.pulcherrima,1,2,0.5
FP,2022,12,appositus,Delphinium.barbeyi,3,1,3
FP,2022,12,bifarius,Cirsium.parryi,1,1,1
FP,2022,12,bifarius,Heliomeris.multiflora,17,1,17
FP,2022,12,bifarius,Pentaphylloides.floribunda,2,1,2
FP,2022,12,californicus,Delphinium.barbeyi,1,1,1
FP,2022,12,flavifrons,Cirsium.parryi,3,1,3
FP,2022,12,flavifrons,Delphinium.barbeyi,2,1,2
FP,2022,12,flavifrons,Helianthella.quinquenervis,1,1,1
FP,2022,12,flavifrons,Trifolium.repens,1,1,1
FP,2022,12,insularis,Erigeron.elatior,1,1,1
FP,2022,12,insularis,Erigeron.speciosus,1,1,1
FP,2022,12,mixtus,Angelica.grayi,1,1,1
FP,2022,12,mixtus,Heliomeris.multiflora,2,1,2
FP,2022,12,rufocinctus,Campanula.rotundifolia,1,1,1
FP,2022,12,rufocinctus,Erigeron.elatior,2,1,2
FP,2022,12,rufocinctus,Erigeron.speciosus,6,1,6
FP,2022,12,rufocinctus,Heliomeris.multiflora,28,1,28
FP,2022,12,rufocinctus,Pentaphylloides.floribunda,1,1,1
FP,2022,12,rufocinctus,Symphyotrichum.spathulatum,1,1,1
FP,2022,13,appositus,Linaria.vulgaris,2,1,2
FP,2022,13,bifarius,Heliomeris.multiflora,35,1,35
FP,2022,13,californicus,Linaria.vulgaris,1,1,1
FP,2022,13,flavifrons,Cirsium.parryi,1,1,1
FP,2022,13,mixtus,Heliomeris.multiflora,2,1,2
FP,2022,13,occidentalis,Heliomeris.multiflora,2,1,2
FP,2022,13,rufocinctus,Heliomeris.multiflora,52,1,52
FP,2022,13,rufocinctus,Pentaphylloides.floribunda,1,1,1
FP,2022,13,rufocinctus,Solidago.missouriensis,1,1,1
FP,2022,14,appositus,Heliomeris.multiflora,2,1,2
FP,2022,14,bifarius,Heliomeris.multiflora,87,1,87
FP,2022,14,bifarius,Ligularia.bigelovii,1,1,1
FP,2022,14,californicus,Linaria.vulgaris,2,1,2
FP,2022,14,flavifrons,Cirsium.eatonii,2,1,2
FP,2022,14,flavifrons,Cirsium.parryi,2,1,2
FP,2022,14,flavifrons,Heliomeris.multiflora,16,1,16
FP,2022,14,insularis,Heliomeris.multiflora,19,1,19
FP,2022,14,mixtus,Heliomeris.multiflora,3,1,3
FP,2022,14,occidentalis,Heliomeris.multiflora,8,1,8
FP,2022,14,rufocinctus,Heliomeris.multiflora,64,1,64
FP,2022,14,rufocinctus,Trifolium.repens,1,1,1
FP,2022,15,appositus,Gentiana.parryi,2,1,2
FP,2022,15,appositus,Heliomeris.multiflora,3,1,3
FP,2022,15,appositus,Linaria.vulgaris,1,1,1
FP,2022,15,bifarius,Heliomeris.multiflora,127,1,127
FP,2022,15,californicus,Cirsium.eatonii,3,1,3
FP,2022,15,californicus,Heliomeris.multiflora,2,1,2
FP,2022,15,californicus,Linaria.vulgaris,2,1,2
FP,2022,15,flavifrons,Heliomeris.multiflora,33,1,33
FP,2022,15,insularis,Heliomeris.multiflora,38,1,38
FP,2022,15,mixtus,Heliomeris.multiflora,1,1,1
FP,2022,15,occidentalis,Heliomeris.multiflora,8,1,8
FP,2022,15,rufocinctus,Heliomeris.multiflora,33,1,33
FP,2022,16,appositus,Ericameria.parryi,1,1,1
FP,2022,16,appositus,Gentiana.parryi,2,1,2
FP,2022,16,appositus,Heliomeris.multiflora,1,1,1
FP,2022,16,appositus,Linaria.vulgaris,1,1,1
FP,2022,16,appositus,Vicia.americana,1,1,1
FP,2022,16,bifarius,Ericameria.parryi,1,1,1
FP,2022,16,bifarius,Heliomeris.multiflora,87,1,87
FP,2022,16,flavifrons,Aster.foliaceus,3,1,3
FP,2022,16,flavifrons,Heliomeris.multiflora,15,1,15
FP,2022,16,flavifrons,Linaria.vulgaris,1,1,1
FP,2022,16,insularis,Heliomeris.multiflora,54,1,54
FP,2022,16,mixtus,Heliomeris.multiflora,8,1,8
FP,2022,16,occidentalis,Heliomeris.multiflora,2,1,2
FP,2022,16,rufocinctus,Ericameria.parryi,1,1,1
FP,2022,16,rufocinctus,Heliomeris.multiflora,41,1,41
FP,2022,17,appositus,Cirsium.eatonii,1,1,1
FP,2022,17,appositus,Linaria.vulgaris,1,1,1
FP,2022,17,bifarius,Heliomeris.multiflora,46,1,46
FP,2022,17,flavifrons,Aster.foliaceus,1,1,1
FP,2022,17,flavifrons,Heliomeris.multiflora,11,1,11
FP,2022,17,insularis,Ericameria.parryi,4,1,4
FP,2022,17,insularis,Heliomeris.multiflora,37,1,37
FP,2022,17,rufocinctus,Aster.foliaceus,1,1,1
FP,2022,17,rufocinctus,Heliomeris.multiflora,17,1,17
FP,2022,18,bifarius,Ericameria.parryi,4,1,4
FP,2022,18,bifarius,Heliomeris.multiflora,6,1,6
FP,2022,18,californicus,Cirsium.eatonii,1,1,1
FP,2022,18,insularis,Ericameria.parryi,7,1,7
FP,2022,18,insularis,Heliomeris.multiflora,2,1,2
FP,2022,19,bifarius,Ericameria.parryi,1,1,1
FP,2023,1,bifarius,Salix.sp,1,1,1
FP,2023,2,bifarius,Mertensia.fusiformis,1,1,1
FP,2023,2,rufocinctus,Mertensia.fusiformis,1,1,1
FP,2023,3,bifarius,Mertensia.fusiformis,2,1,2
FP,2023,3,flavifrons,Mertensia.fusiformis,6,1,6
FP,2023,3,insularis,Mertensia.fusiformis,1,1,1
FP,2023,3,rufocinctus,Mertensia.fusiformis,3,1,3
FP,2023,3,rufocinctus,Viola.praemorsa,1,1,1
FP,2023,4,flavifrons,Mertensia.fusiformis,2,1,2
FP,2023,4,flavifrons,Taraxacum.officinale,1,1,1
FP,2023,4,rufocinctus,Mertensia.fusiformis,1,1,1
FP,2023,4,rufocinctus,Taraxacum.officinale,2,1,2
FP,2023,5,bifarius,Taraxacum.officinale,1,2,0.5
FP,2023,5,californicus,Delphinium.nuttallianum,2,2,1
FP,2023,5,insularis,Taraxacum.officinale,1,2,0.5
FP,2023,6,bifarius,Frasera.speciosa,1,4,0.25
FP,2023,6,bifarius,Hydrophyllum.fendleri,1,4,0.25
FP,2023,6,bifarius,Lupinus.bakeri,3,4,0.75
FP,2023,6,californicus,Delphinium.nuttallianum,1,4,0.25
FP,2023,6,californicus,Lathyrus.leucanthus,2,4,0.5
FP,2023,6,flavifrons,Delphinium.nuttallianum,5,4,1.25
FP,2023,6,flavifrons,Hydrophyllum.fendleri,5,4,1.25
FP,2023,6,flavifrons,Lupinus.bakeri,1,4,0.25
FP,2023,6,insularis,Hydrophyllum.fendleri,1,4,0.25
FP,2023,6,mixtus,Frasera.speciosa,1,4,0.25
FP,2023,6,nevadensis,Lathyrus.leucanthus,2,4,0.5
FP,2023,6,occidentalis,Hydrophyllum.fendleri,1,4,0.25
FP,2023,6,rufocinctus,Frasera.speciosa,2,4,0.5
FP,2023,6,rufocinctus,Lupinus.bakeri,8,4,2
FP,2023,7,bifarius,Frasera.speciosa,1,1,1
FP,2023,7,rufocinctus,Frasera.speciosa,2,1,2
FP,2023,7,rufocinctus,Lathyrus.leucanthus,2,1,2
FP,2023,7,rufocinctus,Lupinus.bakeri,3,1,3
FP,2023,8,rufocinctus,Frasera.speciosa,1,1,1
FP,2023,8,rufocinctus,Lupinus.bakeri,1,1,1
FP,2023,9,appositus,Delphinium.barbeyi,4,1,4
FP,2023,9,bifarius,Helianthella.quinquenervis,4,1,4
FP,2023,9,flavifrons,Delphinium.barbeyi,5,1,5
FP,2023,9,flavifrons,Vicia.americana,2,1,2
FP,2023,9,rufocinctus,Delphinium.barbeyi,1,1,1
FP,2023,9,rufocinctus,Vicia.americana,1,1,1
FP,2023,10,appositus,Delphinium.barbeyi,18,1,18
FP,2023,10,flavifrons,Delphinium.barbeyi,4,1,4
FP,2023,10,flavifrons,Erigeron.coulteri,1,1,1
FP,2023,10,flavifrons,Helianthella.quinquenervis,1,1,1
FP,2023,10,insularis,Dugaldia.hoopesii,1,1,1
FP,2023,10,rufocinctus,Calochortus.gunnisonii,5,1,5
FP,2023,10,rufocinctus,Dugaldia.hoopesii,1,1,1
FP,2023,10,rufocinctus,Helianthella.quinquenervis,3,1,3
FP,2023,11,appositus,Delphinium.barbeyi,17,1,17
FP,2023,11,bifarius,Erigeron.speciosus,1,1,1
FP,2023,11,rufocinctus,Campanula.rotundifolia,1,1,1
FP,2023,11,rufocinctus,Erigeron.speciosus,7,1,7
FP,2023,11,rufocinctus,Heliomeris.multiflora,1,1,1
FP,2023,12,appositus,Cirsium.parryi,2,1,2
FP,2023,12,appositus,Delphinium.barbeyi,1,1,1
FP,2023,12,appositus,Heliomeris.multiflora,1,1,1
FP,2023,12,appositus,Linaria.vulgaris,1,1,1
FP,2023,12,flavifrons,Erigeron.speciosus,3,1,3
FP,2023,12,rufocinctus,Erigeron.speciosus,8,1,8
FP,2023,12,rufocinctus,Heliomeris.multiflora,5,1,5
FP,2023,12,rufocinctus,Linaria.vulgaris,1,1,1
FP,2023,13,bifarius,Heliomeris.multiflora,3,1,3
FP,2023,13,insularis,Heterotheca.villosa,3,1,3
FP,2023,13,rufocinctus,Heliomeris.multiflora,2,1,2
FP,2023,13,rufocinctus,Linaria.vulgaris,1,1,1
FP,2023,14,appositus,Ericameria.parryi,3,1,3
FP,2023,14,bifarius,Ericameria.parryi,1,1,1
FP,2023,14,bifarius,Heliomeris.multiflora,2,1,2
FP,2023,14,flavifrons,Ericameria.parryi,4,1,4
FP,2023,14,occidentalis,Ericameria.parryi,1,1,1
FP,2023,14,rufocinctus,Cirsium.parryi,1,1,1
FP,2023,14,rufocinctus,Ericameria.parryi,20,1,20
FP,2023,14,rufocinctus,Heliomeris.multiflora,8,1,8
FP,2023,15,appositus,Ericameria.parryi,4,1,4
FP,2023,15,bifarius,Ericameria.parryi,6,1,6
FP,2023,15,californicus,Ericameria.parryi,2,1,2
FP,2023,15,flavifrons,Ericameria.parryi,4,1,4
FP,2023,15,rufocinctus,Ericameria.parryi,20,1,20
FP,2023,15,rufocinctus,Heliomeris.multiflora,2,1,2
GS,2015,2,bifarius,Salix.sp,6,1,6
GS,2015,3,bifarius,Claytonia.lanceolata,2,1,2
GS,2015,3,bifarius,Salix.sp,2,1,2
GS,2015,3,bifarius,Taraxacum.officinale,2,1,2
GS,2015,3,californicus,Erythronium.grandiflorum,1,1,1
GS,2015,4,bifarius,Erythronium.grandiflorum,1,1,1
GS,2015,4,bifarius,Hydrophyllum.capitatum,1,1,1
GS,2015,4,bifarius,Taraxacum.officinale,2,1,2
GS,2015,4,californicus,Mertensia.fusiformis,1,1,1
GS,2015,4,flavifrons,Erythronium.grandiflorum,1,1,1
GS,2015,4,rufocinctus,Taraxacum.officinale,1,1,1
GS,2015,5,bifarius,Hydrophyllum.capitatum,1,1,1
GS,2015,5,bifarius,Mertensia.fusiformis,1,1,1
GS,2015,5,bifarius,Taraxacum.officinale,9,1,9
GS,2015,5,rufocinctus,Mertensia.fusiformis,1,1,1
GS,2015,6,appositus,Delphinium.nuttallianum,6,2,3
GS,2015,6,bifarius,Mertensia.ciliata,1,2,0.5
GS,2015,6,bifarius,Senecio.integerrimus,1,2,0.5
GS,2015,6,bifarius,Taraxacum.officinale,5,2,2.5
GS,2015,6,flavifrons,Delphinium.nuttallianum,5,2,2.5
GS,2015,6,flavifrons,Hydrophyllum.capitatum,2,2,1
GS,2015,6,flavifrons,Hydrophyllum.fendleri,2,2,1
GS,2015,6,flavifrons,Mertensia.ciliata,1,2,0.5
GS,2015,6,nevadensis,Delphinium.nuttallianum,1,2,0.5
GS,2015,6,rufocinctus,Hydrophyllum.fendleri,1,2,0.5
GS,2015,6,rufocinctus,Valeriana.occidentalis,1,2,0.5
GS,2015,7,appositus,Adenolinum.lewisii,2,1,2
GS,2015,7,appositus,Delphinium.nuttallianum,4,1,4
GS,2015,7,bifarius,Dodecatheon.pulchellum,3,1,3
GS,2015,7,bifarius,Hydrophyllum.fendleri,2,1,2
GS,2015,7,flavifrons,Delphinium.nuttallianum,3,1,3
GS,2015,7,flavifrons,Hydrophyllum.fendleri,1,1,1
GS,2015,7,insularis,Hydrophyllum.fendleri,1,1,1
GS,2015,7,mixtus,Mertensia.ciliata,1,1,1
GS,2015,8,appositus,Delphinium.barbeyi,5,1,5
GS,2015,8,bifarius,Helianthella.quinquenervis,3,1,3
GS,2015,8,californicus,Vicia.americana,1,1,1
GS,2015,8,flavifrons,Aconitum.columbianum,6,1,6
GS,2015,8,flavifrons,Delphinium.barbeyi,1,1,1
GS,2015,8,flavifrons,Helianthella.quinquenervis,8,1,8
GS,2015,8,flavifrons,Mertensia.ciliata,3,1,3
GS,2015,8,flavifrons,Vicia.americana,1,1,1
GS,2015,8,nevadensis,Mertensia.ciliata,2,1,2
GS,2015,8,rufocinctus,Helianthella.quinquenervis,1,1,1
GS,2015,9,appositus,Aconitum.columbianum,1,2,0.5
GS,2015,9,appositus,Delphinium.barbeyi,2,2,1
GS,2015,9,bifarius,Helianthella.quinquenervis,4,2,2
GS,2015,9,bifarius,Pentaphylloides.floribunda,2,2,1
GS,2015,9,californicus,Hydrophyllum.fendleri,1,2,0.5
GS,2015,9,californicus,Prunella.vulgaris,1,2,0.5
GS,2015,9,flavifrons,Aconitum.columbianum,2,2,1
GS,2015,9,flavifrons,Delphinium.barbeyi,2,2,1
GS,2015,9,flavifrons,Helianthella.quinquenervis,2,2,1
GS,2015,9,flavifrons,Potentilla.pulcherrima,1,2,0.5
GS,2015,9,flavifrons,Vicia.americana,2,2,1
GS,2015,9,insularis,Helianthella.quinquenervis,1,2,0.5
GS,2015,9,mixtus,Helianthella.quinquenervis,1,2,0.5
GS,2015,9,rufocinctus,Helianthella.quinquenervis,4,2,2
GS,2015,10,appositus,Aconitum.columbianum,1,1,1
GS,2015,10,appositus,Delphinium.barbeyi,7,1,7
GS,2015,10,appositus,Trifolium.pratense,1,1,1
GS,2015,10,bifarius,Helianthella.quinquenervis,2,1,2
GS,2015,10,bifarius,Pentaphylloides.floribunda,6,1,6
GS,2015,10,californicus,Delphinium.barbeyi,1,1,1
GS,2015,10,flavifrons,Aconitum.columbianum,4,1,4
GS,2015,10,flavifrons,Delphinium.barbeyi,2,1,2
GS,2015,10,flavifrons,Helianthella.quinquenervis,5,1,5
GS,2015,10,flavifrons,Vicia.americana,1,1,1
GS,2015,10,mixtus,Helianthella.quinquenervis,3,1,3
GS,2015,10,occidentalis,Solidago.multiradiata,1,1,1
GS,2015,10,rufocinctus,Helianthella.quinquenervis,2,1,2
GS,2015,11,appositus,Delphinium.barbeyi,7,1,7
GS,2015,11,bifarius,Erigeron.speciosus,6,1,6
GS,2015,11,bifarius,Helianthella.quinquenervis,1,1,1
GS,2015,11,bifarius,Heliomeris.multiflora,1,1,1
GS,2015,11,bifarius,Ligularia.bigelovii,1,1,1
GS,2015,11,bifarius,Pentaphylloides.floribunda,4,1,4
GS,2015,11,californicus,Aconitum.columbianum,1,1,1
GS,2015,11,flavifrons,Aconitum.columbianum,12,1,12
GS,2015,11,flavifrons,Delphinium.barbeyi,9,1,9
GS,2015,11,flavifrons,Ligularia.bigelovii,1,1,1
GS,2015,11,flavifrons,Vicia.americana,2,1,2
GS,2015,11,rufocinctus,Erigeron.speciosus,1,1,1
GS,2015,11,rufocinctus,Helianthella.quinquenervis,1,1,1
GS,2015,11,rufocinctus,Solidago.multiradiata,1,1,1
GS,2015,12,appositus,Delphinium.barbeyi,14,1,14
GS,2015,12,appositus,Gentianopsis.thermalis,2,1,2
GS,2015,12,bifarius,Erigeron.speciosus,1,1,1
GS,2015,12,bifarius,Gentianopsis.thermalis,1,1,1
GS,2015,12,bifarius,Heliomeris.multiflora,36,1,36
GS,2015,12,californicus,Delphinium.barbeyi,2,1,2
GS,2015,12,flavifrons,Aconitum.columbianum,7,1,7
GS,2015,12,flavifrons,Cirsium.parryi,2,1,2
GS,2015,12,flavifrons,Delphinium.barbeyi,11,1,11
GS,2015,12,flavifrons,Gentianopsis.thermalis,1,1,1
GS,2015,12,flavifrons,Helianthella.quinquenervis,1,1,1
GS,2015,12,flavifrons,Heliomeris.multiflora,5,1,5
GS,2015,12,flavifrons,Ligularia.bigelovii,2,1,2
GS,2015,12,rufocinctus,Heliomeris.multiflora,9,1,9
GS,2015,13,appositus,Aster.foliaceus,6,1,6
GS,2015,13,appositus,Cirsium.parryi,1,1,1
GS,2015,13,appositus,Gentianopsis.thermalis,1,1,1
GS,2015,13,appositus,Heliomeris.multiflora,4,1,4
GS,2015,13,bifarius,Aster.foliaceus,1,1,1
GS,2015,13,bifarius,Heliomeris.multiflora,16,1,16
GS,2015,13,flavifrons,Aster.foliaceus,2,1,2
GS,2015,13,flavifrons,Cirsium.parryi,2,1,2
GS,2015,13,flavifrons,Heliomeris.multiflora,18,1,18
GS,2015,13,insularis,Aster.foliaceus,1,1,1
GS,2015,13,insularis,Heliomeris.multiflora,4,1,4
GS,2015,13,mixtus,Erigeron.speciosus,1,1,1
GS,2015,13,mixtus,Heliomeris.multiflora,1,1,1
GS,2015,13,rufocinctus,Aster.foliaceus,6,1,6
GS,2015,13,rufocinctus,Erigeron.speciosus,1,1,1
GS,2015,13,rufocinctus,Heliomeris.multiflora,18,1,18
GS,2015,14,appositus,Trifolium.repens,1,1,1
GS,2015,14,bifarius,Aster.foliaceus,3,1,3
GS,2015,14,bifarius,Heliomeris.multiflora,11,1,11
GS,2015,14,flavifrons,Aster.foliaceus,11,1,11
GS,2015,14,flavifrons,Heliomeris.multiflora,9,1,9
GS,2015,14,insularis,Aster.foliaceus,7,1,7
GS,2015,14,insularis,Heliomeris.multiflora,4,1,4
GS,2015,14,rufocinctus,Aster.foliaceus,8,1,8
GS,2015,14,rufocinctus,Erigeron.elatior,1,1,1
GS,2015,14,rufocinctus,Heliomeris.multiflora,6,1,6
GS,2015,15,bifarius,Aster.foliaceus,2,1,2
GS,2015,15,bifarius,Heliomeris.multiflora,7,1,7
GS,2015,15,flavifrons,Aster.foliaceus,8,1,8
GS,2015,15,flavifrons,Heliomeris.multiflora,5,1,5
GS,2015,15,insularis,Aster.foliaceus,6,1,6
GS,2015,15,insularis,Heliomeris.multiflora,3,1,3
GS,2015,15,rufocinctus,Aster.foliaceus,5,1,5
GS,2015,15,rufocinctus,Heliomeris.multiflora,3,1,3
GS,2015,16,bifarius,Aster.foliaceus,7,1,7
GS,2015,16,bifarius,Taraxacum.officinale,1,1,1
GS,2015,16,flavifrons,Heliomeris.multiflora,1,1,1
GS,2015,16,insularis,Aster.foliaceus,10,1,10
GS,2015,16,insularis,Heliomeris.multiflora,1,1,1
GS,2015,16,insularis,Taraxacum.officinale,2,1,2
GS,2015,16,mixtus,Aster.foliaceus,1,1,1
GS,2015,16,rufocinctus,Aster.foliaceus,2,1,2
GS,2016,3,bifarius,Erythronium.grandiflorum,1,1,1
GS,2016,4,bifarius,Claytonia.lanceolata,2,1,2
GS,2016,4,bifarius,Erythronium.grandiflorum,4,1,4
GS,2016,4,bifarius,Salix.sp,1,1,1
GS,2016,5,bifarius,Claytonia.lanceolata,1,1,1
GS,2016,5,bifarius,Erythronium.grandiflorum,2,1,2
GS,2016,5,bifarius,Mertensia.fusiformis,1,1,1
GS,2016,6,bifarius,Hydrophyllum.capitatum,3,1,3
GS,2016,6,bifarius,Taraxacum.officinale,12,1,12
GS,2016,6,californicus,Delphinium.nuttallianum,1,1,1
GS,2016,6,flavifrons,Hydrophyllum.capitatum,3,1,3
GS,2016,6,nevadensis,Mertensia.fusiformis,1,1,1
GS,2016,7,appositus,Delphinium.nuttallianum,4,1,4
GS,2016,7,bifarius,Taraxacum.officinale,16,1,16
GS,2016,7,flavifrons,Hydrophyllum.capitatum,1,1,1
GS,2016,7,flavifrons,Hydrophyllum.fendleri,2,1,2
GS,2016,7,flavifrons,Taraxacum.officinale,2,1,2
GS,2016,7,insularis,Senecio.serra,1,1,1
GS,2016,7,insularis,Taraxacum.officinale,1,1,1
GS,2016,7,mixtus,Mertensia.ciliata,1,1,1
GS,2016,7,rufocinctus,Taraxacum.officinale,3,1,3
GS,2016,8,bifarius,Dodecatheon.pulchellum,2,1,2
GS,2016,8,bifarius,Hydrophyllum.fendleri,2,1,2
GS,2016,8,bifarius,Mertensia.ciliata,1,1,1
GS,2016,8,flavifrons,Dodecatheon.pulchellum,1,1,1
GS,2016,8,flavifrons,Hydrophyllum.fendleri,5,1,5
GS,2016,8,flavifrons,Mertensia.ciliata,1,1,1
GS,2016,8,insularis,Hydrophyllum.fendleri,3,1,3
GS,2016,9,bifarius,Dodecatheon.pulchellum,1,1,1
GS,2016,9,bifarius,Hydrophyllum.fendleri,1,1,1
GS,2016,9,bifarius,Lathyrus.leucanthus,1,1,1
GS,2016,9,bifarius,Vicia.americana,1,1,1
GS,2016,9,flavifrons,Hydrophyllum.fendleri,3,1,3
GS,2016,9,flavifrons,Mertensia.ciliata,3,1,3
GS,2016,9,rufocinctus,Dodecatheon.pulchellum,2,1,2
GS,2016,10,appositus,Vicia.americana,3,1,3
GS,2016,10,bifarius,Helianthella.quinquenervis,1,1,1
GS,2016,10,bifarius,Vicia.americana,1,1,1
GS,2016,10,flavifrons,Aconitum.columbianum,1,1,1
GS,2016,10,flavifrons,Helianthella.quinquenervis,1,1,1
GS,2016,10,flavifrons,Vicia.americana,2,1,2
GS,2016,10,insularis,Helianthella.quinquenervis,1,1,1
GS,2016,10,rufocinctus,Helianthella.quinquenervis,1,1,1
GS,2016,11,appositus,Trifolium.pratense,1,1,1
GS,2016,11,appositus,Vicia.americana,1,1,1
GS,2016,11,bifarius,Helianthella.quinquenervis,4,1,4
GS,2016,11,bifarius,Pentaphylloides.floribunda,1,1,1
GS,2016,11,bifarius,Trifolium.pratense,1,1,1
GS,2016,11,flavifrons,Aconitum.columbianum,2,1,2
GS,2016,11,flavifrons,Arnica.parryi,1,1,1
GS,2016,11,flavifrons,Delphinium.barbeyi,4,1,4
GS,2016,11,flavifrons,Helianthella.quinquenervis,4,1,4
GS,2016,11,flavifrons,Solidago.multiradiata,1,1,1
GS,2016,11,rufocinctus,Helianthella.quinquenervis,1,1,1
GS,2016,11,rufocinctus,Trifolium.pratense,1,1,1
GS,2016,12,appositus,Aconitum.columbianum,1,1,1
GS,2016,12,appositus,Delphinium.barbeyi,6,1,6
GS,2016,12,bifarius,Ligularia.bigelovii,3,1,3
GS,2016,12,bifarius,Pentaphylloides.floribunda,1,1,1
GS,2016,12,bifarius,Solidago.multiradiata,1,1,1
GS,2016,12,bifarius,Trifolium.repens,1,1,1
GS,2016,12,flavifrons,Aconitum.columbianum,6,1,6
GS,2016,12,flavifrons,Cirsium.parryi,1,1,1
GS,2016,12,flavifrons,Delphinium.barbeyi,3,1,3
GS,2016,12,nevadensis,Delphinium.barbeyi,1,1,1
GS,2016,13,appositus,Delphinium.barbeyi,4,1,4
GS,2016,13,bifarius,Heliomeris.multiflora,3,1,3
GS,2016,13,bifarius,Trifolium.repens,3,1,3
GS,2016,13,flavifrons,Arnica.parryi,2,1,2
GS,2016,13,flavifrons,Delphinium.barbeyi,3,1,3
GS,2016,13,flavifrons,Gentianopsis.thermalis,1,1,1
GS,2016,13,flavifrons,Ligularia.bigelovii,4,1,4
GS,2016,13,flavifrons,Trifolium.repens,1,1,1
GS,2016,13,insularis,Heliomeris.multiflora,4,1,4
GS,2016,13,insularis,Ligularia.bigelovii,3,1,3
GS,2016,14,appositus,Delphinium.barbeyi,4,1,4
GS,2016,14,bifarius,Heliomeris.multiflora,3,1,3
GS,2016,14,bifarius,Trifolium.repens,3,1,3
GS,2016,14,flavifrons,Arnica.parryi,2,1,2
GS,2016,14,flavifrons,Delphinium.barbeyi,3,1,3
GS,2016,14,flavifrons,Gentianopsis.thermalis,1,1,1
GS,2016,14,flavifrons,Ligularia.bigelovii,4,1,4
GS,2016,14,flavifrons,Trifolium.repens,1,1,1
GS,2016,14,insularis,Heliomeris.multiflora,4,1,4
GS,2016,14,insularis,Ligularia.bigelovii,3,1,3
GS,2016,15,appositus,Gentianopsis.thermalis,2,1,2
GS,2016,15,appositus,Trifolium.pratense,2,1,2
GS,2016,15,bifarius,Aster.foliaceus,2,1,2
GS,2016,15,bifarius,Gentianopsis.thermalis,1,1,1
GS,2016,15,bifarius,Heliomeris.multiflora,22,1,22
GS,2016,15,bifarius,Pentaphylloides.floribunda,2,1,2
GS,2016,15,bifarius,Trifolium.repens,1,1,1
GS,2016,15,californicus,Gentianella.acuta,1,1,1
GS,2016,15,flavifrons,Aster.foliaceus,1,1,1
GS,2016,15,flavifrons,Gentianopsis.thermalis,1,1,1
GS,2016,15,flavifrons,Heliomeris.multiflora,1,1,1
GS,2016,15,insularis,Aster.foliaceus,18,1,18
GS,2016,15,insularis,Heliomeris.multiflora,11,1,11
GS,2016,15,mixtus,Aster.foliaceus,1,1,1
GS,2016,15,occidentalis,Heliomeris.multiflora,1,1,1
GS,2016,15,rufocinctus,Heliomeris.multiflora,1,1,1
GS,2016,16,bifarius,Heliomeris.multiflora,11,1,11
GS,2016,16,flavifrons,Aster.foliaceus,2,1,2
GS,2016,16,flavifrons,Heliomeris.multiflora,1,1,1
GS,2016,16,insularis,Aster.foliaceus,3,1,3
GS,2016,16,insularis,Cirsium.parryi,1,1,1
GS,2016,16,insularis,Heliomeris.multiflora,3,1,3
GS,2016,16,mixtus,Aster.foliaceus,1,1,1
GS,2016,16,occidentalis,Heliomeris.multiflora,3,1,3
GS,2016,17,bifarius,Heliomeris.multiflora,10,1,10
GS,2016,17,insularis,Aster.foliaceus,5,1,5
GS,2016,17,insularis,Heliomeris.multiflora,12,1,12
GS,2016,17,rufocinctus,Aster.foliaceus,1,1,1
GS,2017,2,bifarius,Claytonia.lanceolata,2,1,2
GS,2017,3,bifarius,Erythronium.grandiflorum,3,1,3
GS,2017,3,flavifrons,Erythronium.grandiflorum,1,1,1
GS,2017,4,bifarius,Viola.praemorsa,1,1,1
GS,2017,5,appositus,Taraxacum.officinale,1,1,1
GS,2017,5,bifarius,Taraxacum.officinale,12,1,12
GS,2017,5,flavifrons,Hydrophyllum.fendleri,3,1,3
GS,2017,5,rufocinctus,Hydrophyllum.fendleri,3,1,3
GS,2017,5,rufocinctus,Mertensia.fusiformis,1,1,1
GS,2017,6,appositus,Delphinium.nuttallianum,4,1,4
GS,2017,6,bifarius,Arnica.cordifolia,1,1,1
GS,2017,6,bifarius,Dodecatheon.pulchellum,1,1,1
GS,2017,6,bifarius,Taraxacum.officinale,12,1,12
GS,2017,6,flavifrons,Delphinium.nuttallianum,1,1,1
GS,2017,6,flavifrons,Mertensia.ciliata,1,1,1
GS,2017,6,flavifrons,Taraxacum.officinale,2,1,2
GS,2017,6,insularis,Taraxacum.officinale,1,1,1
GS,2017,6,occidentalis,Taraxacum.officinale,1,1,1
GS,2017,6,rufocinctus,Taraxacum.officinale,1,1,1
GS,2017,7,appositus,Aquilegia.coerulea,1,1,1
GS,2017,7,appositus,Delphinium.nuttallianum,2,1,2
GS,2017,7,appositus,Lathyrus.leucanthus,1,1,1
GS,2017,7,bifarius,Dodecatheon.pulchellum,2,1,2
GS,2017,7,flavifrons,Hydrophyllum.fendleri,2,1,2
GS,2017,7,flavifrons,Lathyrus.leucanthus,1,1,1
GS,2017,7,mixtus,Mertensia.ciliata,1,1,1
GS,2017,7,rufocinctus,Dodecatheon.pulchellum,2,1,2
GS,2017,8,appositus,Delphinium.barbeyi,3,1,3
GS,2017,8,bifarius,Pentaphylloides.floribunda,1,1,1
GS,2017,8,bifarius,Potentilla.pulcherrima,1,1,1
GS,2017,8,flavifrons,Aconitum.columbianum,3,1,3
GS,2017,8,flavifrons,Arnica.parryi,2,1,2
GS,2017,8,flavifrons,Geranium.richardsonii,1,1,1
GS,2017,8,flavifrons,Mertensia.ciliata,5,1,5
GS,2017,8,flavifrons,Vicia.americana,2,1,2
GS,2017,8,rufocinctus,Mertensia.ciliata,1,1,1
GS,2017,8,rufocinctus,Potentilla.pulcherrima,1,1,1
GS,2017,9,appositus,Delphinium.barbeyi,10,1,10
GS,2017,9,bifarius,Potentilla.pulcherrima,8,1,8
GS,2017,9,bifarius,Prunella.vulgaris,1,1,1
GS,2017,9,bifarius,Solidago.multiradiata,2,1,2
GS,2017,9,flavifrons,Aconitum.columbianum,16,1,16
GS,2017,9,flavifrons,Delphinium.barbeyi,2,1,2
GS,2017,9,flavifrons,Eremogone.congesta,1,1,1
GS,2017,9,flavifrons,Geranium.richardsonii,2,1,2
GS,2017,9,flavifrons,Mertensia.ciliata,2,1,2
GS,2017,9,flavifrons,Prunella.vulgaris,1,1,1
GS,2017,9,flavifrons,Solidago.multiradiata,1,1,1
GS,2017,9,insularis,Dugaldia.hoopesii,1,1,1
GS,2017,9,occidentalis,Ligusticum.porteri,1,1,1
GS,2017,9,rufocinctus,Potentilla.pulcherrima,2,1,2
GS,2017,10,appositus,Delphinium.barbeyi,3,1,3
GS,2017,10,bifarius,Pentaphylloides.floribunda,2,1,2
GS,2017,10,bifarius,Potentilla.pulcherrima,8,1,8
GS,2017,10,bifarius,Solidago.multiradiata,2,1,2
GS,2017,10,bifarius,Trifolium.repens,1,1,1
GS,2017,10,californicus,Trifolium.pratense,1,1,1
GS,2017,10,flavifrons,Aconitum.columbianum,16,1,16
GS,2017,10,flavifrons,Delphinium.barbeyi,1,1,1
GS,2017,10,flavifrons,Eremogone.congesta,1,1,1
GS,2017,10,flavifrons,Helianthella.quinquenervis,1,1,1
GS,2017,10,flavifrons,Mertensia.ciliata,2,1,2
GS,2017,10,flavifrons,Prunella.vulgaris,1,1,1
GS,2017,10,occidentalis,Ligusticum.porteri,1,1,1
GS,2017,10,occidentalis,Pentaphylloides.floribunda,1,1,1
GS,2017,10,rufocinctus,Potentilla.pulcherrima,1,1,1
GS,2017,11,appositus,Aconitum.columbianum,1,1,1
GS,2017,11,appositus,Delphinium.barbeyi,13,1,13
GS,2017,11,appositus,Trifolium.pratense,2,1,2
GS,2017,11,bifarius,Eremogone.congesta,1,1,1
GS,2017,11,bifarius,Helianthella.quinquenervis,2,1,2
GS,2017,11,bifarius,Ligularia.bigelovii,1,1,1
GS,2017,11,bifarius,Pentaphylloides.floribunda,1,1,1
GS,2017,11,bifarius,Potentilla.pulcherrima,2,1,2
GS,2017,11,bifarius,Solidago.multiradiata,2,1,2
GS,2017,11,bifarius,Trifolium.repens,4,1,4
GS,2017,11,flavifrons,Aconitum.columbianum,14,1,14
GS,2017,11,flavifrons,Arnica.parryi,1,1,1
GS,2017,11,flavifrons,Geranium.richardsonii,1,1,1
GS,2017,11,flavifrons,Helianthella.quinquenervis,1,1,1
GS,2017,11,flavifrons,Mertensia.ciliata,1,1,1
GS,2017,11,insularis,Oreochrysum.parryi,1,1,1
GS,2017,11,rufocinctus,Erigeron.elatior,1,1,1
GS,2017,11,rufocinctus,Potentilla.pulcherrima,1,1,1
GS,2017,12,appositus,Aconitum.columbianum,4,1,4
GS,2017,12,appositus,Delphinium.barbeyi,17,1,17
GS,2017,12,appositus,Gentianopsis.thermalis,1,1,1
GS,2017,12,appositus,Trifolium.pratense,2,1,2
GS,2017,12,bifarius,Eremogone.congesta,1,1,1
GS,2017,12,bifarius,Erigeron.speciosus,1,1,1
GS,2017,12,bifarius,Heliomeris.multiflora,3,1,3
GS,2017,12,bifarius,Ligularia.bigelovii,1,1,1
GS,2017,12,bifarius,Pentaphylloides.floribunda,1,1,1
GS,2017,12,bifarius,Solidago.multiradiata,7,1,7
GS,2017,12,flavifrons,Aconitum.columbianum,12,1,12
GS,2017,12,flavifrons,Delphinium.barbeyi,3,1,3
GS,2017,12,flavifrons,Eremogone.congesta,1,1,1
GS,2017,12,flavifrons,Helianthella.quinquenervis,1,1,1
GS,2017,12,flavifrons,Heliomeris.multiflora,1,1,1
GS,2017,12,flavifrons,Ligularia.bigelovii,8,1,8
GS,2017,12,flavifrons,Solidago.multiradiata,1,1,1
GS,2017,12,insularis,Ligularia.bigelovii,1,1,1
GS,2017,12,insularis,Oreochrysum.parryi,2,1,2
GS,2017,12,insularis,Solidago.multiradiata,1,1,1
GS,2017,12,mixtus,Ligularia.bigelovii,1,1,1
GS,2017,12,occidentalis,Aconitum.columbianum,1,1,1
GS,2017,12,occidentalis,Pentaphylloides.floribunda,1,1,1
GS,2017,12,occidentalis,Solidago.multiradiata,1,1,1
GS,2017,12,rufocinctus,Heliomeris.multiflora,2,1,2
GS,2017,13,appositus,Aster.foliaceus,1,1,1
GS,2017,13,appositus,Gentianopsis.thermalis,3,1,3
GS,2017,13,bifarius,Agoseris.glauca,1,1,1
GS,2017,13,bifarius,Aster.foliaceus,4,1,4
GS,2017,13,bifarius,Heliomeris.multiflora,12,1,12
GS,2017,13,bifarius,Solidago.multiradiata,2,1,2
GS,2017,13,californicus,Trifolium.pratense,2,1,2
GS,2017,13,flavifrons,Aster.foliaceus,4,1,4
GS,2017,13,flavifrons,Heliomeris.multiflora,6,1,6
GS,2017,13,insularis,Aster.foliaceus,2,1,2
GS,2017,13,insularis,Heliomeris.multiflora,1,1,1
GS,2017,13,insularis,Solidago.multiradiata,1,1,1
GS,2017,13,mixtus,Heliomeris.multiflora,1,1,1
GS,2017,13,occidentalis,Aster.foliaceus,2,1,2
GS,2017,13,occidentalis,Heliomeris.multiflora,1,1,1
GS,2017,13,rufocinctus,Aster.foliaceus,2,1,2
GS,2017,13,rufocinctus,Heliomeris.multiflora,1,1,1
GS,2017,14,appositus,Aster.foliaceus,7,1,7
GS,2017,14,appositus,Trifolium.pratense,1,1,1
GS,2017,14,bifarius,Aster.foliaceus,2,1,2
GS,2017,14,bifarius,Erigeron.speciosus,1,1,1
GS,2017,14,bifarius,Heliomeris.multiflora,5,1,5
GS,2017,14,bifarius,Trifolium.repens,1,1,1
GS,2017,14,flavifrons,Aster.foliaceus,2,1,2
GS,2017,14,flavifrons,Heliomeris.multiflora,9,1,9
GS,2017,14,flavifrons,Oreochrysum.parryi,1,1,1
GS,2017,14,insularis,Aster.foliaceus,3,1,3
GS,2017,14,insularis,Heliomeris.multiflora,5,1,5
GS,2017,14,occidentalis,Aster.foliaceus,1,1,1
GS,2017,14,occidentalis,Heliomeris.multiflora,1,1,1
GS,2017,14,rufocinctus,Heliomeris.multiflora,5,1,5
GS,2017,15,bifarius,Aster.foliaceus,4,1,4
GS,2017,15,bifarius,Heliomeris.multiflora,1,1,1
GS,2017,15,bifarius,Trifolium.repens,1,1,1
GS,2017,15,flavifrons,Aster.foliaceus,6,1,6
GS,2017,15,flavifrons,Heliomeris.multiflora,1,1,1
GS,2017,15,flavifrons,Trifolium.pratense,1,1,1
GS,2017,15,insularis,Aster.foliaceus,10,1,10
GS,2017,15,insularis,Heliomeris.multiflora,3,1,3
GS,2018,3,bifarius,Salix.sp,2,1,2
GS,2018,4,bifarius,Erythronium.grandiflorum,6,1,6
GS,2018,5,bifarius,Erythronium.grandiflorum,5,1,5
GS,2018,5,occidentalis,Erythronium.grandiflorum,1,1,1
GS,2018,6,bifarius,Fragaria.virginiana,1,1,1
GS,2018,6,bifarius,Mertensia.fusiformis,1,1,1
GS,2018,6,bifarius,Taraxacum.officinale,3,1,3
GS,2018,7,bifarius,Taraxacum.officinale,14,1,14
GS,2018,7,flavifrons,Delphinium.nuttallianum,1,1,1
GS,2018,7,flavifrons,Taraxacum.officinale,2,1,2
GS,2018,7,insularis,Taraxacum.officinale,1,1,1
GS,2018,8,bifarius,Dodecatheon.pulchellum,1,1,1
GS,2018,8,bifarius,Taraxacum.officinale,4,1,4
GS,2018,8,flavifrons,Mertensia.ciliata,2,1,2
GS,2018,8,insularis,Taraxacum.officinale,3,1,3
GS,2018,9,appositus,Vicia.americana,1,1,1
GS,2018,9,bifarius,Dodecatheon.pulchellum,1,1,1
GS,2018,9,flavifrons,Vicia.americana,4,1,4
GS,2018,9,rufocinctus,Potentilla.pulcherrima,1,1,1
GS,2018,10,appositus,Vicia.americana,3,1,3
GS,2018,10,bifarius,Dodecatheon.pulchellum,1,1,1
GS,2018,10,flavifrons,Arnica.parryi,1,1,1
GS,2018,10,flavifrons,Delphinium.barbeyi,1,1,1
GS,2018,10,flavifrons,Helianthella.quinquenervis,1,1,1
GS,2018,10,flavifrons,Vicia.americana,3,1,3
GS,2018,10,occidentalis,Ligusticum.porteri,1,1,1
GS,2018,11,flavifrons,Aconitum.columbianum,1,1,1
GS,2018,11,flavifrons,Arnica.parryi,6,1,6
GS,2018,11,flavifrons,Delphinium.barbeyi,5,1,5
GS,2018,11,flavifrons,Geranium.richardsonii,1,1,1
GS,2018,11,flavifrons,Helianthella.quinquenervis,7,1,7
GS,2018,11,flavifrons,Mertensia.ciliata,1,1,1
GS,2018,11,flavifrons,Trifolium.pratense,2,1,2
GS,2018,11,flavifrons,Vicia.americana,2,1,2
GS,2018,12,appositus,Delphinium.barbeyi,3,1,3
GS,2018,12,bifarius,Potentilla.pulcherrima,1,1,1
GS,2018,12,californicus,Pentaphylloides.floribunda,1,1,1
GS,2018,12,flavifrons,Aconitum.columbianum,8,1,8
GS,2018,12,flavifrons,Arnica.parryi,1,1,1
GS,2018,12,flavifrons,Delphinium.barbeyi,2,1,2
GS,2018,12,flavifrons,Helianthella.quinquenervis,2,1,2
GS,2018,13,bifarius,Erigeron.elatior,2,1,2
GS,2018,13,bifarius,Helianthella.quinquenervis,1,1,1
GS,2018,13,bifarius,Senecio.serra,2,1,2
GS,2018,13,flavifrons,Aconitum.columbianum,12,1,12
GS,2018,13,flavifrons,Arnica.parryi,2,1,2
GS,2018,13,flavifrons,Ligularia.bigelovii,5,1,5
GS,2018,13,flavifrons,Senecio.triangularis,1,1,1
GS,2018,13,flavifrons,Solidago.multiradiata,1,1,1
GS,2018,13,occidentalis,Solidago.multiradiata,1,1,1
GS,2018,14,appositus,Gentianopsis.thermalis,1,1,1
GS,2018,14,appositus,Trifolium.pratense,1,1,1
GS,2018,14,bifarius,Aster.foliaceus,1,1,1
GS,2018,14,bifarius,Heliomeris.multiflora,18,1,18
GS,2018,14,bifarius,Senecio.serra,2,1,2
GS,2018,14,flavifrons,Aconitum.columbianum,1,1,1
GS,2018,14,flavifrons,Heliomeris.multiflora,1,1,1
GS,2018,14,flavifrons,Ligularia.bigelovii,3,1,3
GS,2018,14,flavifrons,Senecio.serra,1,1,1
GS,2018,14,insularis,Aster.foliaceus,1,1,1
GS,2018,14,insularis,Heliomeris.multiflora,1,1,1
GS,2018,14,rufocinctus,Heliomeris.multiflora,1,1,1
GS,2018,15,appositus,Trifolium.pratense,2,1,2
GS,2018,15,bifarius,Aster.foliaceus,1,1,1
GS,2018,15,bifarius,Heliomeris.multiflora,7,1,7
GS,2018,15,californicus,Trifolium.repens,1,1,1
GS,2018,15,flavifrons,Aster.foliaceus,2,1,2
GS,2018,15,flavifrons,Heliomeris.multiflora,3,1,3
GS,2018,15,flavifrons,Ligularia.bigelovii,1,1,1
GS,2018,15,flavifrons,Trifolium.pratense,2,1,2
GS,2018,15,insularis,Aster.foliaceus,7,1,7
GS,2018,15,insularis,Heliomeris.multiflora,2,1,2
GS,2018,15,insularis,Ligularia.bigelovii,1,1,1
GS,2018,16,insularis,Aster.foliaceus,4,1,4
GS,2018,16,insularis,Heliomeris.multiflora,1,1,1
GS,2018,16,rufocinctus,Aster.foliaceus,1,1,1
GS,2019,2,bifarius,Erythronium.grandiflorum,1,1,1
GS,2019,2,bifarius,Salix.sp,4,1,4
GS,2019,2,mixtus,Erythronium.grandiflorum,1,1,1
GS,2019,2,occidentalis,Salix.sp,1,1,1
GS,2019,3,bifarius,Erythronium.grandiflorum,1,1,1
GS,2019,4,bifarius,Hydrophyllum.capitatum,1,1,1
GS,2019,4,flavifrons,Mertensia.fusiformis,1,1,1
GS,2019,6,bifarius,Dodecatheon.pulchellum,3,1,3
GS,2019,6,bifarius,Taraxacum.officinale,1,1,1
GS,2019,6,insularis,Hydrophyllum.fendleri,1,1,1
GS,2019,6,insularis,Taraxacum.officinale,1,1,1
GS,2019,7,appositus,Delphinium.nuttallianum,2,1,2
GS,2019,7,bifarius,Hydrophyllum.fendleri,1,1,1
GS,2019,7,flavifrons,Delphinium.nuttallianum,10,1,10
GS,2019,7,flavifrons,Hydrophyllum.fendleri,5,1,5
GS,2019,7,insularis,Hydrophyllum.fendleri,1,1,1
GS,2019,8,flavifrons,Delphinium.nuttallianum,1,1,1
GS,2019,8,flavifrons,Hydrophyllum.fendleri,5,1,5
GS,2019,8,flavifrons,Mertensia.ciliata,3,1,3
GS,2019,8,rufocinctus,Dodecatheon.pulchellum,1,1,1
GS,2019,9,appositus,Aconitum.columbianum,1,1,1
GS,2019,9,appositus,Delphinium.barbeyi,4,1,4
GS,2019,9,appositus,Potentilla.pulcherrima,2,1,2
GS,2019,9,bifarius,Potentilla.pulcherrima,2,1,2
GS,2019,9,flavifrons,Aconitum.columbianum,4,1,4
GS,2019,9,flavifrons,Castilleja.sulphurea,1,1,1
GS,2019,9,flavifrons,Delphinium.barbeyi,6,1,6
GS,2019,9,flavifrons,Frasera.speciosa,3,1,3
GS,2019,9,flavifrons,Helianthella.quinquenervis,1,1,1
GS,2019,9,flavifrons,Hydrophyllum.fendleri,2,1,2
GS,2019,9,flavifrons,Mertensia.ciliata,1,1,1
GS,2019,9,flavifrons,Potentilla.pulcherrima,1,1,1
GS,2019,9,flavifrons,Vicia.americana,2,1,2
GS,2019,9,mixtus,Potentilla.pulcherrima,1,1,1
GS,2019,10,appositus,Aconitum.columbianum,1,1,1
GS,2019,10,appositus,Delphinium.barbeyi,17,1,17
GS,2019,10,appositus,Vicia.americana,1,1,1
GS,2019,10,bifarius,Helianthella.quinquenervis,1,1,1
GS,2019,10,bifarius,Potentilla.pulcherrima,1,1,1
GS,2019,10,bifarius,Solidago.multiradiata,1,1,1
GS,2019,10,bifarius,Trifolium.repens,1,1,1
GS,2019,10,flavifrons,Aconitum.columbianum,10,1,10
GS,2019,10,flavifrons,Delphinium.barbeyi,14,1,14
GS,2019,10,flavifrons,Helianthella.quinquenervis,4,1,4
GS,2019,10,flavifrons,Ligularia.bigelovii,1,1,1
GS,2019,10,flavifrons,Mertensia.ciliata,1,1,1
GS,2019,10,flavifrons,Potentilla.pulcherrima,2,1,2
GS,2019,10,flavifrons,Solidago.multiradiata,1,1,1
GS,2019,10,flavifrons,Vicia.americana,2,1,2
GS,2019,10,rufocinctus,Helianthella.quinquenervis,1,1,1
GS,2019,11,appositus,Delphinium.barbeyi,16,1,16
GS,2019,11,appositus,Vicia.americana,2,1,2
GS,2019,11,bifarius,Amerosedum.lanceolatum,1,1,1
GS,2019,11,bifarius,Erigeron.speciosus,8,1,8
GS,2019,11,bifarius,Pentaphylloides.floribunda,1,1,1
GS,2019,11,bifarius,Senecio.serra,2,1,2
GS,2019,11,bifarius,Solidago.multiradiata,2,1,2
GS,2019,11,bifarius,Trifolium.repens,1,1,1
GS,2019,11,flavifrons,Aconitum.columbianum,11,1,11
GS,2019,11,flavifrons,Arnica.parryi,1,1,1
GS,2019,11,flavifrons,Aster.foliaceus,3,1,3
GS,2019,11,flavifrons,Delphinium.barbeyi,20,1,20
GS,2019,11,flavifrons,Erigeron.speciosus,7,1,7
GS,2019,11,flavifrons,Helianthella.quinquenervis,3,1,3
GS,2019,11,flavifrons,Ligularia.bigelovii,5,1,5
GS,2019,11,flavifrons,Oreochrysum.parryi,2,1,2
GS,2019,11,flavifrons,Potentilla.pulcherrima,2,1,2
GS,2019,11,flavifrons,Senecio.serra,3,1,3
GS,2019,11,flavifrons,Solidago.multiradiata,8,1,8
GS,2019,11,flavifrons,Vicia.americana,3,1,3
GS,2019,11,insularis,Erigeron.speciosus,1,1,1
GS,2019,11,mixtus,Solidago.multiradiata,1,1,1
GS,2019,11,occidentalis,Solidago.multiradiata,1,1,1
GS,2019,12,appositus,Aster.foliaceus,1,1,1
GS,2019,12,appositus,Delphinium.barbeyi,9,1,9
GS,2019,12,bifarius,Aster.foliaceus,4,1,4
GS,2019,12,bifarius,Erigeron.speciosus,2,1,2
GS,2019,12,bifarius,Heliomeris.multiflora,7,1,7
GS,2019,12,bifarius,Pentaphylloides.floribunda,5,1,5
GS,2019,12,bifarius,Senecio.serra,1,1,1
GS,2019,12,flavifrons,Aconitum.columbianum,6,1,6
GS,2019,12,flavifrons,Aster.foliaceus,4,1,4
GS,2019,12,flavifrons,Delphinium.barbeyi,14,1,14
GS,2019,12,flavifrons,Erigeron.speciosus,1,1,1
GS,2019,12,flavifrons,Helianthella.quinquenervis,1,1,1
GS,2019,12,flavifrons,Heliomeris.multiflora,1,1,1
GS,2019,12,flavifrons,Ligularia.bigelovii,1,1,1
GS,2019,12,flavifrons,Senecio.serra,6,1,6
GS,2019,12,mixtus,Heliomeris.multiflora,1,1,1
GS,2019,12,occidentalis,Erigeron.speciosus,1,1,1
GS,2019,12,rufocinctus,Erigeron.speciosus,1,1,1
GS,2019,12,rufocinctus,Heliomeris.multiflora,1,1,1
GS,2019,13,appositus,Aster.foliaceus,36,1,36
GS,2019,13,appositus,Delphinium.barbeyi,6,1,6
GS,2019,13,bifarius,Aster.foliaceus,9,1,9
GS,2019,13,bifarius,Erigeron.speciosus,2,1,2
GS,2019,13,bifarius,Heliomeris.multiflora,4,1,4
GS,2019,13,bifarius,Pentaphylloides.floribunda,4,1,4
GS,2019,13,bifarius,Trifolium.repens,3,1,3
GS,2019,13,flavifrons,Arnica.cordifolia,1,1,1
GS,2019,13,flavifrons,Aster.foliaceus,64,1,64
GS,2019,13,flavifrons,Delphinium.barbeyi,6,1,6
GS,2019,13,flavifrons,Eremogone.congesta,1,1,1
GS,2019,13,flavifrons,Erigeron.speciosus,2,1,2
GS,2019,13,flavifrons,Helianthella.quinquenervis,1,1,1
GS,2019,13,flavifrons,Heliomeris.multiflora,23,1,23
GS,2019,13,flavifrons,Oreochrysum.parryi,2,1,2
GS,2019,13,flavifrons,Senecio.serra,22,1,22
GS,2019,13,flavifrons,Solidago.multiradiata,2,1,2
GS,2019,13,insularis,Aster.foliaceus,9,1,9
GS,2019,13,insularis,Erigeron.speciosus,1,1,1
GS,2019,13,insularis,Senecio.serra,10,1,10
GS,2019,13,mixtus,Aster.foliaceus,2,1,2
GS,2019,13,mixtus,Erigeron.speciosus,1,1,1
GS,2019,13,nevadensis,Delphinium.barbeyi,1,1,1
GS,2019,13,occidentalis,Aster.foliaceus,1,1,1
GS,2019,13,occidentalis,Heliomeris.multiflora,1,1,1
GS,2019,13,rufocinctus,Aster.foliaceus,2,1,2
GS,2019,14,appositus,Aster.foliaceus,1,1,1
GS,2019,14,appositus,Cirsium.parryi,1,1,1
GS,2019,14,appositus,Senecio.serra,1,1,1
GS,2019,14,bifarius,Aster.foliaceus,13,1,13
GS,2019,14,bifarius,Erigeron.speciosus,1,1,1
GS,2019,14,bifarius,Heliomeris.multiflora,4,1,4
GS,2019,14,bifarius,Senecio.serra,2,1,2
GS,2019,14,flavifrons,Aster.foliaceus,39,1,39
GS,2019,14,flavifrons,Eremogone.congesta,1,1,1
GS,2019,14,flavifrons,Erigeron.speciosus,1,1,1
GS,2019,14,flavifrons,Heliomeris.multiflora,10,1,10
GS,2019,14,flavifrons,Senecio.serra,16,1,16
GS,2019,14,insularis,Aster.foliaceus,32,1,32
GS,2019,14,insularis,Erigeron.speciosus,2,1,2
GS,2019,14,insularis,Senecio.serra,32,1,32
GS,2019,14,mixtus,Aster.foliaceus,1,1,1
GS,2019,14,mixtus,Senecio.serra,1,1,1
GS,2019,15,bifarius,Aster.foliaceus,14,1,14
GS,2019,15,bifarius,Heliomeris.multiflora,3,1,3
GS,2019,15,flavifrons,Aster.foliaceus,111,1,111
GS,2019,15,flavifrons,Heliomeris.multiflora,5,1,5
GS,2019,15,flavifrons,Senecio.serra,4,1,4
GS,2019,15,insularis,Aster.foliaceus,89,1,89
GS,2019,15,insularis,Senecio.serra,5,1,5
GS,2019,15,mixtus,Aster.foliaceus,3,1,3
GS,2019,15,occidentalis,Aster.foliaceus,2,1,2
GS,2019,15,rufocinctus,Aster.foliaceus,1,1,1
GS,2019,16,appositus,Trifolium.pratense,1,1,1
GS,2019,16,bifarius,Aster.foliaceus,5,1,5
GS,2019,16,flavifrons,Aster.foliaceus,2,1,2
GS,2019,16,insularis,Aster.foliaceus,30,1,30
GS,2020,2,appositus,Erythronium.grandiflorum,2,1,2
GS,2020,2,bifarius,Erythronium.grandiflorum,4,1,4
GS,2020,2,occidentalis,Erythronium.grandiflorum,2,1,2
GS,2020,3,bifarius,Erythronium.grandiflorum,1,1,1
GS,2020,3,bifarius,Hydrophyllum.capitatum,3,1,3
GS,2020,3,bifarius,Hydrophyllum.fendleri,1,1,1
GS,2020,3,bifarius,Mertensia.fusiformis,4,1,4
GS,2020,3,flavifrons,Erythronium.grandiflorum,1,1,1
GS,2020,3,flavifrons,Hydrophyllum.capitatum,1,1,1
GS,2020,3,insularis,Hydrophyllum.capitatum,1,1,1
GS,2020,3,insularis,Mertensia.fusiformis,2,1,2
GS,2020,4,appositus,Delphinium.nuttallianum,2,1,2
GS,2020,4,bifarius,Hydrophyllum.capitatum,4,1,4
GS,2020,4,bifarius,Hydrophyllum.fendleri,1,1,1
GS,2020,4,bifarius,Mertensia.ciliata,1,1,1
GS,2020,4,bifarius,Taraxacum.officinale,20,1,20
GS,2020,4,bifarius,Valeriana.occidentalis,1,1,1
GS,2020,4,californicus,Delphinium.nuttallianum,1,1,1
GS,2020,4,flavifrons,Delphinium.nuttallianum,1,1,1
GS,2020,4,flavifrons,Hydrophyllum.fendleri,1,1,1
GS,2020,4,insularis,Taraxacum.officinale,4,1,4
GS,2020,4,mixtus,Hydrophyllum.fendleri,1,1,1
GS,2020,4,nevadensis,Delphinium.nuttallianum,1,1,1
GS,2020,5,appositus,Delphinium.nuttallianum,6,1,6
GS,2020,5,bifarius,Arnica.cordifolia,1,1,1
GS,2020,5,bifarius,Hydrophyllum.fendleri,3,1,3
GS,2020,5,bifarius,Senecio.integerrimus,3,1,3
GS,2020,5,bifarius,Taraxacum.officinale,21,1,21
GS,2020,5,californicus,Delphinium.nuttallianum,2,1,2
GS,2020,5,flavifrons,Delphinium.nuttallianum,12,1,12
GS,2020,5,flavifrons,Hydrophyllum.fendleri,1,1,1
GS,2020,5,insularis,Hydrophyllum.fendleri,2,1,2
GS,2020,5,insularis,Senecio.integerrimus,4,1,4
GS,2020,5,insularis,Taraxacum.officinale,14,1,14
GS,2020,6,appositus,Delphinium.nuttallianum,1,1,1
GS,2020,6,appositus,Lathyrus.leucanthus,1,1,1
GS,2020,6,bifarius,Dodecatheon.pulchellum,2,1,2
GS,2020,6,bifarius,Hydrophyllum.fendleri,1,1,1
GS,2020,6,bifarius,Mertensia.ciliata,1,1,1
GS,2020,6,californicus,Delphinium.nuttallianum,1,1,1
GS,2020,6,flavifrons,Delphinium.nuttallianum,4,1,4
GS,2020,6,flavifrons,Hydrophyllum.fendleri,5,1,5
GS,2020,6,flavifrons,Lathyrus.leucanthus,1,1,1
GS,2020,6,flavifrons,Mertensia.ciliata,1,1,1
GS,2020,6,insularis,Senecio.integerrimus,1,1,1
GS,2020,6,rufocinctus,Hydrophyllum.fendleri,1,1,1
GS,2020,7,appositus,Lathyrus.leucanthus,1,1,1
GS,2020,7,bifarius,Dodecatheon.pulchellum,2,1,2
GS,2020,7,bifarius,Hydrophyllum.fendleri,1,1,1
GS,2020,7,flavifrons,Delphinium.nuttallianum,2,1,2
GS,2020,7,flavifrons,Hydrophyllum.fendleri,5,1,5
GS,2020,7,flavifrons,Lathyrus.leucanthus,3,1,3
GS,2020,7,flavifrons,Mertensia.ciliata,3,1,3
GS,2020,7,flavifrons,Vicia.americana,2,1,2
GS,2020,7,insularis,Hydrophyllum.fendleri,1,1,1
GS,2020,7,insularis,Mertensia.ciliata,1,1,1
GS,2020,7,insularis,Taraxacum.officinale,3,1,3
GS,2020,8,appositus,Delphinium.barbeyi,1,1,1
GS,2020,8,bifarius,Dodecatheon.pulchellum,1,1,1
GS,2020,8,flavifrons,Delphinium.barbeyi,3,1,3
GS,2020,8,flavifrons,Distegia.involucrata,1,1,1
GS,2020,8,flavifrons,Hydrophyllum.fendleri,1,1,1
GS,2020,8,flavifrons,Mertensia.ciliata,2,1,2
GS,2020,8,flavifrons,Vicia.americana,1,1,1
GS,2020,9,appositus,Delphinium.barbeyi,2,1,2
GS,2020,9,bifarius,Pentaphylloides.floribunda,1,1,1
GS,2020,10,appositus,Aconitum.columbianum,1,1,1
GS,2020,10,appositus,Delphinium.barbeyi,2,1,2
GS,2020,10,bifarius,Solidago.multiradiata,2,1,2
GS,2020,10,flavifrons,Aconitum.columbianum,5,1,5
GS,2020,10,flavifrons,Delphinium.barbeyi,2,1,2
GS,2020,10,flavifrons,Vicia.americana,1,1,1
GS,2020,10,insularis,Ligularia.bigelovii,2,1,2
GS,2020,10,occidentalis,Erigeron.speciosus,1,1,1
GS,2020,10,occidentalis,Pentaphylloides.floribunda,2,1,2
GS,2020,10,occidentalis,Solidago.multiradiata,1,1,1
GS,2020,11,bifarius,Erigeron.speciosus,2,1,2
GS,2020,11,bifarius,Solidago.multiradiata,1,1,1
GS,2020,11,californicus,Castilleja.sulphurea,1,1,1
GS,2020,11,flavifrons,Aconitum.columbianum,1,1,1
GS,2020,11,flavifrons,Cirsium.parryi,1,1,1
GS,2020,11,flavifrons,Erigeron.speciosus,1,1,1
GS,2020,11,flavifrons,Ligularia.bigelovii,4,1,4
GS,2020,11,insularis,Solidago.multiradiata,2,1,2
GS,2020,11,occidentalis,Erigeron.speciosus,2,1,2
GS,2020,11,occidentalis,Pentaphylloides.floribunda,4,1,4
GS,2020,11,occidentalis,Potentilla.pulcherrima,1,1,1
GS,2020,11,occidentalis,Solidago.multiradiata,1,1,1
GS,2020,12,appositus,Trifolium.pratense,1,1,1
GS,2020,12,bifarius,Heliomeris.multiflora,1,1,1
GS,2020,12,bifarius,Senecio.serra,1,1,1
GS,2020,12,insularis,Senecio.serra,1,1,1
GS,2020,12,occidentalis,Heterotheca.villosa,1,1,1
GS,2020,12,occidentalis,Pentaphylloides.floribunda,2,1,2
GS,2020,12,occidentalis,Senecio.serra,1,1,1
GS,2020,13,bifarius,Heliomeris.multiflora,1,1,1
GS,2020,13,insularis,Aster.foliaceus,5,1,5
GS,2020,13,occidentalis,Aster.foliaceus,2,1,2
GS,2020,13,occidentalis,Heliomeris.multiflora,3,1,3
GS,2020,14,bifarius,Heliomeris.multiflora,1,1,1
GS,2020,14,insularis,Heliomeris.multiflora,3,1,3
GS,2020,15,insularis,Aster.foliaceus,2,1,2
GS,2020,15,insularis,Heliomeris.multiflora,3,1,3
GS,2020,16,insularis,Aster.foliaceus,1,1,1
GS,2020,16,insularis,Heliomeris.multiflora,1,1,1
GS,2021,3,bifarius,Claytonia.lanceolata,2,1,2
GS,2021,4,bifarius,Salix.sp,5,1,5
GS,2021,5,appositus,Mertensia.fusiformis,2,1,2
GS,2021,5,bifarius,Erythronium.grandiflorum,1,1,1
GS,2021,5,bifarius,Mertensia.fusiformis,4,1,4
GS,2021,5,flavifrons,Mertensia.fusiformis,1,1,1
GS,2021,5,mixtus,Mertensia.fusiformis,1,1,1
GS,2021,5,occidentalis,Salix.sp,1,1,1
GS,2021,6,bifarius,Hydrophyllum.capitatum,2,1,2
GS,2021,6,flavifrons,Hydrophyllum.capitatum,3,1,3
GS,2021,7,appositus,Delphinium.nuttallianum,3,1,3
GS,2021,7,bifarius,Taraxacum.officinale,1,1,1
GS,2021,7,flavifrons,Delphinium.nuttallianum,2,1,2
GS,2021,7,flavifrons,Distegia.involucrata,2,1,2
GS,2021,7,flavifrons,Hydrophyllum.fendleri,1,1,1
GS,2021,7,insularis,Taraxacum.officinale,1,1,1
GS,2021,7,nevadensis,Delphinium.nuttallianum,3,1,3
GS,2021,7,nevadensis,Taraxacum.officinale,1,1,1
GS,2021,7,rufocinctus,Taraxacum.officinale,1,1,1
GS,2021,8,appositus,Delphinium.nuttallianum,6,1,6
GS,2021,8,appositus,Lathyrus.leucanthus,5,1,5
GS,2021,8,bifarius,Taraxacum.officinale,7,1,7
GS,2021,8,californicus,Delphinium.nuttallianum,2,1,2
GS,2021,8,flavifrons,Hydrophyllum.fendleri,12,1,12
GS,2021,8,flavifrons,Lathyrus.leucanthus,1,1,1
GS,2021,8,flavifrons,Taraxacum.officinale,2,1,2
GS,2021,8,mixtus,Taraxacum.officinale,1,1,1
GS,2021,8,rufocinctus,Dodecatheon.pulchellum,2,1,2
GS,2021,8,rufocinctus,Hydrophyllum.fendleri,6,1,6
GS,2021,8,rufocinctus,Taraxacum.officinale,1,1,1
GS,2021,9,appositus,Lathyrus.leucanthus,4,1,4
GS,2021,9,bifarius,Hydrophyllum.fendleri,3,1,3
GS,2021,9,bifarius,Taraxacum.officinale,1,1,1
GS,2021,9,californicus,Castilleja.sulphurea,1,1,1
GS,2021,9,flavifrons,Arnica.cordifolia,1,1,1
GS,2021,9,flavifrons,Arnica.parryi,1,1,1
GS,2021,9,flavifrons,Delphinium.nuttallianum,2,1,2
GS,2021,9,flavifrons,Hydrophyllum.fendleri,28,1,28
GS,2021,9,flavifrons,Lathyrus.leucanthus,1,1,1
GS,2021,9,flavifrons,Mertensia.ciliata,1,1,1
GS,2021,9,flavifrons,Vicia.americana,3,1,3
GS,2021,9,insularis,Hydrophyllum.fendleri,1,1,1
GS,2021,9,rufocinctus,Hydrophyllum.fendleri,1,1,1
GS,2021,10,appositus,Lathyrus.leucanthus,1,1,1
GS,2021,10,appositus,Vicia.americana,10,1,10
GS,2021,10,bifarius,Lupinus.bakeri,1,1,1
GS,2021,10,bifarius,Pentaphylloides.floribunda,1,1,1
GS,2021,10,bifarius,Potentilla.pulcherrima,18,1,18
GS,2021,10,flavifrons,Arnica.cordifolia,1,1,1
GS,2021,10,flavifrons,Arnica.parryi,1,1,1
GS,2021,10,flavifrons,Distegia.involucrata,2,1,2
GS,2021,10,flavifrons,Frasera.speciosa,2,1,2
GS,2021,10,flavifrons,Helianthella.quinquenervis,2,1,2
GS,2021,10,flavifrons,Hydrophyllum.fendleri,22,1,22
GS,2021,10,flavifrons,Lathyrus.leucanthus,1,1,1
GS,2021,10,flavifrons,Lupinus.bakeri,1,1,1
GS,2021,10,flavifrons,Mertensia.ciliata,9,1,9
GS,2021,10,flavifrons,Vicia.americana,7,1,7
GS,2021,10,mixtus,Mertensia.ciliata,1,1,1
GS,2021,10,occidentalis,Potentilla.pulcherrima,1,1,1
GS,2021,11,appositus,Delphinium.barbeyi,1,1,1
GS,2021,11,appositus,Potentilla.pulcherrima,3,1,3
GS,2021,11,appositus,Vicia.americana,4,1,4
GS,2021,11,bifarius,Helianthella.quinquenervis,5,1,5
GS,2021,11,bifarius,Potentilla.pulcherrima,5,1,5
GS,2021,11,flavifrons,Aconitum.columbianum,2,1,2
GS,2021,11,flavifrons,Delphinium.barbeyi,2,1,2
GS,2021,11,flavifrons,Helianthella.quinquenervis,7,1,7
GS,2021,11,flavifrons,Hydrophyllum.fendleri,2,1,2
GS,2021,11,flavifrons,Mertensia.ciliata,10,1,10
GS,2021,11,flavifrons,Potentilla.pulcherrima,2,1,2
GS,2021,11,flavifrons,Vicia.americana,6,1,6
GS,2021,11,mixtus,Helianthella.quinquenervis,2,1,2
GS,2021,11,mixtus,Mertensia.ciliata,1,1,1
GS,2021,11,mixtus,Pentaphylloides.floribunda,2,1,2
GS,2021,11,nevadensis,Delphinium.barbeyi,1,1,1
GS,2021,11,rufocinctus,Helianthella.quinquenervis,1,1,1
GS,2021,11,rufocinctus,Pentaphylloides.floribunda,2,1,2
GS,2021,11,rufocinctus,Potentilla.pulcherrima,2,1,2
GS,2021,12,appositus,Delphinium.barbeyi,6,1,6
GS,2021,12,appositus,Helianthella.quinquenervis,2,1,2
GS,2021,12,appositus,Potentilla.pulcherrima,1,1,1
GS,2021,12,bifarius,Helianthella.quinquenervis,3,1,3
GS,2021,12,bifarius,Pentaphylloides.floribunda,4,1,4
GS,2021,12,bifarius,Potentilla.pulcherrima,13,1,13
GS,2021,12,bifarius,Solidago.multiradiata,3,1,3
GS,2021,12,californicus,Delphinium.barbeyi,2,1,2
GS,2021,12,californicus,Trifolium.pratense,1,1,1
GS,2021,12,flavifrons,Aconitum.columbianum,7,1,7
GS,2021,12,flavifrons,Arnica.parryi,1,1,1
GS,2021,12,flavifrons,Delphinium.barbeyi,5,1,5
GS,2021,12,flavifrons,Helianthella.quinquenervis,12,1,12
GS,2021,12,flavifrons,Mertensia.ciliata,8,1,8
GS,2021,12,flavifrons,Oreochrysum.parryi,1,1,1
GS,2021,12,flavifrons,Potentilla.pulcherrima,12,1,12
GS,2021,12,flavifrons,Solidago.multiradiata,1,1,1
GS,2021,12,flavifrons,Trifolium.repens,1,1,1
GS,2021,12,flavifrons,Vicia.americana,3,1,3
GS,2021,12,insularis,Helianthella.quinquenervis,1,1,1
GS,2021,12,mixtus,Mertensia.ciliata,2,1,2
GS,2021,12,mixtus,Pentaphylloides.floribunda,3,1,3
GS,2021,12,occidentalis,Arnica.parryi,1,1,1
GS,2021,12,rufocinctus,Erigeron.elatior,1,1,1
GS,2021,12,rufocinctus,Pentaphylloides.floribunda,2,1,2
GS,2021,12,rufocinctus,Potentilla.pulcherrima,11,1,11
GS,2021,13,appositus,Aconitum.columbianum,1,1,1
GS,2021,13,appositus,Delphinium.barbeyi,17,1,17
GS,2021,13,appositus,Potentilla.pulcherrima,1,1,1
GS,2021,13,bifarius,Achillea.millefolium,2,1,2
GS,2021,13,bifarius,Erigeron.elatior,2,1,2
GS,2021,13,bifarius,Erigeron.speciosus,2,1,2
GS,2021,13,bifarius,Helianthella.quinquenervis,8,1,8
GS,2021,13,bifarius,Heliomeris.multiflora,4,1,4
GS,2021,13,bifarius,Pentaphylloides.floribunda,3,1,3
GS,2021,13,bifarius,Potentilla.pulcherrima,11,1,11
GS,2021,13,bifarius,Solidago.multiradiata,3,1,3
GS,2021,13,bifarius,Taraxacum.officinale,1,1,1
GS,2021,13,californicus,Delphinium.barbeyi,2,1,2
GS,2021,13,flavifrons,Aconitum.columbianum,15,1,15
GS,2021,13,flavifrons,Arnica.parryi,1,1,1
GS,2021,13,flavifrons,Cirsium.parryi,1,1,1
GS,2021,13,flavifrons,Delphinium.barbeyi,16,1,16
GS,2021,13,flavifrons,Helianthella.quinquenervis,14,1,14
GS,2021,13,flavifrons,Ligularia.bigelovii,1,1,1
GS,2021,13,flavifrons,Mertensia.ciliata,1,1,1
GS,2021,13,flavifrons,Potentilla.pulcherrima,3,1,3
GS,2021,13,flavifrons,Solidago.multiradiata,1,1,1
GS,2021,13,mixtus,Erigeron.speciosus,1,1,1
GS,2021,13,mixtus,Helianthella.quinquenervis,3,1,3
GS,2021,13,mixtus,Mertensia.ciliata,1,1,1
GS,2021,13,mixtus,Potentilla.pulcherrima,2,1,2
GS,2021,13,nevadensis,Delphinium.barbeyi,1,1,1
GS,2021,13,occidentalis,Potentilla.pulcherrima,1,1,1
GS,2021,13,occidentalis,Solidago.multiradiata,1,1,1
GS,2021,13,rufocinctus,Erigeron.elatior,3,1,3
GS,2021,13,rufocinctus,Helianthella.quinquenervis,1,1,1
GS,2021,13,rufocinctus,Heliomeris.multiflora,6,1,6
GS,2021,13,rufocinctus,Pentaphylloides.floribunda,2,1,2
GS,2021,13,rufocinctus,Potentilla.pulcherrima,2,1,2
GS,2021,14,appositus,Cirsium.parryi,2,1,2
GS,2021,14,appositus,Delphinium.barbeyi,5,1,5
GS,2021,14,appositus,Senecio.serra,1,1,1
GS,2021,14,bifarius,Achillea.millefolium,4,1,4
GS,2021,14,bifarius,Aster.foliaceus,4,1,4
GS,2021,14,bifarius,Erigeron.elatior,1,1,1
GS,2021,14,bifarius,Erigeron.speciosus,16,1,16
GS,2021,14,bifarius,Heliomeris.multiflora,20,1,20
GS,2021,14,bifarius,Pentaphylloides.floribunda,4,1,4
GS,2021,14,bifarius,Solidago.multiradiata,10,1,10
GS,2021,14,flavifrons,Aconitum.columbianum,11,1,11
GS,2021,14,flavifrons,Aster.foliaceus,1,1,1
GS,2021,14,flavifrons,Chamerion.danielsii,2,1,2
GS,2021,14,flavifrons,Cirsium.parryi,2,1,2
GS,2021,14,flavifrons,Delphinium.barbeyi,8,1,8
GS,2021,14,flavifrons,Erigeron.elatior,1,1,1
GS,2021,14,flavifrons,Erigeron.speciosus,1,1,1
GS,2021,14,flavifrons,Helianthella.quinquenervis,1,1,1
GS,2021,14,flavifrons,Heliomeris.multiflora,5,1,5
GS,2021,14,flavifrons,Ligularia.bigelovii,5,1,5
GS,2021,14,flavifrons,Pentaphylloides.floribunda,1,1,1
GS,2021,14,flavifrons,Senecio.serra,11,1,11
GS,2021,14,flavifrons,Solidago.multiradiata,5,1,5
GS,2021,14,insularis,Aster.foliaceus,3,1,3
GS,2021,14,insularis,Erigeron.elatior,2,1,2
GS,2021,14,insularis,Erigeron.speciosus,2,1,2
GS,2021,14,insularis,Solidago.multiradiata,4,1,4
GS,2021,14,mixtus,Aster.foliaceus,2,1,2
GS,2021,14,mixtus,Erigeron.speciosus,3,1,3
GS,2021,14,mixtus,Heliomeris.multiflora,5,1,5
GS,2021,14,mixtus,Pentaphylloides.floribunda,1,1,1
GS,2021,14,mixtus,Senecio.serra,2,1,2
GS,2021,14,mixtus,Solidago.multiradiata,9,1,9
GS,2021,14,occidentalis,Aster.foliaceus,2,1,2
GS,2021,14,occidentalis,Erigeron.speciosus,1,1,1
GS,2021,14,occidentalis,Heliomeris.multiflora,1,1,1
GS,2021,14,occidentalis,Senecio.serra,1,1,1
GS,2021,14,occidentalis,Solidago.multiradiata,1,1,1
GS,2021,14,rufocinctus,Achillea.millefolium,1,1,1
GS,2021,14,rufocinctus,Erigeron.elatior,3,1,3
GS,2021,14,rufocinctus,Erigeron.speciosus,27,1,27
GS,2021,14,rufocinctus,Heliomeris.multiflora,6,1,6
GS,2021,14,rufocinctus,Solidago.multiradiata,1,1,1
GS,2021,15,appositus,Achillea.millefolium,1,1,1
GS,2021,15,appositus,Aster.foliaceus,16,1,16
GS,2021,15,appositus,Cirsium.parryi,4,1,4
GS,2021,15,appositus,Delphinium.barbeyi,1,1,1
GS,2021,15,appositus,Heliomeris.multiflora,2,1,2
GS,2021,15,appositus,Senecio.serra,3,1,3
GS,2021,15,appositus,Trifolium.pratense,1,1,1
GS,2021,15,bifarius,Aster.foliaceus,39,1,39
GS,2021,15,bifarius,Erigeron.speciosus,10,1,10
GS,2021,15,bifarius,Heliomeris.multiflora,44,1,44
GS,2021,15,bifarius,Pentaphylloides.floribunda,7,1,7
GS,2021,15,bifarius,Senecio.serra,5,1,5
GS,2021,15,bifarius,Solidago.multiradiata,6,1,6
GS,2021,15,californicus,Aster.foliaceus,2,1,2
GS,2021,15,californicus,Senecio.serra,1,1,1
GS,2021,15,flavifrons,Aconitum.columbianum,1,1,1
GS,2021,15,flavifrons,Aster.foliaceus,26,1,26
GS,2021,15,flavifrons,Cirsium.parryi,1,1,1
GS,2021,15,flavifrons,Heliomeris.multiflora,4,1,4
GS,2021,15,flavifrons,Senecio.serra,23,1,23
GS,2021,15,flavifrons,Sidalcea.candida,3,1,3
GS,2021,15,flavifrons,Vicia.americana,1,1,1
GS,2021,15,insularis,Aster.foliaceus,15,1,15
GS,2021,15,insularis,Erigeron.speciosus,5,1,5
GS,2021,15,insularis,Heliomeris.multiflora,2,1,2
GS,2021,15,insularis,Senecio.serra,8,1,8
GS,2021,15,insularis,Solidago.multiradiata,2,1,2
GS,2021,15,mixtus,Aster.foliaceus,3,1,3
GS,2021,15,mixtus,Heliomeris.multiflora,10,1,10
GS,2021,15,mixtus,Pentaphylloides.floribunda,1,1,1
GS,2021,15,mixtus,Senecio.serra,4,1,4
GS,2021,15,mixtus,Solidago.multiradiata,5,1,5
GS,2021,15,nevadensis,Aster.foliaceus,1,1,1
GS,2021,15,occidentalis,Aster.foliaceus,4,1,4
GS,2021,15,occidentalis,Senecio.serra,2,1,2
GS,2021,15,occidentalis,Solidago.multiradiata,2,1,2
GS,2021,15,rufocinctus,Aster.foliaceus,17,1,17
GS,2021,15,rufocinctus,Erigeron.speciosus,5,1,5
GS,2021,15,rufocinctus,Heliomeris.multiflora,10,1,10
GS,2021,15,rufocinctus,Pentaphylloides.floribunda,1,1,1
GS,2021,16,appositus,Aster.foliaceus,15,1,15
GS,2021,16,appositus,Cirsium.parryi,1,1,1
GS,2021,16,appositus,Heliomeris.multiflora,2,1,2
GS,2021,16,appositus,Senecio.serra,1,1,1
GS,2021,16,bifarius,Aster.foliaceus,31,1,31
GS,2021,16,bifarius,Heliomeris.multiflora,32,1,32
GS,2021,16,bifarius,Pentaphylloides.floribunda,7,1,7
GS,2021,16,bifarius,Trifolium.repens,1,1,1
GS,2021,16,flavifrons,Aster.foliaceus,22,1,22
GS,2021,16,flavifrons,Heliomeris.multiflora,17,1,17
GS,2021,16,flavifrons,Senecio.serra,14,1,14
GS,2021,16,mixtus,Aster.foliaceus,2,1,2
GS,2021,16,mixtus,Heliomeris.multiflora,6,1,6
GS,2021,16,nevadensis,Senecio.serra,1,1,1
GS,2021,16,occidentalis,Aster.foliaceus,4,1,4
GS,2021,16,occidentalis,Heliomeris.multiflora,2,1,2
GS,2021,16,occidentalis,Pentaphylloides.floribunda,1,1,1
GS,2021,16,occidentalis,Senecio.serra,2,1,2
GS,2021,16,rufocinctus,Achillea.millefolium,1,1,1
GS,2021,16,rufocinctus,Aster.foliaceus,22,1,22
GS,2021,16,rufocinctus,Erigeron.speciosus,1,1,1
GS,2021,16,rufocinctus,Heliomeris.multiflora,9,1,9
GS,2021,17,appositus,Aster.foliaceus,3,1,3
GS,2021,17,appositus,Cirsium.parryi,1,1,1
GS,2021,17,bifarius,Aster.foliaceus,28,1,28
GS,2021,17,bifarius,Heliomeris.multiflora,35,1,35
GS,2021,17,bifarius,Pentaphylloides.floribunda,3,1,3
GS,2021,17,californicus,Aster.foliaceus,1,1,1
GS,2021,17,flavifrons,Aster.foliaceus,24,1,24
GS,2021,17,flavifrons,Heliomeris.multiflora,2,1,2
GS,2021,17,flavifrons,Senecio.serra,1,1,1
GS,2021,17,insularis,Aster.foliaceus,27,1,27
GS,2021,17,insularis,Heliomeris.multiflora,7,1,7
GS,2021,17,mixtus,Aster.foliaceus,1,1,1
GS,2021,17,mixtus,Heliomeris.multiflora,4,1,4
GS,2021,17,occidentalis,Aster.foliaceus,2,1,2
GS,2021,17,occidentalis,Heliomeris.multiflora,2,1,2
GS,2021,17,rufocinctus,Aster.foliaceus,6,1,6
GS,2021,17,rufocinctus,Heliomeris.multiflora,11,1,11
GS,2021,17,rufocinctus,Pentaphylloides.floribunda,1,1,1
GS,2021,18,appositus,Aster.foliaceus,3,1,3
GS,2021,18,appositus,Heliomeris.multiflora,1,1,1
GS,2021,18,bifarius,Aster.foliaceus,22,1,22
GS,2021,18,bifarius,Heliomeris.multiflora,49,1,49
GS,2021,18,californicus,Aster.foliaceus,1,1,1
GS,2021,18,flavifrons,Aster.foliaceus,19,1,19
GS,2021,18,flavifrons,Heliomeris.multiflora,5,1,5
GS,2021,18,insularis,Aster.foliaceus,11,1,11
GS,2021,18,insularis,Heliomeris.multiflora,4,1,4
GS,2021,18,mixtus,Heliomeris.multiflora,1,1,1
GS,2021,18,occidentalis,Aster.foliaceus,2,1,2
GS,2021,18,rufocinctus,Aster.foliaceus,9,1,9
GS,2021,18,rufocinctus,Heliomeris.multiflora,19,1,19
GS,2021,18,rufocinctus,Pentaphylloides.floribunda,1,1,1
GS,2021,19,bifarius,Aster.foliaceus,4,1,4
GS,2021,19,bifarius,Heliomeris.multiflora,38,1,38
GS,2021,19,flavifrons,Aster.foliaceus,3,1,3
GS,2021,19,flavifrons,Heliomeris.multiflora,2,1,2
GS,2021,19,insularis,Aster.foliaceus,8,1,8
GS,2021,19,insularis,Heliomeris.multiflora,4,1,4
GS,2021,19,occidentalis,Heliomeris.multiflora,3,1,3
GS,2021,19,rufocinctus,Aster.foliaceus,2,1,2
GS,2021,19,rufocinctus,Campanula.rotundifolia,1,1,1
GS,2021,19,rufocinctus,Heliomeris.multiflora,9,1,9
GS,2021,20,bifarius,Aster.foliaceus,4,1,4
GS,2021,20,bifarius,Heliomeris.multiflora,23,1,23
GS,2021,20,bifarius,Pentaphylloides.floribunda,1,1,1
GS,2021,20,insularis,Aster.foliaceus,2,1,2
GS,2021,20,insularis,Heliomeris.multiflora,3,1,3
GS,2021,20,rufocinctus,Heliomeris.multiflora,1,1,1
GS,2022,1,bifarius,Salix.sp,2,1,2
GS,2022,2,bifarius,Claytonia.lanceolata,2,1,2
GS,2022,2,bifarius,Erythronium.grandiflorum,2,1,2
GS,2022,2,flavifrons,Claytonia.lanceolata,1,1,1
GS,2022,3,bifarius,Erythronium.grandiflorum,1,1,1
GS,2022,3,bifarius,Mertensia.fusiformis,2,1,2
GS,2022,3,flavifrons,Mertensia.fusiformis,2,1,2
GS,2022,4,bifarius,Mertensia.fusiformis,2,1,2
GS,2022,4,flavifrons,Mertensia.fusiformis,2,1,2
GS,2022,5,appositus,Delphinium.nuttallianum,1,1,1
GS,2022,5,bifarius,Taraxacum.officinale,14,1,14
GS,2022,5,flavifrons,Taraxacum.officinale,3,1,3
GS,2022,5,insularis,Taraxacum.officinale,2,1,2
GS,2022,5,occidentalis,Taraxacum.officinale,3,1,3
GS,2022,5,rufocinctus,Taraxacum.officinale,2,1,2
GS,2022,6,appositus,Delphinium.nuttallianum,3,1,3
GS,2022,6,appositus,Lathyrus.leucanthus,1,1,1
GS,2022,6,bifarius,Hydrophyllum.fendleri,4,1,4
GS,2022,6,bifarius,Taraxacum.officinale,7,1,7
GS,2022,6,flavifrons,Delphinium.nuttallianum,5,1,5
GS,2022,6,flavifrons,Hydrophyllum.fendleri,5,1,5
GS,2022,6,insularis,Taraxacum.officinale,7,1,7
GS,2022,6,mixtus,Hydrophyllum.fendleri,2,1,2
GS,2022,6,rufocinctus,Taraxacum.officinale,1,1,1
GS,2022,7,appositus,Delphinium.nuttallianum,1,1,1
GS,2022,7,appositus,Lathyrus.leucanthus,1,1,1
GS,2022,7,bifarius,Distegia.involucrata,1,1,1
GS,2022,7,bifarius,Dodecatheon.pulchellum,2,1,2
GS,2022,7,bifarius,Hydrophyllum.fendleri,5,1,5
GS,2022,7,bifarius,Taraxacum.officinale,1,1,1
GS,2022,7,flavifrons,Delphinium.nuttallianum,3,1,3
GS,2022,7,flavifrons,Hydrophyllum.fendleri,4,1,4
GS,2022,7,flavifrons,Lathyrus.leucanthus,1,1,1
GS,2022,7,flavifrons,Mertensia.ciliata,2,1,2
GS,2022,7,flavifrons,Vicia.americana,1,1,1
GS,2022,7,insularis,Dodecatheon.pulchellum,1,1,1
GS,2022,7,insularis,Hydrophyllum.fendleri,4,1,4
GS,2022,7,insularis,Taraxacum.officinale,2,1,2
GS,2022,7,rufocinctus,Hydrophyllum.fendleri,1,1,1
GS,2022,7,rufocinctus,Vicia.americana,1,1,1
GS,2022,8,appositus,Vicia.americana,1,1,1
GS,2022,8,bifarius,Dodecatheon.pulchellum,1,1,1
GS,2022,8,bifarius,Hydrophyllum.fendleri,3,1,3
GS,2022,8,bifarius,Lathyrus.leucanthus,1,1,1
GS,2022,8,bifarius,Mertensia.ciliata,1,1,1
GS,2022,8,flavifrons,Distegia.involucrata,1,1,1
GS,2022,8,flavifrons,Hydrophyllum.fendleri,5,1,5
GS,2022,8,flavifrons,Lathyrus.leucanthus,1,1,1
GS,2022,8,flavifrons,Vicia.americana,2,1,2
GS,2022,8,insularis,Hydrophyllum.fendleri,1,1,1
GS,2022,8,rufocinctus,Hydrophyllum.fendleri,1,1,1
GS,2022,9,appositus,Delphinium.barbeyi,1,1,1
GS,2022,9,appositus,Vicia.americana,5,1,5
GS,2022,9,bifarius,Aconitum.columbianum,1,1,1
GS,2022,9,californicus,Vicia.americana,2,1,2
GS,2022,9,flavifrons,Aconitum.columbianum,3,1,3
GS,2022,9,flavifrons,Hydrophyllum.fendleri,1,1,1
GS,2022,9,flavifrons,Mertensia.ciliata,2,1,2
GS,2022,9,flavifrons,Vicia.americana,2,1,2
GS,2022,10,appositus,Aconitum.columbianum,6,2,3
GS,2022,10,appositus,Delphinium.barbeyi,1,2,0.5
GS,2022,10,appositus,Vicia.americana,3,2,1.5
GS,2022,10,bifarius,Helianthella.quinquenervis,5,2,2.5
GS,2022,10,bifarius,Mertensia.ciliata,1,2,0.5
GS,2022,10,bifarius,Pentaphylloides.floribunda,1,2,0.5
GS,2022,10,bifarius,Potentilla.pulcherrima,2,2,1
GS,2022,10,flavifrons,Aconitum.columbianum,12,2,6
GS,2022,10,flavifrons,Castilleja.sulphurea,1,2,0.5
GS,2022,10,flavifrons,Helianthella.quinquenervis,6,2,3
GS,2022,10,flavifrons,Mertensia.ciliata,6,2,3
GS,2022,10,flavifrons,Vicia.americana,3,2,1.5
GS,2022,10,occidentalis,Erigeron.elatior,1,2,0.5
GS,2022,11,appositus,Aconitum.columbianum,6,2,3
GS,2022,11,bifarius,Aconitum.columbianum,1,2,0.5
GS,2022,11,bifarius,Erigeron.speciosus,2,2,1
GS,2022,11,bifarius,Heliomeris.multiflora,1,2,0.5
GS,2022,11,bifarius,Pentaphylloides.floribunda,1,2,0.5
GS,2022,11,bifarius,Potentilla.pulcherrima,1,2,0.5
GS,2022,11,bifarius,Solidago.multiradiata,1,2,0.5
GS,2022,11,californicus,Delphinium.barbeyi,1,2,0.5
GS,2022,11,flavifrons,Aconitum.columbianum,11,2,5.5
GS,2022,11,flavifrons,Delphinium.barbeyi,1,2,0.5
GS,2022,11,flavifrons,Ligularia.bigelovii,2,2,1
GS,2022,11,occidentalis,Pentaphylloides.floribunda,1,2,0.5
GS,2022,12,appositus,Aconitum.columbianum,12,1,12
GS,2022,12,appositus,Ligularia.bigelovii,1,1,1
GS,2022,12,appositus,Trifolium.pratense,2,1,2
GS,2022,12,bifarius,Helianthella.quinquenervis,1,1,1
GS,2022,12,bifarius,Heliomeris.multiflora,16,1,16
GS,2022,12,bifarius,Ligularia.bigelovii,4,1,4
GS,2022,12,bifarius,Pentaphylloides.floribunda,3,1,3
GS,2022,12,bifarius,Potentilla.pulcherrima,2,1,2
GS,2022,12,flavifrons,Aconitum.columbianum,14,1,14
GS,2022,12,flavifrons,Arnica.parryi,1,1,1
GS,2022,12,flavifrons,Cirsium.eatonii,1,1,1
GS,2022,12,flavifrons,Delphinium.barbeyi,1,1,1
GS,2022,12,flavifrons,Erigeron.elatior,1,1,1
GS,2022,12,flavifrons,Helianthella.quinquenervis,1,1,1
GS,2022,12,flavifrons,Heliomeris.multiflora,1,1,1
GS,2022,12,flavifrons,Ligularia.bigelovii,10,1,10
GS,2022,12,mixtus,Aconitum.columbianum,1,1,1
GS,2022,12,mixtus,Erigeron.elatior,1,1,1
GS,2022,12,mixtus,Heliomeris.multiflora,2,1,2
GS,2022,12,mixtus,Mertensia.ciliata,1,1,1
GS,2022,12,mixtus,Pentaphylloides.floribunda,1,1,1
GS,2022,12,mixtus,Solidago.multiradiata,1,1,1
GS,2022,12,rufocinctus,Heliomeris.multiflora,5,1,5
GS,2022,12,rufocinctus,Ligularia.bigelovii,1,1,1
GS,2022,13,appositus,Aconitum.columbianum,2,1,2
GS,2022,13,appositus,Trifolium.pratense,1,1,1
GS,2022,13,bifarius,Heliomeris.multiflora,13,1,13
GS,2022,13,bifarius,Ligularia.bigelovii,1,1,1
GS,2022,13,bifarius,Pentaphylloides.floribunda,1,1,1
GS,2022,13,bifarius,Trifolium.repens,2,1,2
GS,2022,13,californicus,Ligularia.bigelovii,1,1,1
GS,2022,13,californicus,Trifolium.pratense,1,1,1
GS,2022,13,flavifrons,Aconitum.columbianum,6,1,6
GS,2022,13,flavifrons,Cirsium.eatonii,2,1,2
GS,2022,13,flavifrons,Heliomeris.multiflora,5,1,5
GS,2022,13,flavifrons,Ligularia.bigelovii,4,1,4
GS,2022,13,insularis,Heliomeris.multiflora,8,1,8
GS,2022,13,insularis,Ligularia.bigelovii,1,1,1
GS,2022,13,insularis,Solidago.multiradiata,1,1,1
GS,2022,13,mixtus,Heliomeris.multiflora,1,1,1
GS,2022,13,nevadensis,Heliomeris.multiflora,1,1,1
GS,2022,13,occidentalis,Heliomeris.multiflora,1,1,1
GS,2022,13,rufocinctus,Heliomeris.multiflora,11,1,11
GS,2022,14,appositus,Heliomeris.multiflora,2,1,2
GS,2022,14,bifarius,Heliomeris.multiflora,26,1,26
GS,2022,14,bifarius,Trifolium.repens,1,1,1
GS,2022,14,flavifrons,Aconitum.columbianum,1,1,1
GS,2022,14,flavifrons,Heliomeris.multiflora,5,1,5
GS,2022,14,flavifrons,Solidago.multiradiata,1,1,1
GS,2022,14,insularis,Heliomeris.multiflora,4,1,4
GS,2022,14,mixtus,Heliomeris.multiflora,1,1,1
GS,2022,14,mixtus,Trifolium.repens,1,1,1
GS,2022,14,occidentalis,Heliomeris.multiflora,1,1,1
GS,2022,14,rufocinctus,Heliomeris.multiflora,9,1,9
GS,2022,15,bifarius,Heliomeris.multiflora,7,1,7
GS,2022,15,bifarius,Pentaphylloides.floribunda,3,1,3
GS,2022,15,bifarius,Trifolium.repens,3,1,3
GS,2022,15,flavifrons,Heliomeris.multiflora,1,1,1
GS,2022,15,insularis,Aster.foliaceus,1,1,1
GS,2022,15,insularis,Heliomeris.multiflora,49,1,49
GS,2022,15,insularis,Trifolium.pratense,1,1,1
GS,2022,15,mixtus,Heliomeris.multiflora,2,1,2
GS,2022,15,occidentalis,Heliomeris.multiflora,1,1,1
GS,2022,15,rufocinctus,Heliomeris.multiflora,7,1,7
GS,2022,16,appositus,Trifolium.pratense,1,1,1
GS,2022,16,bifarius,Heliomeris.multiflora,3,1,3
GS,2022,16,flavifrons,Aster.foliaceus,1,1,1
GS,2022,16,flavifrons,Heliomeris.multiflora,1,1,1
GS,2022,16,insularis,Heliomeris.multiflora,8,1,8
GS,2022,16,mixtus,Heliomeris.multiflora,1,1,1
GS,2022,16,occidentalis,Heliomeris.multiflora,1,1,1
GS,2022,16,rufocinctus,Heliomeris.multiflora,4,1,4
GS,2022,17,bifarius,Heliomeris.multiflora,5,1,5
GS,2022,17,flavifrons,Heliomeris.multiflora,1,1,1
GS,2022,17,insularis,Heliomeris.multiflora,35,1,35
GS,2022,17,rufocinctus,Heliomeris.multiflora,2,1,2
GS,2022,18,bifarius,Heliomeris.multiflora,6,1,6
GS,2022,18,insularis,Heliomeris.multiflora,11,1,11
GS,2023,1,bifarius,Salix.sp,1,1,1
GS,2023,2,bifarius,Claytonia.lanceolata,1,1,1
GS,2023,2,bifarius,Erythronium.grandiflorum,1,1,1
GS,2023,2,flavifrons,Claytonia.lanceolata,1,1,1
GS,2023,3,bifarius,Hydrophyllum.capitatum,1,1,1
GS,2023,3,bifarius,Salix.sp,1,1,1
GS,2023,3,flavifrons,Erythronium.grandiflorum,1,1,1
GS,2023,3,flavifrons,Hydrophyllum.capitatum,1,1,1
GS,2023,3,flavifrons,Mertensia.fusiformis,1,1,1
GS,2023,3,rufocinctus,Mertensia.fusiformis,1,1,1
GS,2023,4,appositus,Mertensia.fusiformis,1,1,1
GS,2023,4,bifarius,Hydrophyllum.capitatum,3,1,3
GS,2023,4,bifarius,Mertensia.fusiformis,1,1,1
GS,2023,4,insularis,Taraxacum.officinale,4,1,4
GS,2023,5,bifarius,Hydrophyllum.capitatum,1,2,0.5
GS,2023,5,bifarius,Hydrophyllum.fendleri,2,2,1
GS,2023,5,bifarius,Taraxacum.officinale,5,2,2.5
GS,2023,5,flavifrons,Delphinium.nuttallianum,1,2,0.5
GS,2023,5,flavifrons,Hydrophyllum.capitatum,1,2,0.5
GS,2023,5,flavifrons,Hydrophyllum.fendleri,2,2,1
GS,2023,5,flavifrons,Taraxacum.officinale,1,2,0.5
GS,2023,5,mixtus,Hydrophyllum.fendleri,1,2,0.5
GS,2023,5,rufocinctus,Hydrophyllum.fendleri,1,2,0.5
GS,2023,6,appositus,Delphinium.nuttallianum,4,2,2
GS,2023,6,bifarius,Dodecatheon.pulchellum,3,2,1.5
GS,2023,6,bifarius,Hydrophyllum.fendleri,5,2,2.5
GS,2023,6,bifarius,Mertensia.ciliata,2,2,1
GS,2023,6,bifarius,Taraxacum.officinale,20,2,10
GS,2023,6,flavifrons,Delphinium.nuttallianum,2,2,1
GS,2023,6,flavifrons,Hydrophyllum.fendleri,3,2,1.5
GS,2023,6,insularis,Hydrophyllum.fendleri,3,2,1.5
GS,2023,6,insularis,Taraxacum.officinale,3,2,1.5
GS,2023,6,rufocinctus,Dodecatheon.pulchellum,1,2,0.5
GS,2023,6,rufocinctus,Hydrophyllum.fendleri,4,2,2
GS,2023,6,rufocinctus,Taraxacum.officinale,3,2,1.5
GS,2023,7,appositus,Delphinium.nuttallianum,1,1,1
GS,2023,7,bifarius,Dodecatheon.pulchellum,9,1,9
GS,2023,7,bifarius,Hydrophyllum.fendleri,3,1,3
GS,2023,7,bifarius,Lupinus.bakeri,1,1,1
GS,2023,7,flavifrons,Hydrophyllum.fendleri,5,1,5
GS,2023,7,insularis,Hydrophyllum.fendleri,1,1,1
GS,2023,7,insularis,Taraxacum.officinale,1,1,1
GS,2023,7,mixtus,Hydrophyllum.fendleri,1,1,1
GS,2023,7,rufocinctus,Dodecatheon.pulchellum,1,1,1
GS,2023,8,bifarius,Dodecatheon.pulchellum,2,1,2
GS,2023,8,flavifrons,Hydrophyllum.fendleri,8,1,8
GS,2023,8,flavifrons,Mertensia.ciliata,2,1,2
GS,2023,8,rufocinctus,Lathyrus.leucanthus,1,1,1
GS,2023,9,appositus,Aconitum.columbianum,3,1,3
GS,2023,9,appositus,Vicia.americana,2,1,2
GS,2023,9,bifarius,Helianthella.quinquenervis,1,1,1
GS,2023,9,flavifrons,Aconitum.columbianum,9,1,9
GS,2023,9,flavifrons,Delphinium.barbeyi,1,1,1
GS,2023,9,flavifrons,Helianthella.quinquenervis,7,1,7
GS,2023,9,flavifrons,Hydrophyllum.fendleri,1,1,1
GS,2023,9,flavifrons,Mertensia.ciliata,5,1,5
GS,2023,9,flavifrons,Vicia.americana,1,1,1
GS,2023,9,rufocinctus,Helianthella.quinquenervis,1,1,1
GS,2023,10,appositus,Aconitum.columbianum,7,1,7
GS,2023,10,appositus,Delphinium.barbeyi,3,1,3
GS,2023,10,bifarius,Aconitum.columbianum,1,1,1
GS,2023,10,flavifrons,Aconitum.columbianum,17,1,17
GS,2023,10,flavifrons,Helianthella.quinquenervis,6,1,6
GS,2023,10,insularis,Helianthella.quinquenervis,1,1,1
GS,2023,11,appositus,Aconitum.columbianum,4,1,4
GS,2023,11,appositus,Delphinium.barbeyi,2,1,2
GS,2023,11,flavifrons,Aconitum.columbianum,3,1,3
GS,2023,11,flavifrons,Ligularia.bigelovii,1,1,1
GS,2023,11,flavifrons,Trifolium.pratense,1,1,1
GS,2023,11,rufocinctus,Heliomeris.multiflora,1,1,1
GS,2023,12,flavifrons,Heliomeris.multiflora,2,1,2
GS,2023,12,mixtus,Heliomeris.multiflora,1,1,1
GS,2023,12,rufocinctus,Heliomeris.multiflora,7,1,7
GS,2023,14,rufocinctus,Heliomeris.multiflora,1,1,1
RH,2015,3,bifarius,Mertensia.fusiformis,11,2,5.5
RH,2015,3,californicus,Mertensia.fusiformis,2,2,1
RH,2015,4,appositus,Delphinium.nuttallianum,1,2,0.5
RH,2015,4,bifarius,Mertensia.fusiformis,6,2,3
RH,2015,4,californicus,Mertensia.fusiformis,2,2,1
RH,2015,4,flavifrons,Mertensia.fusiformis,1,2,0.5
RH,2015,4,rufocinctus,Mertensia.fusiformis,1,2,0.5
RH,2015,5,appositus,Delphinium.nuttallianum,8,2,4
RH,2015,5,bifarius,Mertensia.fusiformis,5,2,2.5
RH,2015,5,californicus,Delphinium.nuttallianum,12,2,6
RH,2015,5,californicus,Lathyrus.leucanthus,1,2,0.5
RH,2015,5,flavifrons,Hydrophyllum.fendleri,10,2,5
RH,2015,5,flavifrons,Mertensia.fusiformis,4,2,2
RH,2015,5,rufocinctus,Hydrophyllum.fendleri,2,2,1
RH,2015,6,appositus,Delphinium.nuttallianum,4,2,2
RH,2015,6,bifarius,Hydrophyllum.fendleri,1,2,0.5
RH,2015,6,californicus,Delphinium.nuttallianum,6,2,3
RH,2015,6,flavifrons,Delphinium.nuttallianum,1,2,0.5
RH,2015,6,flavifrons,Hydrophyllum.fendleri,3,2,1.5
RH,2015,6,flavifrons,Lupinus.bakeri,1,2,0.5
RH,2015,6,nevadensis,Delphinium.nuttallianum,1,2,0.5
RH,2015,6,nevadensis,Hydrophyllum.fendleri,2,2,1
RH,2015,6,rufocinctus,Hydrophyllum.fendleri,5,2,2.5
RH,2015,6,rufocinctus,Lupinus.bakeri,1,2,0.5
RH,2015,7,appositus,Delphinium.nuttallianum,4,1,4
RH,2015,7,californicus,Delphinium.nuttallianum,2,1,2
RH,2015,7,californicus,Lathyrus.leucanthus,1,1,1
RH,2015,7,californicus,Lupinus.bakeri,1,1,1
RH,2015,7,nevadensis,Hydrophyllum.fendleri,1,1,1
RH,2015,7,rufocinctus,Frasera.speciosa,1,1,1
RH,2015,7,rufocinctus,Lupinus.bakeri,1,1,1
RH,2015,8,appositus,Delphinium.barbeyi,1,2,0.5
RH,2015,8,appositus,Hydrophyllum.fendleri,1,2,0.5
RH,2015,8,appositus,Lathyrus.leucanthus,1,2,0.5
RH,2015,8,appositus,Vicia.americana,3,2,1.5
RH,2015,8,bifarius,Lupinus.bakeri,1,2,0.5
RH,2015,8,flavifrons,Delphinium.nuttallianum,1,2,0.5
RH,2015,8,flavifrons,Hydrophyllum.fendleri,1,2,0.5
RH,2015,8,flavifrons,Lupinus.bakeri,1,2,0.5
RH,2015,8,flavifrons,Vicia.americana,1,2,0.5
RH,2015,8,rufocinctus,Hydrophyllum.fendleri,1,2,0.5
RH,2015,9,appositus,Aconitum.columbianum,2,1,2
RH,2015,9,appositus,Delphinium.barbeyi,5,1,5
RH,2015,9,appositus,Helianthella.quinquenervis,3,1,3
RH,2015,9,bifarius,Dugaldia.hoopesii,1,1,1
RH,2015,9,bifarius,Helianthella.quinquenervis,8,1,8
RH,2015,9,californicus,Delphinium.barbeyi,1,1,1
RH,2015,9,flavifrons,Amerosedum.lanceolatum,1,1,1
RH,2015,9,flavifrons,Delphinium.barbeyi,1,1,1
RH,2015,9,flavifrons,Helianthella.quinquenervis,3,1,3
RH,2015,9,flavifrons,Vicia.americana,1,1,1
RH,2015,9,rufocinctus,Helianthella.quinquenervis,6,1,6
RH,2015,10,appositus,Delphinium.barbeyi,5,1,5
RH,2015,10,appositus,Helianthella.quinquenervis,5,1,5
RH,2015,10,appositus,Lupinus.bakeri,1,1,1
RH,2015,10,appositus,Vicia.americana,1,1,1
RH,2015,10,bifarius,Eriogonum.umbellatum,1,1,1
RH,2015,10,bifarius,Helianthella.quinquenervis,13,1,13
RH,2015,10,californicus,Delphinium.barbeyi,1,1,1
RH,2015,10,californicus,Helianthella.quinquenervis,1,1,1
RH,2015,10,flavifrons,Aconitum.columbianum,5,1,5
RH,2015,10,flavifrons,Vicia.americana,1,1,1
RH,2015,10,insularis,Wyethia.arizonica,1,1,1
RH,2015,10,rufocinctus,Helianthella.quinquenervis,5,1,5
RH,2015,10,rufocinctus,Lupinus.bakeri,1,1,1
RH,2015,10,rufocinctus,Pentaphylloides.floribunda,1,1,1
RH,2015,11,appositus,Agastache.urticifolia,3,1,3
RH,2015,11,appositus,Delphinium.barbeyi,4,1,4
RH,2015,11,bifarius,Agastache.urticifolia,1,1,1
RH,2015,11,bifarius,Helianthella.quinquenervis,2,1,2
RH,2015,11,bifarius,Pentaphylloides.floribunda,2,1,2
RH,2015,11,californicus,Delphinium.barbeyi,2,1,2
RH,2015,11,flavifrons,Aconitum.columbianum,3,1,3
RH,2015,11,flavifrons,Agastache.urticifolia,3,1,3
RH,2015,11,flavifrons,Delphinium.barbeyi,4,1,4
RH,2015,11,flavifrons,Helianthella.quinquenervis,4,1,4
RH,2015,11,flavifrons,Vicia.americana,2,1,2
RH,2015,11,mixtus,Potentilla.pulcherrima,1,1,1
RH,2015,11,rufocinctus,Calochortus.gunnisonii,1,1,1
RH,2015,11,rufocinctus,Dugaldia.hoopesii,1,1,1
RH,2015,11,rufocinctus,Erigeron.speciosus,1,1,1
RH,2015,11,rufocinctus,Pentaphylloides.floribunda,1,1,1
RH,2015,11,rufocinctus,Potentilla.pulcherrima,1,1,1
RH,2015,12,appositus,Agastache.urticifolia,2,1,2
RH,2015,12,appositus,Delphinium.barbeyi,4,1,4
RH,2015,12,bifarius,Campanula.rotundifolia,1,1,1
RH,2015,12,bifarius,Erigeron.speciosus,1,1,1
RH,2015,12,bifarius,Pentaphylloides.floribunda,3,1,3
RH,2015,12,bifarius,Pyrrocoma.crocea,2,1,2
RH,2015,12,californicus,Delphinium.barbeyi,1,1,1
RH,2015,12,flavifrons,Aconitum.columbianum,7,1,7
RH,2015,12,flavifrons,Agastache.urticifolia,8,1,8
RH,2015,12,flavifrons,Delphinium.barbeyi,11,1,11
RH,2015,12,flavifrons,Erigeron.elatior,1,1,1
RH,2015,12,flavifrons,Eucephalus.engelmannii,1,1,1
RH,2015,12,flavifrons,Vicia.americana,1,1,1
RH,2015,12,rufocinctus,Erigeron.speciosus,2,1,2
RH,2015,12,rufocinctus,Heliomeris.multiflora,1,1,1
RH,2015,12,rufocinctus,Pentaphylloides.floribunda,3,1,3
RH,2015,13,appositus,Agastache.urticifolia,11,2,5.5
RH,2015,13,appositus,Erigeron.elatior,1,2,0.5
RH,2015,13,appositus,Erigeron.speciosus,1,2,0.5
RH,2015,13,appositus,Heliomeris.multiflora,1,2,0.5
RH,2015,13,bifarius,Erigeron.elatior,1,2,0.5
RH,2015,13,bifarius,Erigeron.speciosus,9,2,4.5
RH,2015,13,bifarius,Heliomeris.multiflora,13,2,6.5
RH,2015,13,bifarius,Pentaphylloides.floribunda,1,2,0.5
RH,2015,13,bifarius,Senecio.serra,2,2,1
RH,2015,13,flavifrons,Agastache.urticifolia,17,2,8.5
RH,2015,13,flavifrons,Delphinium.barbeyi,3,2,1.5
RH,2015,13,flavifrons,Erigeron.speciosus,1,2,0.5
RH,2015,13,rufocinctus,Agastache.urticifolia,1,2,0.5
RH,2015,13,rufocinctus,Erigeron.speciosus,18,2,9
RH,2015,13,rufocinctus,Heliomeris.multiflora,10,2,5
RH,2015,13,rufocinctus,Pentaphylloides.floribunda,1,2,0.5
RH,2015,13,rufocinctus,Senecio.serra,1,2,0.5
RH,2015,14,appositus,Agastache.urticifolia,5,1,5
RH,2015,14,bifarius,Aster.foliaceus,6,1,6
RH,2015,14,bifarius,Heliomeris.multiflora,5,1,5
RH,2015,14,flavifrons,Agastache.urticifolia,18,1,18
RH,2015,14,flavifrons,Heliomeris.multiflora,7,1,7
RH,2015,14,insularis,Heliomeris.multiflora,3,1,3
RH,2015,14,mixtus,Heliomeris.multiflora,2,1,2
RH,2015,14,rufocinctus,Aster.foliaceus,1,1,1
RH,2015,14,rufocinctus,Ericameria.parryi,1,1,1
RH,2015,14,rufocinctus,Erigeron.speciosus,2,1,2
RH,2015,14,rufocinctus,Heliomeris.multiflora,15,1,15
RH,2015,15,appositus,Agastache.urticifolia,15,1,15
RH,2015,15,bifarius,Agastache.urticifolia,1,1,1
RH,2015,15,bifarius,Aster.foliaceus,2,1,2
RH,2015,15,bifarius,Ericameria.parryi,3,1,3
RH,2015,15,bifarius,Heliomeris.multiflora,13,1,13
RH,2015,15,flavifrons,Agastache.urticifolia,18,1,18
RH,2015,15,flavifrons,Aster.foliaceus,1,1,1
RH,2015,15,flavifrons,Heliomeris.multiflora,2,1,2
RH,2015,15,insularis,Agastache.urticifolia,2,1,2
RH,2015,15,insularis,Aster.foliaceus,1,1,1
RH,2015,15,insularis,Ericameria.parryi,1,1,1
RH,2015,15,insularis,Heliomeris.multiflora,2,1,2
RH,2015,15,rufocinctus,Erigeron.speciosus,1,1,1
RH,2015,15,rufocinctus,Heliomeris.multiflora,1,1,1
RH,2015,16,appositus,Agastache.urticifolia,2,1,2
RH,2015,16,appositus,Cirsium.parryi,2,1,2
RH,2015,16,bifarius,Ericameria.parryi,6,1,6
RH,2015,16,flavifrons,Agastache.urticifolia,2,1,2
RH,2015,16,insularis,Ericameria.parryi,6,1,6
RH,2016,5,bifarius,Mertensia.fusiformis,2,1,2
RH,2016,5,californicus,Mertensia.fusiformis,1,1,1
RH,2016,6,bifarius,Mertensia.fusiformis,2,1,2
RH,2016,6,californicus,Delphinium.nuttallianum,1,1,1
RH,2016,6,flavifrons,Ribes.montigenum,1,1,1
RH,2016,6,rufocinctus,Mertensia.fusiformis,1,1,1
RH,2016,6,rufocinctus,Osmorhiza.occidentalis,1,1,1
RH,2016,7,californicus,Delphinium.nuttallianum,2,1,2
RH,2016,7,flavifrons,Hydrophyllum.fendleri,2,1,2
RH,2016,7,flavifrons,Lupinus.bakeri,1,1,1
RH,2016,7,rufocinctus,Lathyrus.leucanthus,1,1,1
RH,2016,8,appositus,Delphinium.nuttallianum,2,1,2
RH,2016,8,bifarius,Hydrophyllum.fendleri,1,1,1
RH,2016,8,bifarius,Lupinus.bakeri,2,1,2
RH,2016,8,californicus,Delphinium.nuttallianum,2,1,2
RH,2016,8,californicus,Lathyrus.leucanthus,2,1,2
RH,2016,8,flavifrons,Delphinium.nuttallianum,2,1,2
RH,2016,8,flavifrons,Hydrophyllum.fendleri,4,1,4
RH,2016,8,nevadensis,Hydrophyllum.fendleri,1,1,1
RH,2016,9,appositus,Vicia.americana,1,1,1
RH,2016,9,bifarius,Lupinus.bakeri,1,1,1
RH,2016,9,bifarius,Wyethia.arizonica,1,1,1
RH,2016,9,californicus,Aconitum.columbianum,1,1,1
RH,2016,9,californicus,Frasera.speciosa,1,1,1
RH,2016,9,californicus,Lathyrus.leucanthus,2,1,2
RH,2016,9,californicus,Lupinus.bakeri,1,1,1
RH,2016,9,californicus,Vicia.americana,6,1,6
RH,2016,9,flavifrons,Hydrophyllum.fendleri,1,1,1
RH,2016,9,insularis,Hydrophyllum.fendleri,1,1,1
RH,2016,9,rufocinctus,Rosa.woodsii,1,1,1
RH,2016,10,appositus,Aconitum.columbianum,4,1,4
RH,2016,10,appositus,Delphinium.barbeyi,3,1,3
RH,2016,10,appositus,Vicia.americana,6,1,6
RH,2016,10,bifarius,Dugaldia.hoopesii,1,1,1
RH,2016,10,bifarius,Eremogone.congesta,5,1,5
RH,2016,10,californicus,Vicia.americana,7,1,7
RH,2016,10,flavifrons,Aconitum.columbianum,3,1,3
RH,2016,10,flavifrons,Vicia.americana,1,1,1
RH,2016,10,insularis,Dugaldia.hoopesii,1,1,1
RH,2016,10,insularis,Wyethia.arizonica,2,1,2
RH,2016,10,rufocinctus,Dugaldia.hoopesii,2,1,2
RH,2016,11,appositus,Aconitum.columbianum,3,1,3
RH,2016,11,appositus,Delphinium.barbeyi,3,1,3
RH,2016,11,bifarius,Agastache.urticifolia,1,1,1
RH,2016,11,bifarius,Dugaldia.hoopesii,3,1,3
RH,2016,11,bifarius,Eremogone.congesta,3,1,3
RH,2016,11,bifarius,Helianthella.quinquenervis,11,1,11
RH,2016,11,bifarius,Wyethia.arizonica,1,1,1
RH,2016,11,californicus,Delphinium.barbeyi,1,1,1
RH,2016,11,flavifrons,Aconitum.columbianum,5,1,5
RH,2016,11,flavifrons,Helianthella.quinquenervis,1,1,1
RH,2016,11,insularis,Dugaldia.hoopesii,1,1,1
RH,2016,11,insularis,Helianthella.quinquenervis,2,1,2
RH,2016,11,insularis,Wyethia.arizonica,1,1,1
RH,2016,11,rufocinctus,Dugaldia.hoopesii,1,1,1
RH,2016,11,rufocinctus,Helianthella.quinquenervis,2,1,2
RH,2016,12,appositus,Delphinium.barbeyi,2,1,2
RH,2016,12,bifarius,Aconitum.columbianum,1,1,1
RH,2016,12,bifarius,Agastache.urticifolia,1,1,1
RH,2016,12,bifarius,Dugaldia.hoopesii,1,1,1
RH,2016,12,bifarius,Helianthella.quinquenervis,13,1,13
RH,2016,12,flavifrons,Aconitum.columbianum,2,1,2
RH,2016,12,flavifrons,Agastache.urticifolia,3,1,3
RH,2016,12,flavifrons,Delphinium.barbeyi,3,1,3
RH,2016,12,flavifrons,Helianthella.quinquenervis,2,1,2
RH,2016,12,flavifrons,Vicia.americana,1,1,1
RH,2016,12,insularis,Dugaldia.hoopesii,1,1,1
RH,2016,12,nevadensis,Delphinium.barbeyi,1,1,1
RH,2016,12,rufocinctus,Dugaldia.hoopesii,1,1,1
RH,2016,12,rufocinctus,Helianthella.quinquenervis,3,1,3
RH,2016,13,bifarius,Agastache.urticifolia,2,1,2
RH,2016,13,bifarius,Helianthella.quinquenervis,2,1,2
RH,2016,13,californicus,Cirsium.parryi,1,1,1
RH,2016,13,californicus,Delphinium.barbeyi,1,1,1
RH,2016,13,flavifrons,Aconitum.columbianum,1,1,1
RH,2016,13,flavifrons,Agastache.urticifolia,1,1,1
RH,2016,13,flavifrons,Delphinium.barbeyi,1,1,1
RH,2016,14,bifarius,Erigeron.elatior,4,1,4
RH,2016,14,bifarius,Heliomeris.multiflora,1,1,1
RH,2016,14,bifarius,Heterotheca.villosa,2,1,2
RH,2016,14,insularis,Erigeron.elatior,1,1,1
RH,2016,14,insularis,Heliomeris.multiflora,1,1,1
RH,2016,14,insularis,Ligularia.bigelovii,1,1,1
RH,2016,15,bifarius,Ericameria.parryi,3,1,3
RH,2016,15,flavifrons,Cirsium.parryi,1,1,1
RH,2016,15,flavifrons,Eremogone.congesta,1,1,1
RH,2016,15,flavifrons,Ericameria.parryi,2,1,2
RH,2016,15,flavifrons,Heliomeris.multiflora,1,1,1
RH,2016,15,flavifrons,Heterotheca.villosa,1,1,1
RH,2016,15,flavifrons,Ligularia.bigelovii,2,1,2
RH,2016,15,insularis,Ericameria.parryi,14,1,14
RH,2016,15,insularis,Heliomeris.multiflora,2,1,2
RH,2016,15,insularis,Solidago.multiradiata,1,1,1
RH,2016,16,appositus,Ericameria.parryi,2,1,2
RH,2016,16,bifarius,Ericameria.parryi,2,1,2
RH,2016,16,bifarius,Heliomeris.multiflora,3,1,3
RH,2016,16,californicus,Ericameria.parryi,1,1,1
RH,2016,16,flavifrons,Ericameria.parryi,1,1,1
RH,2016,16,insularis,Ericameria.parryi,4,1,4
RH,2016,16,insularis,Heliomeris.multiflora,1,1,1
RH,2016,16,insularis,Heterotheca.villosa,1,1,1
RH,2016,16,rufocinctus,Ericameria.parryi,1,1,1
RH,2016,17,bifarius,Ericameria.parryi,2,1,2
RH,2016,17,bifarius,Heliomeris.multiflora,1,1,1
RH,2016,17,insularis,Ericameria.parryi,6,1,6
RH,2016,18,appositus,Ericameria.parryi,2,1,2
RH,2016,18,bifarius,Heliomeris.multiflora,1,1,1
RH,2016,18,insularis,Ericameria.parryi,2,1,2
RH,2017,3,bifarius,Mertensia.fusiformis,1,1,1
RH,2017,3,californicus,Mertensia.fusiformis,3,1,3
RH,2017,3,flavifrons,Claytonia.lanceolata,1,1,1
RH,2017,3,flavifrons,Mertensia.fusiformis,2,1,2
RH,2017,3,rufocinctus,Mertensia.fusiformis,1,1,1
RH,2017,4,appositus,Delphinium.nuttallianum,1,1,1
RH,2017,4,flavifrons,Hydrophyllum.fendleri,1,1,1
RH,2017,4,rufocinctus,Hydrophyllum.fendleri,1,1,1
RH,2017,5,appositus,Delphinium.nuttallianum,2,1,2
RH,2017,5,californicus,Delphinium.nuttallianum,1,1,1
RH,2017,5,flavifrons,Delphinium.nuttallianum,2,1,2
RH,2017,5,flavifrons,Hydrophyllum.fendleri,4,1,4
RH,2017,6,appositus,Lathyrus.leucanthus,1,1,1
RH,2017,6,bifarius,Hydrophyllum.fendleri,1,1,1
RH,2017,6,californicus,Lathyrus.leucanthus,1,1,1
RH,2017,6,flavifrons,Lupinus.bakeri,1,1,1
RH,2017,6,rufocinctus,Hydrophyllum.fendleri,2,1,2
RH,2017,7,appositus,Aconitum.columbianum,1,1,1
RH,2017,7,appositus,Vicia.americana,1,1,1
RH,2017,7,flavifrons,Hydrophyllum.fendleri,1,1,1
RH,2017,7,flavifrons,Vicia.americana,6,1,6
RH,2017,7,flavifrons,Wyethia.arizonica,1,1,1
RH,2017,7,insularis,Wyethia.arizonica,1,1,1
RH,2017,8,appositus,Delphinium.barbeyi,3,1,3
RH,2017,8,bifarius,Agastache.urticifolia,1,1,1
RH,2017,8,bifarius,Eremogone.congesta,4,1,4
RH,2017,8,bifarius,Helianthella.quinquenervis,4,1,4
RH,2017,8,californicus,Delphinium.barbeyi,1,1,1
RH,2017,8,flavifrons,Aconitum.columbianum,4,1,4
RH,2017,8,flavifrons,Agastache.urticifolia,2,1,2
RH,2017,8,flavifrons,Delphinium.barbeyi,1,1,1
RH,2017,8,insularis,Dugaldia.hoopesii,1,1,1
RH,2017,8,occidentalis,Agastache.urticifolia,1,1,1
RH,2017,8,occidentalis,Dugaldia.hoopesii,1,1,1
RH,2017,8,rufocinctus,Calochortus.gunnisonii,1,1,1
RH,2017,8,rufocinctus,Dugaldia.hoopesii,3,1,3
RH,2017,8,rufocinctus,Eremogone.congesta,4,1,4
RH,2017,8,rufocinctus,Erigeron.speciosus,2,1,2
RH,2017,8,rufocinctus,Helianthella.quinquenervis,10,1,10
RH,2017,9,appositus,Delphinium.barbeyi,4,1,4
RH,2017,9,bifarius,Agastache.urticifolia,2,1,2
RH,2017,9,bifarius,Dugaldia.hoopesii,2,1,2
RH,2017,9,bifarius,Eremogone.congesta,1,1,1
RH,2017,9,bifarius,Erigeron.speciosus,1,1,1
RH,2017,9,bifarius,Helianthella.quinquenervis,9,1,9
RH,2017,9,californicus,Agastache.urticifolia,1,1,1
RH,2017,9,flavifrons,Aconitum.columbianum,3,1,3
RH,2017,9,flavifrons,Delphinium.barbeyi,2,1,2
RH,2017,9,rufocinctus,Calochortus.gunnisonii,2,1,2
RH,2017,9,rufocinctus,Dugaldia.hoopesii,10,1,10
RH,2017,9,rufocinctus,Helianthella.quinquenervis,3,1,3
RH,2017,9,rufocinctus,Pyrrocoma.crocea,1,1,1
RH,2017,10,appositus,Delphinium.barbeyi,1,1,1
RH,2017,10,bifarius,Agastache.urticifolia,3,1,3
RH,2017,10,bifarius,Dugaldia.hoopesii,2,1,2
RH,2017,10,bifarius,Eremogone.congesta,3,1,3
RH,2017,10,bifarius,Erigeron.elatior,1,1,1
RH,2017,10,bifarius,Erigeron.speciosus,3,1,3
RH,2017,10,bifarius,Helianthella.quinquenervis,4,1,4
RH,2017,10,flavifrons,Aconitum.columbianum,3,1,3
RH,2017,10,flavifrons,Agastache.urticifolia,1,1,1
RH,2017,10,flavifrons,Helianthella.quinquenervis,2,1,2
RH,2017,10,insularis,Agastache.urticifolia,3,1,3
RH,2017,10,insularis,Dugaldia.hoopesii,1,1,1
RH,2017,10,rufocinctus,Agastache.urticifolia,1,1,1
RH,2017,10,rufocinctus,Dugaldia.hoopesii,4,1,4
RH,2017,10,rufocinctus,Eremogone.congesta,1,1,1
RH,2017,10,rufocinctus,Erigeron.speciosus,4,1,4
RH,2017,10,rufocinctus,Helianthella.quinquenervis,1,1,1
RH,2017,11,appositus,Agastache.urticifolia,6,1,6
RH,2017,11,appositus,Delphinium.barbeyi,1,1,1
RH,2017,11,bifarius,Agastache.urticifolia,1,1,1
RH,2017,11,bifarius,Calochortus.gunnisonii,1,1,1
RH,2017,11,bifarius,Dugaldia.hoopesii,3,1,3
RH,2017,11,bifarius,Erigeron.elatior,1,1,1
RH,2017,11,bifarius,Erigeron.speciosus,3,1,3
RH,2017,11,bifarius,Heliomeris.multiflora,1,1,1
RH,2017,11,bifarius,Heterotheca.villosa,1,1,1
RH,2017,11,bifarius,Ligularia.bigelovii,1,1,1
RH,2017,11,bifarius,Symphyotrichum.spathulatum,1,1,1
RH,2017,11,flavifrons,Aconitum.columbianum,1,1,1
RH,2017,11,flavifrons,Delphinium.barbeyi,2,1,2
RH,2017,11,insularis,Agastache.urticifolia,3,1,3
RH,2017,11,insularis,Erigeron.speciosus,2,1,2
RH,2017,11,rufocinctus,Dugaldia.hoopesii,1,1,1
RH,2017,11,rufocinctus,Erigeron.elatior,1,1,1
RH,2017,11,rufocinctus,Erigeron.speciosus,3,1,3
RH,2017,11,rufocinctus,Helianthella.quinquenervis,1,1,1
RH,2017,12,appositus,Agastache.urticifolia,3,1,3
RH,2017,12,bifarius,Erigeron.speciosus,1,1,1
RH,2017,12,bifarius,Heliomeris.multiflora,1,1,1
RH,2017,12,bifarius,Heterotheca.villosa,1,1,1
RH,2017,12,flavifrons,Agastache.urticifolia,3,1,3
RH,2017,12,flavifrons,Ericameria.parryi,3,1,3
RH,2017,12,insularis,Agastache.urticifolia,1,1,1
RH,2017,12,insularis,Ericameria.parryi,2,1,2
RH,2017,12,insularis,Erigeron.speciosus,1,1,1
RH,2017,12,insularis,Heliomeris.multiflora,1,1,1
RH,2017,13,appositus,Ericameria.parryi,3,1,3
RH,2017,13,bifarius,Ericameria.parryi,4,1,4
RH,2017,13,bifarius,Heliomeris.multiflora,3,1,3
RH,2017,13,flavifrons,Agastache.urticifolia,1,1,1
RH,2017,13,flavifrons,Ericameria.parryi,7,1,7
RH,2017,13,insularis,Agastache.urticifolia,2,1,2
RH,2017,13,insularis,Ericameria.parryi,5,1,5
RH,2017,13,insularis,Heliomeris.multiflora,3,1,3
RH,2017,13,insularis,Heterotheca.villosa,1,1,1
RH,2017,13,mixtus,Ericameria.parryi,1,1,1
RH,2017,14,appositus,Ericameria.parryi,3,1,3
RH,2017,14,bifarius,Ericameria.parryi,4,1,4
RH,2017,14,bifarius,Heliomeris.multiflora,4,1,4
RH,2017,14,bifarius,Heterotheca.villosa,3,1,3
RH,2017,14,insularis,Ericameria.parryi,13,1,13
RH,2017,14,insularis,Heliomeris.multiflora,4,1,4
RH,2017,14,rufocinctus,Ericameria.parryi,1,1,1
RH,2017,14,rufocinctus,Heliomeris.multiflora,1,1,1
RH,2017,15,bifarius,Ericameria.parryi,2,1,2
RH,2017,15,bifarius,Heterotheca.villosa,1,1,1
RH,2017,15,insularis,Ericameria.parryi,13,1,13
RH,2017,15,insularis,Heliomeris.multiflora,1,1,1
RH,2017,15,insularis,Heterotheca.villosa,2,1,2
RH,2018,4,bifarius,Claytonia.lanceolata,1,1,1
RH,2018,4,bifarius,Mertensia.fusiformis,1,1,1
RH,2018,5,bifarius,Mertensia.fusiformis,3,1,3
RH,2018,6,bifarius,Mertensia.fusiformis,1,1,1
RH,2018,6,californicus,Delphinium.nuttallianum,1,1,1
RH,2018,7,appositus,Delphinium.nuttallianum,1,1,1
RH,2018,7,californicus,Delphinium.nuttallianum,2,1,2
RH,2018,7,flavifrons,Delphinium.nuttallianum,2,1,2
RH,2018,7,flavifrons,Hydrophyllum.fendleri,3,1,3
RH,2018,8,flavifrons,Hydrophyllum.fendleri,2,1,2
RH,2018,8,rufocinctus,Hydrophyllum.fendleri,1,1,1
RH,2018,9,bifarius,Eremogone.congesta,8,1,8
RH,2018,9,bifarius,Eriogonum.umbellatum,2,1,2
RH,2018,9,bifarius,Hydrophyllum.fendleri,3,1,3
RH,2018,9,flavifrons,Hydrophyllum.fendleri,1,1,1
RH,2018,9,flavifrons,Vicia.americana,1,1,1
RH,2018,9,insularis,Hydrophyllum.fendleri,1,1,1
RH,2018,9,insularis,Wyethia.arizonica,1,1,1
RH,2018,9,rufocinctus,Eremogone.congesta,1,1,1
RH,2018,10,bifarius,Eremogone.congesta,9,1,9
RH,2018,10,bifarius,Helianthella.quinquenervis,2,1,2
RH,2018,10,bifarius,Wyethia.arizonica,1,1,1
RH,2018,10,flavifrons,Aconitum.columbianum,2,1,2
RH,2018,10,flavifrons,Delphinium.barbeyi,2,1,2
RH,2018,10,flavifrons,Helianthella.quinquenervis,1,1,1
RH,2018,10,flavifrons,Vicia.americana,1,1,1
RH,2018,10,insularis,Helianthella.quinquenervis,2,1,2
RH,2018,10,insularis,Hydrophyllum.fendleri,1,1,1
RH,2018,10,insularis,Wyethia.arizonica,1,1,1
RH,2018,11,bifarius,Agastache.urticifolia,1,1,1
RH,2018,11,bifarius,Eremogone.congesta,1,1,1
RH,2018,11,bifarius,Helianthella.quinquenervis,18,1,18
RH,2018,11,bifarius,Wyethia.arizonica,1,1,1
RH,2018,11,flavifrons,Aconitum.columbianum,2,1,2
RH,2018,11,flavifrons,Delphinium.barbeyi,2,1,2
RH,2018,11,flavifrons,Eremogone.congesta,1,1,1
RH,2018,11,flavifrons,Helianthella.quinquenervis,1,1,1
RH,2018,11,insularis,Dugaldia.hoopesii,1,1,1
RH,2018,11,insularis,Helianthella.quinquenervis,1,1,1
RH,2018,11,insularis,Wyethia.arizonica,1,1,1
RH,2018,11,mixtus,Helianthella.quinquenervis,1,1,1
RH,2018,11,rufocinctus,Helianthella.quinquenervis,1,1,1
RH,2018,12,bifarius,Erigeron.elatior,2,1,2
RH,2018,12,bifarius,Erigeron.speciosus,2,1,2
RH,2018,12,bifarius,Eucephalus.engelmannii,1,1,1
RH,2018,12,bifarius,Helianthella.quinquenervis,18,1,18
RH,2018,12,flavifrons,Aconitum.columbianum,1,1,1
RH,2018,12,flavifrons,Agastache.urticifolia,2,1,2
RH,2018,12,flavifrons,Helianthella.quinquenervis,1,1,1
RH,2018,12,insularis,Agastache.urticifolia,1,1,1
RH,2018,12,insularis,Wyethia.arizonica,1,1,1
RH,2018,12,rufocinctus,Erigeron.elatior,1,1,1
RH,2018,13,bifarius,Agastache.urticifolia,1,1,1
RH,2018,13,bifarius,Dugaldia.hoopesii,1,1,1
RH,2018,13,bifarius,Erigeron.elatior,7,1,7
RH,2018,13,bifarius,Erigeron.speciosus,12,1,12
RH,2018,13,bifarius,Eucephalus.engelmannii,2,1,2
RH,2018,13,bifarius,Helianthella.quinquenervis,1,1,1
RH,2018,13,bifarius,Pentaphylloides.floribunda,1,1,1
RH,2018,13,flavifrons,Agastache.urticifolia,1,1,1
RH,2018,13,insularis,Agastache.urticifolia,1,1,1
RH,2018,13,insularis,Erigeron.speciosus,1,1,1
RH,2018,13,rufocinctus,Erigeron.elatior,1,1,1
RH,2018,13,rufocinctus,Erigeron.speciosus,2,1,2
RH,2018,14,appositus,Ericameria.parryi,1,1,1
RH,2018,14,bifarius,Agastache.urticifolia,4,1,4
RH,2018,14,bifarius,Ericameria.parryi,2,1,2
RH,2018,14,bifarius,Erigeron.speciosus,5,1,5
RH,2018,14,bifarius,Heterotheca.villosa,1,1,1
RH,2018,14,flavifrons,Agastache.urticifolia,1,1,1
RH,2018,14,insularis,Agastache.urticifolia,1,1,1
RH,2018,14,insularis,Ericameria.parryi,2,1,2
RH,2018,14,insularis,Erigeron.elatior,2,1,2
RH,2018,14,insularis,Erigeron.speciosus,7,1,7
RH,2018,14,insularis,Heliomeris.multiflora,1,1,1
RH,2018,15,bifarius,Ericameria.parryi,2,1,2
RH,2018,15,insularis,Ericameria.parryi,1,1,1
RH,2018,16,bifarius,Ericameria.parryi,5,1,5
RH,2018,16,insularis,Ericameria.parryi,22,1,22
RH,2018,16,insularis,Heterotheca.villosa,1,1,1
RH,2018,17,bifarius,Ericameria.parryi,3,1,3
RH,2018,17,insularis,Ericameria.parryi,12,1,12
RH,2018,18,bifarius,Ericameria.parryi,1,1,1
RH,2019,4,flavifrons,Hydrophyllum.fendleri,1,1,1
RH,2019,4,flavifrons,Mertensia.fusiformis,3,1,3
RH,2019,5,appositus,Delphinium.nuttallianum,2,1,2
RH,2019,5,flavifrons,Hydrophyllum.fendleri,2,1,2
RH,2019,6,rufocinctus,Lupinus.bakeri,2,1,2
RH,2019,7,bifarius,Frasera.speciosa,2,1,2
RH,2019,7,flavifrons,Frasera.speciosa,1,1,1
RH,2019,7,nevadensis,Lathyrus.leucanthus,1,1,1
RH,2019,7,rufocinctus,Wyethia.arizonica,1,1,1
RH,2019,8,appositus,Vicia.americana,1,1,1
RH,2019,8,bifarius,Frasera.speciosa,2,1,2
RH,2019,8,bifarius,Helianthella.quinquenervis,1,1,1
RH,2019,8,flavifrons,Aconitum.columbianum,2,1,2
RH,2019,8,flavifrons,Frasera.speciosa,4,1,4
RH,2019,8,nevadensis,Frasera.speciosa,1,1,1
RH,2019,8,occidentalis,Frasera.speciosa,1,1,1
RH,2019,8,rufocinctus,Frasera.speciosa,3,1,3
RH,2019,9,appositus,Delphinium.barbeyi,4,1,4
RH,2019,9,bifarius,Frasera.speciosa,3,1,3
RH,2019,9,bifarius,Helianthella.quinquenervis,4,1,4
RH,2019,9,californicus,Vicia.americana,2,1,2
RH,2019,9,flavifrons,Aconitum.columbianum,3,1,3
RH,2019,9,flavifrons,Agastache.urticifolia,2,1,2
RH,2019,9,flavifrons,Delphinium.barbeyi,4,1,4
RH,2019,9,flavifrons,Frasera.speciosa,5,1,5
RH,2019,9,flavifrons,Vicia.americana,1,1,1
RH,2019,9,nevadensis,Agastache.urticifolia,1,1,1
RH,2019,10,appositus,Agastache.urticifolia,2,1,2
RH,2019,10,appositus,Delphinium.barbeyi,3,1,3
RH,2019,10,bifarius,Agastache.urticifolia,1,1,1
RH,2019,10,bifarius,Erigeron.elatior,1,1,1
RH,2019,10,bifarius,Erigeron.speciosus,3,1,3
RH,2019,10,bifarius,Helianthella.quinquenervis,3,1,3
RH,2019,10,californicus,Delphinium.barbeyi,4,1,4
RH,2019,10,flavifrons,Aconitum.columbianum,1,1,1
RH,2019,10,flavifrons,Agastache.urticifolia,7,1,7
RH,2019,10,flavifrons,Delphinium.barbeyi,8,1,8
RH,2019,10,flavifrons,Helianthella.quinquenervis,1,1,1
RH,2019,10,flavifrons,Potentilla.pulcherrima,1,1,1
RH,2019,10,nevadensis,Delphinium.barbeyi,1,1,1
RH,2019,10,rufocinctus,Erigeron.speciosus,7,1,7
RH,2019,10,rufocinctus,Helianthella.quinquenervis,1,1,1
RH,2019,11,appositus,Agastache.urticifolia,5,1,5
RH,2019,11,appositus,Cirsium.parryi,2,1,2
RH,2019,11,appositus,Delphinium.barbeyi,5,1,5
RH,2019,11,bifarius,Agastache.urticifolia,3,1,3
RH,2019,11,bifarius,Erigeron.speciosus,4,1,4
RH,2019,11,bifarius,Pyrrocoma.crocea,1,1,1
RH,2019,11,californicus,Delphinium.barbeyi,3,1,3
RH,2019,11,flavifrons,Aconitum.columbianum,1,1,1
RH,2019,11,flavifrons,Agastache.urticifolia,7,1,7
RH,2019,11,flavifrons,Delphinium.barbeyi,1,1,1
RH,2019,11,flavifrons,Erigeron.elatior,1,1,1
RH,2019,11,flavifrons,Helianthella.quinquenervis,1,1,1
RH,2019,11,rufocinctus,Agastache.urticifolia,1,1,1
RH,2019,11,rufocinctus,Campanula.rotundifolia,1,1,1
RH,2019,11,rufocinctus,Heliomeris.multiflora,1,1,1
RH,2019,11,rufocinctus,Pyrrocoma.crocea,1,1,1
RH,2019,12,appositus,Agastache.urticifolia,5,1,5
RH,2019,12,appositus,Delphinium.barbeyi,1,1,1
RH,2019,12,bifarius,Dugaldia.hoopesii,2,1,2
RH,2019,12,bifarius,Ericameria.parryi,1,1,1
RH,2019,12,bifarius,Erigeron.elatior,1,1,1
RH,2019,12,bifarius,Erigeron.speciosus,19,1,19
RH,2019,12,bifarius,Heliomeris.multiflora,5,1,5
RH,2019,12,bifarius,Ligularia.bigelovii,1,1,1
RH,2019,12,bifarius,Pyrrocoma.crocea,1,1,1
RH,2019,12,bifarius,Senecio.serra,2,1,2
RH,2019,12,californicus,Agastache.urticifolia,1,1,1
RH,2019,12,flavifrons,Agastache.urticifolia,17,1,17
RH,2019,12,flavifrons,Ericameria.parryi,1,1,1
RH,2019,12,flavifrons,Erigeron.speciosus,2,1,2
RH,2019,12,flavifrons,Helianthella.quinquenervis,2,1,2
RH,2019,12,flavifrons,Senecio.serra,2,1,2
RH,2019,12,insularis,Erigeron.speciosus,1,1,1
RH,2019,12,insularis,Eucephalus.engelmannii,1,1,1
RH,2019,12,insularis,Heterotheca.villosa,1,1,1
RH,2019,12,nevadensis,Agastache.urticifolia,1,1,1
RH,2019,12,rufocinctus,Agastache.urticifolia,1,1,1
RH,2019,12,rufocinctus,Erigeron.speciosus,16,1,16
RH,2019,12,rufocinctus,Heliomeris.multiflora,1,1,1
RH,2019,13,appositus,Agastache.urticifolia,1,1,1
RH,2019,13,appositus,Cirsium.parryi,2,1,2
RH,2019,13,appositus,Delphinium.barbeyi,1,1,1
RH,2019,13,appositus,Ericameria.parryi,3,1,3
RH,2019,13,bifarius,Ericameria.parryi,5,1,5
RH,2019,13,bifarius,Erigeron.speciosus,3,1,3
RH,2019,13,bifarius,Heliomeris.multiflora,3,1,3
RH,2019,13,bifarius,Heterotheca.villosa,2,1,2
RH,2019,13,flavifrons,Agastache.urticifolia,3,1,3
RH,2019,13,flavifrons,Ericameria.parryi,6,1,6
RH,2019,13,flavifrons,Heliomeris.multiflora,2,1,2
RH,2019,13,flavifrons,Senecio.serra,1,1,1
RH,2019,13,insularis,Ericameria.parryi,6,1,6
RH,2019,13,insularis,Erigeron.elatior,1,1,1
RH,2019,13,insularis,Heliomeris.multiflora,2,1,2
RH,2019,13,insularis,Senecio.serra,1,1,1
RH,2019,13,rufocinctus,Erigeron.speciosus,1,1,1
RH,2019,14,appositus,Delphinium.barbeyi,1,1,1
RH,2019,14,appositus,Ericameria.parryi,21,1,21
RH,2019,14,bifarius,Ericameria.parryi,10,1,10
RH,2019,14,bifarius,Heliomeris.multiflora,6,1,6
RH,2019,14,flavifrons,Ericameria.parryi,6,1,6
RH,2019,14,flavifrons,Heliomeris.multiflora,1,1,1
RH,2019,14,insularis,Ericameria.parryi,16,1,16
RH,2019,14,insularis,Erigeron.speciosus,1,1,1
RH,2019,14,insularis,Heliomeris.multiflora,2,1,2
RH,2019,14,rufocinctus,Ericameria.parryi,1,1,1
RH,2019,14,rufocinctus,Heliomeris.multiflora,3,1,3
RH,2019,15,appositus,Ericameria.parryi,5,1,5
RH,2019,15,bifarius,Ericameria.parryi,18,1,18
RH,2019,15,flavifrons,Ericameria.parryi,12,1,12
RH,2019,15,insularis,Ericameria.parryi,69,1,69
RH,2019,15,rufocinctus,Ericameria.parryi,2,1,2
RH,2019,16,bifarius,Ericameria.parryi,2,1,2
RH,2019,16,insularis,Ericameria.parryi,10,1,10
RH,2019,16,rufocinctus,Ericameria.parryi,1,1,1
RH,2020,3,bifarius,Mertensia.fusiformis,1,1,1
RH,2020,4,californicus,Delphinium.nuttallianum,1,1,1
RH,2020,4,flavifrons,Delphinium.nuttallianum,1,1,1
RH,2020,5,bifarius,Senecio.integerrimus,2,1,2
RH,2020,5,californicus,Delphinium.nuttallianum,1,1,1
RH,2020,5,flavifrons,Delphinium.nuttallianum,2,1,2
RH,2020,5,rufocinctus,Senecio.integerrimus,1,1,1
RH,2020,6,bifarius,Hydrophyllum.fendleri,1,1,1
RH,2020,6,bifarius,Lupinus.bakeri,2,1,2
RH,2020,6,californicus,Delphinium.nuttallianum,3,1,3
RH,2020,6,flavifrons,Frasera.speciosa,2,1,2
RH,2020,6,flavifrons,Hydrophyllum.fendleri,1,1,1
RH,2020,6,insularis,Frasera.speciosa,1,1,1
RH,2020,7,appositus,Aconitum.columbianum,2,1,2
RH,2020,7,bifarius,Frasera.speciosa,2,1,2
RH,2020,7,bifarius,Wyethia.arizonica,1,1,1
RH,2020,7,californicus,Aconitum.columbianum,2,1,2
RH,2020,7,insularis,Hydrophyllum.fendleri,1,1,1
RH,2020,7,nevadensis,Lupinus.bakeri,1,1,1
RH,2020,7,rufocinctus,Frasera.speciosa,2,1,2
RH,2020,8,appositus,Aconitum.columbianum,3,1,3
RH,2020,8,appositus,Delphinium.barbeyi,1,1,1
RH,2020,8,bifarius,Eremogone.congesta,3,1,3
RH,2020,8,bifarius,Frasera.speciosa,2,1,2
RH,2020,8,bifarius,Symphoricarpos.rotundifolius,1,1,1
RH,2020,8,californicus,Aconitum.columbianum,1,1,1
RH,2020,8,flavifrons,Aconitum.columbianum,2,1,2
RH,2020,8,insularis,Frasera.speciosa,1,1,1
RH,2020,8,insularis,Symphoricarpos.rotundifolius,1,1,1
RH,2020,9,appositus,Delphinium.barbeyi,1,1,1
RH,2020,9,bifarius,Eremogone.congesta,4,1,4
RH,2020,9,bifarius,Frasera.speciosa,1,1,1
RH,2020,9,bifarius,Helianthella.quinquenervis,1,1,1
RH,2020,9,californicus,Aconitum.columbianum,1,1,1
RH,2020,9,californicus,Delphinium.barbeyi,1,1,1
RH,2020,9,californicus,Vicia.americana,1,1,1
RH,2020,9,flavifrons,Aconitum.columbianum,1,1,1
RH,2020,9,flavifrons,Delphinium.barbeyi,1,1,1
RH,2020,9,insularis,Frasera.speciosa,1,1,1
RH,2020,10,appositus,Delphinium.barbeyi,1,1,1
RH,2020,10,bifarius,Eremogone.congesta,1,1,1
RH,2020,10,bifarius,Erigeron.elatior,1,1,1
RH,2020,10,californicus,Vicia.americana,1,1,1
RH,2020,10,flavifrons,Aconitum.columbianum,1,1,1
RH,2020,10,occidentalis,Eucephalus.engelmannii,1,1,1
RH,2020,11,bifarius,Agastache.urticifolia,1,1,1
RH,2020,11,californicus,Delphinium.barbeyi,1,1,1
RH,2020,12,bifarius,Agastache.urticifolia,1,1,1
RH,2020,12,bifarius,Erigeron.elatior,1,1,1
RH,2020,13,bifarius,Ericameria.parryi,2,1,2
RH,2020,13,californicus,Heliomeris.multiflora,1,1,1
RH,2020,13,insularis,Agastache.urticifolia,1,1,1
RH,2020,13,insularis,Heliomeris.multiflora,1,1,1
RH,2020,13,occidentalis,Agastache.urticifolia,1,1,1
RH,2020,13,occidentalis,Ericameria.parryi,1,1,1
RH,2020,14,bifarius,Ericameria.parryi,1,1,1
RH,2020,14,bifarius,Heliomeris.multiflora,1,1,1
RH,2020,14,insularis,Agastache.urticifolia,1,1,1
RH,2020,14,insularis,Ericameria.parryi,22,1,22
RH,2020,14,insularis,Erigeron.speciosus,1,1,1
RH,2020,14,occidentalis,Ericameria.parryi,1,1,1
RH,2020,14,rufocinctus,Ericameria.parryi,1,1,1
RH,2020,15,insularis,Agastache.urticifolia,1,1,1
RH,2020,16,bifarius,Ericameria.parryi,1,1,1
RH,2020,16,insularis,Agastache.urticifolia,1,1,1
RH,2020,16,insularis,Ericameria.parryi,18,1,18
RH,2020,17,bifarius,Ericameria.parryi,1,1,1
RH,2020,17,insularis,Ericameria.parryi,3,1,3
RH,2021,4,bifarius,Mertensia.fusiformis,1,1,1
RH,2021,5,bifarius,Mertensia.fusiformis,3,1,3
RH,2021,5,flavifrons,Mertensia.fusiformis,1,1,1
RH,2021,5,occidentalis,Mertensia.fusiformis,1,1,1
RH,2021,6,bifarius,Senecio.integerrimus,1,1,1
RH,2021,6,flavifrons,Mertensia.fusiformis,1,1,1
RH,2021,7,appositus,Delphinium.nuttallianum,3,1,3
RH,2021,7,californicus,Delphinium.nuttallianum,1,1,1
RH,2021,7,flavifrons,Delphinium.nuttallianum,2,1,2
RH,2021,7,flavifrons,Hydrophyllum.fendleri,1,1,1
RH,2021,8,appositus,Delphinium.nuttallianum,1,1,1
RH,2021,8,appositus,Lathyrus.leucanthus,1,1,1
RH,2021,8,californicus,Lathyrus.leucanthus,1,1,1
RH,2021,8,flavifrons,Lupinus.bakeri,1,1,1
RH,2021,8,nevadensis,Lupinus.bakeri,1,1,1
RH,2021,8,rufocinctus,Hydrophyllum.fendleri,1,1,1
RH,2021,8,rufocinctus,Lupinus.bakeri,1,1,1
RH,2021,9,appositus,Lathyrus.leucanthus,1,1,1
RH,2021,9,appositus,Vicia.americana,2,1,2
RH,2021,9,bifarius,Lupinus.bakeri,1,1,1
RH,2021,9,bifarius,Wyethia.arizonica,2,1,2
RH,2021,9,californicus,Lathyrus.leucanthus,2,1,2
RH,2021,9,californicus,Vicia.americana,2,1,2
RH,2021,9,californicus,Wyethia.arizonica,1,1,1
RH,2021,9,flavifrons,Hydrophyllum.fendleri,1,1,1
RH,2021,9,occidentalis,Helianthella.quinquenervis,1,1,1
RH,2021,9,occidentalis,Lathyrus.leucanthus,1,1,1
RH,2021,9,rufocinctus,Hydrophyllum.fendleri,1,1,1
RH,2021,9,rufocinctus,Wyethia.arizonica,3,1,3
RH,2021,10,appositus,Aconitum.columbianum,2,1,2
RH,2021,10,appositus,Delphinium.barbeyi,2,1,2
RH,2021,10,appositus,Vicia.americana,2,1,2
RH,2021,10,bifarius,Eremogone.congesta,3,1,3
RH,2021,10,bifarius,Helianthella.quinquenervis,2,1,2
RH,2021,10,californicus,Delphinium.barbeyi,1,1,1
RH,2021,10,californicus,Wyethia.arizonica,1,1,1
RH,2021,10,flavifrons,Aconitum.columbianum,3,1,3
RH,2021,10,flavifrons,Delphinium.barbeyi,1,1,1
RH,2021,10,flavifrons,Hydrophyllum.fendleri,1,1,1
RH,2021,10,flavifrons,Lupinus.bakeri,1,1,1
RH,2021,10,flavifrons,Symphoricarpos.rotundifolius,2,1,2
RH,2021,10,flavifrons,Vicia.americana,1,1,1
RH,2021,10,rufocinctus,Eremogone.congesta,2,1,2
RH,2021,10,rufocinctus,Helianthella.quinquenervis,3,1,3
RH,2021,11,appositus,Delphinium.barbeyi,3,1,3
RH,2021,11,appositus,Lupinus.bakeri,1,1,1
RH,2021,11,bifarius,Wyethia.arizonica,1,1,1
RH,2021,11,californicus,Castilleja.sulphurea,1,1,1
RH,2021,11,californicus,Delphinium.barbeyi,1,1,1
RH,2021,11,californicus,Vicia.americana,1,1,1
RH,2021,11,flavifrons,Aconitum.columbianum,2,1,2
RH,2021,11,flavifrons,Delphinium.barbeyi,3,1,3
RH,2021,11,flavifrons,Vicia.americana,1,1,1
RH,2021,11,rufocinctus,Helianthella.quinquenervis,7,1,7
RH,2021,12,appositus,Agastache.urticifolia,3,1,3
RH,2021,12,appositus,Delphinium.barbeyi,8,1,8
RH,2021,12,bifarius,Erigeron.elatior,1,1,1
RH,2021,12,bifarius,Erigeron.speciosus,1,1,1
RH,2021,12,bifarius,Helianthella.quinquenervis,2,1,2
RH,2021,12,bifarius,Symphyotrichum.spathulatum,1,1,1
RH,2021,12,californicus,Delphinium.barbeyi,3,1,3
RH,2021,12,flavifrons,Aconitum.columbianum,3,1,3
RH,2021,12,flavifrons,Agastache.urticifolia,1,1,1
RH,2021,12,flavifrons,Delphinium.barbeyi,15,1,15
RH,2021,12,nevadensis,Agastache.urticifolia,1,1,1
RH,2021,12,nevadensis,Delphinium.barbeyi,1,1,1
RH,2021,12,rufocinctus,Agastache.urticifolia,3,1,3
RH,2021,12,rufocinctus,Calochortus.gunnisonii,1,1,1
RH,2021,12,rufocinctus,Erigeron.speciosus,17,1,17
RH,2021,12,rufocinctus,Helianthella.quinquenervis,12,1,12
RH,2021,12,rufocinctus,Ligusticum.porteri,1,1,1
RH,2021,12,rufocinctus,Pentaphylloides.floribunda,1,1,1
RH,2021,12,rufocinctus,Potentilla.pulcherrima,1,1,1
RH,2021,13,appositus,Agastache.urticifolia,5,1,5
RH,2021,13,appositus,Delphinium.barbeyi,2,1,2
RH,2021,13,bifarius,Agastache.urticifolia,1,1,1
RH,2021,13,bifarius,Erigeron.speciosus,22,1,22
RH,2021,13,bifarius,Helianthella.quinquenervis,1,1,1
RH,2021,13,bifarius,Heterotheca.villosa,1,1,1
RH,2021,13,bifarius,Pyrrocoma.crocea,1,1,1
RH,2021,13,californicus,Agastache.urticifolia,3,1,3
RH,2021,13,californicus,Delphinium.barbeyi,6,1,6
RH,2021,13,flavifrons,Aconitum.columbianum,1,1,1
RH,2021,13,flavifrons,Agastache.urticifolia,14,1,14
RH,2021,13,flavifrons,Cirsium.parryi,2,1,2
RH,2021,13,flavifrons,Delphinium.barbeyi,6,1,6
RH,2021,13,flavifrons,Erigeron.speciosus,1,1,1
RH,2021,13,insularis,Pyrrocoma.crocea,1,1,1
RH,2021,13,nevadensis,Agastache.urticifolia,2,1,2
RH,2021,13,nevadensis,Erigeron.speciosus,1,1,1
RH,2021,13,rufocinctus,Agastache.urticifolia,2,1,2
RH,2021,13,rufocinctus,Erigeron.elatior,2,1,2
RH,2021,13,rufocinctus,Erigeron.speciosus,54,1,54
RH,2021,13,rufocinctus,Galium.septentrionale,1,1,1
RH,2021,13,rufocinctus,Helianthella.quinquenervis,4,1,4
RH,2021,13,rufocinctus,Pentaphylloides.floribunda,2,1,2
RH,2021,14,appositus,Agastache.urticifolia,25,1,25
RH,2021,14,appositus,Delphinium.barbeyi,3,1,3
RH,2021,14,bifarius,Agastache.urticifolia,2,1,2
RH,2021,14,bifarius,Erigeron.elatior,1,1,1
RH,2021,14,bifarius,Erigeron.speciosus,31,1,31
RH,2021,14,bifarius,Eucephalus.engelmannii,1,1,1
RH,2021,14,bifarius,Heliomeris.multiflora,3,1,3
RH,2021,14,bifarius,Ligularia.bigelovii,2,1,2
RH,2021,14,bifarius,Pentaphylloides.floribunda,1,1,1
RH,2021,14,bifarius,Senecio.serra,1,1,1
RH,2021,14,californicus,Agastache.urticifolia,13,1,13
RH,2021,14,californicus,Cirsium.parryi,1,1,1
RH,2021,14,californicus,Delphinium.barbeyi,1,1,1
RH,2021,14,flavifrons,Agastache.urticifolia,24,1,24
RH,2021,14,flavifrons,Ericameria.parryi,1,1,1
RH,2021,14,flavifrons,Erigeron.elatior,1,1,1
RH,2021,14,flavifrons,Erigeron.speciosus,3,1,3
RH,2021,14,flavifrons,Eucephalus.engelmannii,1,1,1
RH,2021,14,flavifrons,Senecio.serra,2,1,2
RH,2021,14,flavifrons,Vicia.americana,1,1,1
RH,2021,14,insularis,Heliomeris.multiflora,2,1,2
RH,2021,14,insularis,Pyrrocoma.crocea,1,1,1
RH,2021,14,nevadensis,Agastache.urticifolia,1,1,1
RH,2021,14,rufocinctus,Eremogone.congesta,1,1,1
RH,2021,14,rufocinctus,Erigeron.elatior,3,1,3
RH,2021,14,rufocinctus,Erigeron.speciosus,127,1,127
RH,2021,14,rufocinctus,Heliomeris.multiflora,5,1,5
RH,2021,14,rufocinctus,Heterotheca.villosa,1,1,1
RH,2021,14,rufocinctus,Ligularia.bigelovii,5,1,5
RH,2021,14,rufocinctus,Pentaphylloides.floribunda,1,1,1
RH,2021,14,rufocinctus,Senecio.serra,1,1,1
RH,2021,15,appositus,Agastache.urticifolia,22,1,22
RH,2021,15,appositus,Cirsium.parryi,2,1,2
RH,2021,15,appositus,Vicia.americana,1,1,1
RH,2021,15,bifarius,Eremogone.congesta,1,1,1
RH,2021,15,bifarius,Ericameria.parryi,5,1,5
RH,2021,15,bifarius,Erigeron.speciosus,10,1,10
RH,2021,15,bifarius,Eriogonum.lonchophyllum,5,1,5
RH,2021,15,bifarius,Eucephalus.engelmannii,1,1,1
RH,2021,15,bifarius,Heliomeris.multiflora,4,1,4
RH,2021,15,bifarius,Heterotheca.villosa,2,1,2
RH,2021,15,bifarius,Ligularia.bigelovii,1,1,1
RH,2021,15,bifarius,Senecio.serra,1,1,1
RH,2021,15,bifarius,Symphyotrichum.spathulatum,1,1,1
RH,2021,15,californicus,Agastache.urticifolia,6,1,6
RH,2021,15,californicus,Cirsium.parryi,1,1,1
RH,2021,15,flavifrons,Agastache.urticifolia,30,1,30
RH,2021,15,flavifrons,Cirsium.parryi,1,1,1
RH,2021,15,flavifrons,Ericameria.parryi,1,1,1
RH,2021,15,flavifrons,Erigeron.speciosus,1,1,1
RH,2021,15,flavifrons,Heliomeris.multiflora,1,1,1
RH,2021,15,flavifrons,Ligularia.bigelovii,1,1,1
RH,2021,15,insularis,Ericameria.parryi,1,1,1
RH,2021,15,insularis,Ligularia.bigelovii,1,1,1
RH,2021,15,insularis,Senecio.serra,4,1,4
RH,2021,15,nevadensis,Ericameria.parryi,3,1,3
RH,2021,15,occidentalis,Ericameria.parryi,1,1,1
RH,2021,15,occidentalis,Eriogonum.lonchophyllum,1,1,1
RH,2021,15,rufocinctus,Achillea.millefolium,1,1,1
RH,2021,15,rufocinctus,Agastache.urticifolia,1,1,1
RH,2021,15,rufocinctus,Ericameria.parryi,5,1,5
RH,2021,15,rufocinctus,Erigeron.elatior,1,1,1
RH,2021,15,rufocinctus,Erigeron.speciosus,31,1,31
RH,2021,15,rufocinctus,Heliomeris.multiflora,42,1,42
RH,2021,15,rufocinctus,Ligularia.bigelovii,1,1,1
RH,2021,15,rufocinctus,Senecio.serra,1,1,1
RH,2021,15,rufocinctus,Symphyotrichum.spathulatum,1,1,1
RH,2021,16,appositus,Agastache.urticifolia,5,1,5
RH,2021,16,appositus,Cirsium.parryi,2,1,2
RH,2021,16,appositus,Ericameria.parryi,14,1,14
RH,2021,16,bifarius,Ericameria.parryi,6,1,6
RH,2021,16,bifarius,Heliomeris.multiflora,3,1,3
RH,2021,16,bifarius,Pentaphylloides.floribunda,1,1,1
RH,2021,16,californicus,Ericameria.parryi,6,1,6
RH,2021,16,flavifrons,Agastache.urticifolia,5,1,5
RH,2021,16,flavifrons,Ericameria.parryi,10,1,10
RH,2021,16,flavifrons,Eucephalus.engelmannii,1,1,1
RH,2021,16,flavifrons,Heliomeris.multiflora,1,1,1
RH,2021,16,flavifrons,Ligularia.bigelovii,1,1,1
RH,2021,16,insularis,Ericameria.parryi,23,1,23
RH,2021,16,insularis,Heliomeris.multiflora,2,1,2
RH,2021,16,insularis,Senecio.serra,1,1,1
RH,2021,16,occidentalis,Ericameria.parryi,2,1,2
RH,2021,16,rufocinctus,Ericameria.parryi,17,1,17
RH,2021,16,rufocinctus,Erigeron.speciosus,1,1,1
RH,2021,16,rufocinctus,Heliomeris.multiflora,22,1,22
RH,2021,16,rufocinctus,Heterotheca.villosa,1,1,1
RH,2021,16,rufocinctus,Pentaphylloides.floribunda,1,1,1
RH,2021,17,appositus,Agastache.urticifolia,2,1,2
RH,2021,17,appositus,Aster.foliaceus,1,1,1
RH,2021,17,appositus,Ericameria.parryi,16,1,16
RH,2021,17,bifarius,Aster.foliaceus,2,1,2
RH,2021,17,bifarius,Ericameria.parryi,16,1,16
RH,2021,17,bifarius,Heliomeris.multiflora,8,1,8
RH,2021,17,bifarius,Solidago.missouriensis,1,1,1
RH,2021,17,californicus,Ericameria.parryi,10,1,10
RH,2021,17,flavifrons,Agastache.urticifolia,1,1,1
RH,2021,17,flavifrons,Ericameria.parryi,8,1,8
RH,2021,17,flavifrons,Heliomeris.multiflora,3,1,3
RH,2021,17,insularis,Ericameria.parryi,46,1,46
RH,2021,17,insularis,Heliomeris.multiflora,17,1,17
RH,2021,17,insularis,Heterotheca.villosa,2,1,2
RH,2021,17,rufocinctus,Aster.foliaceus,1,1,1
RH,2021,17,rufocinctus,Ericameria.parryi,13,1,13
RH,2021,17,rufocinctus,Heliomeris.multiflora,10,1,10
RH,2021,18,appositus,Agastache.urticifolia,1,1,1
RH,2021,18,appositus,Ericameria.parryi,4,1,4
RH,2021,18,bifarius,Aster.foliaceus,2,1,2
RH,2021,18,bifarius,Ericameria.parryi,12,1,12
RH,2021,18,bifarius,Heliomeris.multiflora,4,1,4
RH,2021,18,californicus,Ericameria.parryi,7,1,7
RH,2021,18,flavifrons,Ericameria.parryi,5,1,5
RH,2021,18,insularis,Ericameria.parryi,59,1,59
RH,2021,18,insularis,Heliomeris.multiflora,1,1,1
RH,2021,18,insularis,Heterotheca.villosa,2,1,2
RH,2021,18,rufocinctus,Ericameria.parryi,15,1,15
RH,2021,18,rufocinctus,Heliomeris.multiflora,13,1,13
RH,2021,19,appositus,Ericameria.parryi,1,1,1
RH,2021,19,bifarius,Ericameria.parryi,2,1,2
RH,2021,19,californicus,Ericameria.parryi,2,1,2
RH,2021,19,insularis,Ericameria.parryi,20,1,20
RH,2021,19,rufocinctus,Ericameria.parryi,1,1,1
RH,2022,2,bifarius,Mertensia.fusiformis,3,1,3
RH,2022,3,bifarius,Mertensia.fusiformis,5,1,5
RH,2022,3,californicus,Mertensia.fusiformis,1,1,1
RH,2022,4,bifarius,Mertensia.fusiformis,4,1,4
RH,2022,4,californicus,Delphinium.nuttallianum,1,1,1
RH,2022,4,flavifrons,Delphinium.nuttallianum,1,1,1
RH,2022,5,appositus,Delphinium.nuttallianum,1,1,1
RH,2022,5,flavifrons,Delphinium.nuttallianum,2,1,2
RH,2022,6,appositus,Delphinium.nuttallianum,3,1,3
RH,2022,6,californicus,Delphinium.nuttallianum,1,1,1
RH,2022,6,flavifrons,Delphinium.nuttallianum,1,1,1
RH,2022,6,flavifrons,Lupinus.bakeri,2,1,2
RH,2022,6,rufocinctus,Hydrophyllum.fendleri,1,1,1
RH,2022,6,rufocinctus,Lupinus.bakeri,2,1,2
RH,2022,7,bifarius,Hydrophyllum.fendleri,6,1,6
RH,2022,7,bifarius,Lupinus.bakeri,1,1,1
RH,2022,7,bifarius,Wyethia.arizonica,3,1,3
RH,2022,7,californicus,Delphinium.nuttallianum,1,1,1
RH,2022,7,flavifrons,Hydrophyllum.fendleri,1,1,1
RH,2022,7,flavifrons,Lupinus.bakeri,1,1,1
RH,2022,7,occidentalis,Lupinus.bakeri,1,1,1
RH,2022,7,rufocinctus,Hydrophyllum.fendleri,1,1,1
RH,2022,8,bifarius,Wyethia.arizonica,2,1,2
RH,2022,8,flavifrons,Aconitum.columbianum,1,1,1
RH,2022,8,flavifrons,Vicia.americana,2,1,2
RH,2022,8,insularis,Wyethia.arizonica,1,1,1
RH,2022,8,rufocinctus,Symphoricarpos.rotundifolius,1,1,1
RH,2022,9,appositus,Aconitum.columbianum,2,1,2
RH,2022,9,appositus,Symphoricarpos.rotundifolius,1,1,1
RH,2022,9,appositus,Vicia.americana,3,1,3
RH,2022,9,bifarius,Eremogone.congesta,20,1,20
RH,2022,9,bifarius,Eriogonum.umbellatum,2,1,2
RH,2022,9,bifarius,Helianthella.quinquenervis,8,1,8
RH,2022,9,bifarius,Wyethia.arizonica,1,1,1
RH,2022,9,californicus,Delphinium.barbeyi,2,1,2
RH,2022,9,californicus,Dugaldia.hoopesii,1,1,1
RH,2022,9,californicus,Vicia.americana,1,1,1
RH,2022,9,flavifrons,Aconitum.columbianum,5,1,5
RH,2022,9,flavifrons,Helianthella.quinquenervis,1,1,1
RH,2022,9,flavifrons,Hydrophyllum.fendleri,1,1,1
RH,2022,9,flavifrons,Symphoricarpos.rotundifolius,1,1,1
RH,2022,9,flavifrons,Vicia.americana,3,1,3
RH,2022,9,insularis,Dugaldia.hoopesii,1,1,1
RH,2022,9,insularis,Helianthella.quinquenervis,3,1,3
RH,2022,9,nevadensis,Lupinus.bakeri,1,1,1
RH,2022,9,occidentalis,Ligusticum.porteri,1,1,1
RH,2022,9,rufocinctus,Eremogone.congesta,2,1,2
RH,2022,9,rufocinctus,Eriogonum.umbellatum,1,1,1
RH,2022,9,rufocinctus,Helianthella.quinquenervis,5,1,5
RH,2022,9,rufocinctus,Symphoricarpos.rotundifolius,1,1,1
RH,2022,10,appositus,Aconitum.columbianum,2,1,2
RH,2022,10,appositus,Delphinium.barbeyi,2,1,2
RH,2022,10,appositus,Vicia.americana,2,1,2
RH,2022,10,bifarius,Eremogone.congesta,2,1,2
RH,2022,10,bifarius,Helianthella.quinquenervis,10,1,10
RH,2022,10,bifarius,Wyethia.arizonica,1,1,1
RH,2022,10,californicus,Vicia.americana,1,1,1
RH,2022,10,flavifrons,Aconitum.columbianum,5,1,5
RH,2022,10,flavifrons,Symphoricarpos.rotundifolius,1,1,1
RH,2022,10,flavifrons,Vicia.americana,1,1,1
RH,2022,10,insularis,Wyethia.arizonica,1,1,1
RH,2022,11,appositus,Agastache.urticifolia,1,1,1
RH,2022,11,appositus,Delphinium.barbeyi,2,1,2
RH,2022,11,bifarius,Agastache.urticifolia,2,1,2
RH,2022,11,bifarius,Helianthella.quinquenervis,5,1,5
RH,2022,11,flavifrons,Aconitum.columbianum,2,1,2
RH,2022,11,flavifrons,Agastache.urticifolia,3,1,3
RH,2022,11,rufocinctus,Calochortus.gunnisonii,1,1,1
RH,2022,11,rufocinctus,Erigeron.elatior,1,1,1
RH,2022,11,rufocinctus,Erigeron.speciosus,1,1,1
RH,2022,11,rufocinctus,Helianthella.quinquenervis,1,1,1
RH,2022,12,appositus,Agastache.urticifolia,6,1,6
RH,2022,12,bifarius,Heliomeris.multiflora,1,1,1
RH,2022,12,bifarius,Pentaphylloides.floribunda,1,1,1
RH,2022,12,californicus,Agastache.urticifolia,1,1,1
RH,2022,12,flavifrons,Agastache.urticifolia,2,1,2
RH,2022,12,rufocinctus,Agastache.urticifolia,1,1,1
RH,2022,12,rufocinctus,Erigeron.elatior,1,1,1
RH,2022,12,rufocinctus,Heliomeris.multiflora,6,1,6
RH,2022,12,rufocinctus,Ligularia.bigelovii,3,1,3
RH,2022,12,rufocinctus,Pentaphylloides.floribunda,1,1,1
RH,2022,13,appositus,Agastache.urticifolia,7,1,7
RH,2022,13,bifarius,Heliomeris.multiflora,4,1,4
RH,2022,13,californicus,Delphinium.barbeyi,1,1,1
RH,2022,13,flavifrons,Agastache.urticifolia,2,1,2
RH,2022,13,flavifrons,Cirsium.eatonii,1,1,1
RH,2022,13,mixtus,Ligularia.bigelovii,1,1,1
RH,2022,13,rufocinctus,Agastache.urticifolia,1,1,1
RH,2022,13,rufocinctus,Erigeron.speciosus,2,1,2
RH,2022,13,rufocinctus,Heliomeris.multiflora,7,1,7
RH,2022,14,appositus,Agastache.urticifolia,9,1,9
RH,2022,14,bifarius,Erigeron.speciosus,1,1,1
RH,2022,14,bifarius,Heliomeris.multiflora,4,1,4
RH,2022,14,californicus,Agastache.urticifolia,1,1,1
RH,2022,14,flavifrons,Agastache.urticifolia,3,1,3
RH,2022,14,insularis,Agastache.urticifolia,1,1,1
RH,2022,14,insularis,Heliomeris.multiflora,3,1,3
RH,2022,14,occidentalis,Heliomeris.multiflora,1,1,1
RH,2022,14,rufocinctus,Heliomeris.multiflora,7,1,7
RH,2022,15,appositus,Agastache.urticifolia,6,1,6
RH,2022,15,appositus,Cirsium.eatonii,2,1,2
RH,2022,15,bifarius,Agoseris.glauca,1,1,1
RH,2022,15,bifarius,Ericameria.parryi,1,1,1
RH,2022,15,bifarius,Heliomeris.multiflora,21,1,21
RH,2022,15,flavifrons,Agastache.urticifolia,2,1,2
RH,2022,15,flavifrons,Heliomeris.multiflora,1,1,1
RH,2022,15,insularis,Heliomeris.multiflora,45,1,45
RH,2022,15,rufocinctus,Heliomeris.multiflora,16,1,16
RH,2022,16,appositus,Agastache.urticifolia,1,1,1
RH,2022,16,appositus,Cirsium.eatonii,1,1,1
RH,2022,16,bifarius,Heliomeris.multiflora,2,1,2
RH,2022,16,insularis,Heliomeris.multiflora,13,1,13
RH,2022,17,bifarius,Heliomeris.multiflora,3,1,3
RH,2022,17,bifarius,Heterotheca.villosa,1,1,1
RH,2022,17,flavifrons,Heliomeris.multiflora,1,1,1
RH,2022,17,insularis,Ericameria.parryi,6,1,6
RH,2022,17,insularis,Heliomeris.multiflora,11,1,11
RH,2022,17,insularis,Heterotheca.villosa,2,1,2
RH,2022,18,bifarius,Ericameria.parryi,3,1,3
RH,2022,18,insularis,Ericameria.parryi,11,1,11
RH,2022,19,bifarius,Ericameria.parryi,2,1,2
RH,2022,19,insularis,Ericameria.parryi,2,1,2
RH,2023,2,bifarius,Claytonia.lanceolata,1,1,1
RH,2023,2,bifarius,Mertensia.fusiformis,1,1,1
RH,2023,2,californicus,Mertensia.fusiformis,1,1,1
RH,2023,3,bifarius,Mertensia.fusiformis,2,1,2
RH,2023,3,flavifrons,Mertensia.fusiformis,4,1,4
RH,2023,3,insularis,Mertensia.fusiformis,1,1,1
RH,2023,3,rufocinctus,Mertensia.fusiformis,5,1,5
RH,2023,4,appositus,Delphinium.nuttallianum,1,1,1
RH,2023,4,bifarius,Mertensia.fusiformis,2,1,2
RH,2023,4,californicus,Mertensia.fusiformis,1,1,1
RH,2023,4,flavifrons,Mertensia.fusiformis,2,1,2
RH,2023,4,insularis,Mertensia.fusiformis,1,1,1
RH,2023,4,rufocinctus,Mertensia.fusiformis,1,1,1
RH,2023,5,californicus,Delphinium.nuttallianum,1,2,0.5
RH,2023,5,rufocinctus,Hydrophyllum.fendleri,1,2,0.5
RH,2023,6,appositus,Delphinium.nuttallianum,2,2,1
RH,2023,6,bifarius,Lupinus.bakeri,2,2,1
RH,2023,6,flavifrons,Hydrophyllum.fendleri,2,2,1
RH,2023,6,insularis,Hydrophyllum.fendleri,1,2,0.5
RH,2023,6,rufocinctus,Hydrophyllum.fendleri,4,2,2
RH,2023,6,rufocinctus,Lupinus.bakeri,5,2,2.5
RH,2023,7,appositus,Aconitum.columbianum,3,1,3
RH,2023,7,appositus,Vicia.americana,1,1,1
RH,2023,7,bifarius,Wyethia.arizonica,1,1,1
RH,2023,7,californicus,Wyethia.arizonica,1,1,1
RH,2023,7,flavifrons,Aconitum.columbianum,1,1,1
RH,2023,7,rufocinctus,Wyethia.arizonica,3,1,3
RH,2023,8,appositus,Aconitum.columbianum,12,1,12
RH,2023,8,appositus,Delphinium.barbeyi,1,1,1
RH,2023,8,bifarius,Helianthella.quinquenervis,2,1,2
RH,2023,8,californicus,Aconitum.columbianum,1,1,1
RH,2023,8,flavifrons,Aconitum.columbianum,5,1,5
RH,2023,8,flavifrons,Helianthella.quinquenervis,1,1,1
RH,2023,8,rufocinctus,Helianthella.quinquenervis,3,1,3
RH,2023,8,rufocinctus,Lupinus.bakeri,1,1,1
RH,2023,9,appositus,Aconitum.columbianum,5,1,5
RH,2023,9,appositus,Delphinium.barbeyi,7,1,7
RH,2023,9,appositus,Pedicularis.procera,2,1,2
RH,2023,9,appositus,Vicia.americana,1,1,1
RH,2023,9,bifarius,Helianthella.quinquenervis,6,1,6
RH,2023,9,bifarius,Wyethia.arizonica,1,1,1
RH,2023,9,californicus,Aconitum.columbianum,1,1,1
RH,2023,9,flavifrons,Aconitum.columbianum,9,1,9
RH,2023,9,flavifrons,Delphinium.barbeyi,1,1,1
RH,2023,9,nevadensis,Delphinium.barbeyi,1,1,1
RH,2023,9,rufocinctus,Helianthella.quinquenervis,16,1,16
RH,2023,10,appositus,Delphinium.barbeyi,6,1,6
RH,2023,10,bifarius,Aconitum.columbianum,2,1,2
RH,2023,10,bifarius,Helianthella.quinquenervis,4,1,4
RH,2023,10,flavifrons,Aconitum.columbianum,4,1,4
RH,2023,10,flavifrons,Delphinium.barbeyi,2,1,2
RH,2023,10,flavifrons,Helianthella.quinquenervis,1,1,1
RH,2023,10,insularis,Dugaldia.hoopesii,1,1,1
RH,2023,10,insularis,Helianthella.quinquenervis,2,1,2
RH,2023,10,occidentalis,Aconitum.columbianum,1,1,1
RH,2023,10,rufocinctus,Delphinium.barbeyi,1,1,1
RH,2023,10,rufocinctus,Dugaldia.hoopesii,2,1,2
RH,2023,10,rufocinctus,Helianthella.quinquenervis,17,1,17
RH,2023,11,appositus,Delphinium.barbeyi,3,1,3
RH,2023,11,bifarius,Erigeron.elatior,1,1,1
RH,2023,11,californicus,Delphinium.barbeyi,1,1,1
RH,2023,11,insularis,Dugaldia.hoopesii,1,1,1
RH,2023,11,rufocinctus,Dugaldia.hoopesii,5,1,5
RH,2023,11,rufocinctus,Erigeron.elatior,4,1,4
RH,2023,11,rufocinctus,Erigeron.speciosus,1,1,1
RH,2023,12,rufocinctus,Erigeron.elatior,1,1,1
RH,2023,13,rufocinctus,Heliomeris.multiflora,1,1,1
RH,2023,14,appositus,Ericameria.parryi,1,1,1
RH,2023,14,bifarius,Ericameria.parryi,2,1,2
RH,2023,14,flavifrons,Ericameria.parryi,1,1,1
RH,2023,14,rufocinctus,Ericameria.parryi,4,1,4
RH,2023,15,insularis,Ericameria.parryi,1,1,1
RH,2023,15,rufocinctus,Ericameria.parryi,8,1,8
SP,2015,3,bifarius,Mertensia.fusiformis,3,1,3
SP,2015,4,bifarius,Mertensia.fusiformis,1,1,1
SP,2015,4,flavifrons,Mertensia.fusiformis,1,1,1
SP,2015,5,appositus,Delphinium.nuttallianum,3,2,1.5
SP,2015,5,bifarius,Hydrophyllum.fendleri,1,2,0.5
SP,2015,5,bifarius,Mertensia.fusiformis,1,2,0.5
SP,2015,5,bifarius,Taraxacum.officinale,1,2,0.5
SP,2015,5,flavifrons,Delphinium.nuttallianum,5,2,2.5
SP,2015,5,flavifrons,Mertensia.fusiformis,2,2,1
SP,2015,5,flavifrons,Taraxacum.officinale,1,2,0.5
SP,2015,5,rufocinctus,Mertensia.fusiformis,1,2,0.5
SP,2015,6,appositus,Delphinium.nuttallianum,17,2,8.5
SP,2015,6,appositus,Lathyrus.leucanthus,1,2,0.5
SP,2015,6,californicus,Delphinium.nuttallianum,1,2,0.5
SP,2015,6,flavifrons,Delphinium.nuttallianum,2,2,1
SP,2015,6,flavifrons,Hydrophyllum.fendleri,4,2,2
SP,2015,6,flavifrons,Mertensia.ciliata,1,2,0.5
SP,2015,6,flavifrons,Potentilla.pulcherrima,1,2,0.5
SP,2015,6,mixtus,Hydrophyllum.fendleri,3,2,1.5
SP,2015,7,appositus,Delphinium.nuttallianum,4,1,4
SP,2015,7,appositus,Hydrophyllum.fendleri,1,1,1
SP,2015,7,appositus,Lathyrus.leucanthus,1,1,1
SP,2015,7,bifarius,Hydrophyllum.fendleri,2,1,2
SP,2015,7,bifarius,Mertensia.ciliata,1,1,1
SP,2015,7,flavifrons,Hydrophyllum.fendleri,3,1,3
SP,2015,7,flavifrons,Mertensia.ciliata,1,1,1
SP,2015,7,flavifrons,Potentilla.pulcherrima,1,1,1
SP,2015,7,rufocinctus,Mertensia.ciliata,2,1,2
SP,2015,8,appositus,Delphinium.nuttallianum,1,1,1
SP,2015,8,appositus,Lathyrus.leucanthus,1,1,1
SP,2015,8,bifarius,Hydrophyllum.fendleri,1,1,1
SP,2015,8,bifarius,Vicia.americana,1,1,1
SP,2015,8,californicus,Delphinium.barbeyi,1,1,1
SP,2015,8,flavifrons,Hydrophyllum.fendleri,2,1,2
SP,2015,8,flavifrons,Mertensia.ciliata,2,1,2
SP,2015,8,mixtus,Hydrophyllum.fendleri,1,1,1
SP,2015,8,rufocinctus,Mertensia.ciliata,1,1,1
SP,2015,9,appositus,Delphinium.barbeyi,10,1,10
SP,2015,9,bifarius,Dugaldia.hoopesii,1,1,1
SP,2015,9,bifarius,Mertensia.ciliata,2,1,2
SP,2015,9,flavifrons,Delphinium.barbeyi,2,1,2
SP,2015,9,flavifrons,Dugaldia.hoopesii,1,1,1
SP,2015,9,flavifrons,Mertensia.ciliata,2,1,2
SP,2015,9,flavifrons,Vicia.americana,1,1,1
SP,2015,9,mixtus,Mertensia.ciliata,2,1,2
SP,2015,9,rufocinctus,Mertensia.ciliata,1,1,1
SP,2015,10,appositus,Delphinium.barbeyi,5,1,5
SP,2015,10,appositus,Vicia.americana,1,1,1
SP,2015,10,bifarius,Dugaldia.hoopesii,1,1,1
SP,2015,10,bifarius,Ligularia.bigelovii,1,1,1
SP,2015,10,bifarius,Pedicularis.racemosa,1,1,1
SP,2015,10,flavifrons,Cirsium.parryi,1,1,1
SP,2015,10,flavifrons,Delphinium.barbeyi,14,1,14
SP,2015,10,flavifrons,Dugaldia.hoopesii,1,1,1
SP,2015,10,flavifrons,Mertensia.ciliata,2,1,2
SP,2015,10,flavifrons,Pedicularis.racemosa,1,1,1
SP,2015,10,flavifrons,Vicia.americana,1,1,1
SP,2015,10,rufocinctus,Vicia.americana,1,1,1
SP,2015,11,appositus,Delphinium.barbeyi,1,1,1
SP,2015,11,bifarius,Mertensia.ciliata,1,1,1
SP,2015,11,bifarius,Pentaphylloides.floribunda,1,1,1
SP,2015,11,flavifrons,Delphinium.barbeyi,16,1,16
SP,2015,11,mixtus,Dugaldia.hoopesii,1,1,1
SP,2015,11,mixtus,Ligularia.bigelovii,4,1,4
SP,2015,11,rufocinctus,Dugaldia.hoopesii,1,1,1
SP,2015,12,appositus,Delphinium.barbeyi,4,1,4
SP,2015,12,appositus,Erigeron.speciosus,1,1,1
SP,2015,12,appositus,Vicia.americana,1,1,1
SP,2015,12,bifarius,Dugaldia.hoopesii,1,1,1
SP,2015,12,bifarius,Erigeron.elatior,3,1,3
SP,2015,12,bifarius,Helianthella.quinquenervis,1,1,1
SP,2015,12,bifarius,Heliomeris.multiflora,3,1,3
SP,2015,12,bifarius,Ligularia.bigelovii,2,1,2
SP,2015,12,bifarius,Pentaphylloides.floribunda,1,1,1
SP,2015,12,flavifrons,Cirsium.parryi,2,1,2
SP,2015,12,flavifrons,Delphinium.barbeyi,9,1,9
SP,2015,12,flavifrons,Erigeron.speciosus,2,1,2
SP,2015,12,flavifrons,Heliomeris.multiflora,1,1,1
SP,2015,12,flavifrons,Ligularia.bigelovii,2,1,2
SP,2015,12,flavifrons,Mertensia.ciliata,1,1,1
SP,2015,12,mixtus,Heliomeris.multiflora,2,1,2
SP,2015,12,mixtus,Ligularia.bigelovii,3,1,3
SP,2015,12,mixtus,Mertensia.ciliata,4,1,4
SP,2015,13,appositus,Cirsium.parryi,1,2,0.5
SP,2015,13,appositus,Delphinium.barbeyi,2,2,1
SP,2015,13,appositus,Gentiana.parryi,9,2,4.5
SP,2015,13,appositus,Heliomeris.multiflora,8,2,4
SP,2015,13,bifarius,Heliomeris.multiflora,35,2,17.5
SP,2015,13,bifarius,Ligularia.bigelovii,2,2,1
SP,2015,13,bifarius,Senecio.serra,1,2,0.5
SP,2015,13,californicus,Gentiana.parryi,1,2,0.5
SP,2015,13,flavifrons,Agoseris.glauca,1,2,0.5
SP,2015,13,flavifrons,Aster.foliaceus,3,2,1.5
SP,2015,13,flavifrons,Cirsium.parryi,3,2,1.5
SP,2015,13,flavifrons,Delphinium.barbeyi,19,2,9.5
SP,2015,13,flavifrons,Erigeron.speciosus,1,2,0.5
SP,2015,13,flavifrons,Heliomeris.multiflora,60,2,30
SP,2015,13,flavifrons,Ipomopsis.aggregata,1,2,0.5
SP,2015,13,flavifrons,Ligularia.bigelovii,4,2,2
SP,2015,13,flavifrons,Pentaphylloides.floribunda,1,2,0.5
SP,2015,13,flavifrons,Senecio.serra,4,2,2
SP,2015,13,insularis,Heliomeris.multiflora,2,2,1
SP,2015,13,mixtus,Heliomeris.multiflora,4,2,2
SP,2015,13,mixtus,Ligularia.bigelovii,3,2,1.5
SP,2015,13,rufocinctus,Erigeron.speciosus,1,2,0.5
SP,2015,13,rufocinctus,Heliomeris.multiflora,8,2,4
SP,2015,14,appositus,Cirsium.parryi,7,1,7
SP,2015,14,appositus,Gentiana.parryi,6,1,6
SP,2015,14,bifarius,Aster.foliaceus,1,1,1
SP,2015,14,bifarius,Heliomeris.multiflora,12,1,12
SP,2015,14,flavifrons,Aster.foliaceus,1,1,1
SP,2015,14,flavifrons,Cirsium.parryi,12,1,12
SP,2015,14,flavifrons,Erigeron.elatior,1,1,1
SP,2015,14,flavifrons,Heliomeris.multiflora,67,1,67
SP,2015,14,flavifrons,Senecio.serra,5,1,5
SP,2015,14,insularis,Aster.foliaceus,1,1,1
SP,2015,14,insularis,Heliomeris.multiflora,8,1,8
SP,2015,14,mixtus,Heliomeris.multiflora,3,1,3
SP,2015,15,appositus,Gentiana.parryi,1,1,1
SP,2015,15,bifarius,Heliomeris.multiflora,8,1,8
SP,2015,15,flavifrons,Cirsium.parryi,1,1,1
SP,2015,15,flavifrons,Heliomeris.multiflora,12,1,12
SP,2015,15,insularis,Heliomeris.multiflora,26,1,26
SP,2015,15,rufocinctus,Heliomeris.multiflora,1,1,1
SP,2015,16,appositus,Gentiana.parryi,1,1,1
SP,2015,16,insularis,Heliomeris.multiflora,2,1,2
SP,2016,5,bifarius,Salix.sp,1,1,1
SP,2016,6,appositus,Delphinium.nuttallianum,3,1,3
SP,2016,6,californicus,Delphinium.nuttallianum,1,1,1
SP,2016,6,flavifrons,Hydrophyllum.capitatum,1,1,1
SP,2016,6,flavifrons,Hydrophyllum.fendleri,4,1,4
SP,2016,6,flavifrons,Mertensia.fusiformis,1,1,1
SP,2016,7,appositus,Delphinium.nuttallianum,9,1,9
SP,2016,7,californicus,Delphinium.nuttallianum,1,1,1
SP,2016,7,flavifrons,Delphinium.nuttallianum,2,1,2
SP,2016,7,flavifrons,Hydrophyllum.fendleri,6,1,6
SP,2016,7,flavifrons,Mertensia.ciliata,2,1,2
SP,2016,7,flavifrons,Taraxacum.officinale,1,1,1
SP,2016,7,flavifrons,Viola.praemorsa,1,1,1
SP,2016,7,insularis,Taraxacum.officinale,1,1,1
SP,2016,7,mixtus,Hydrophyllum.fendleri,2,1,2
SP,2016,7,mixtus,Mertensia.fusiformis,1,1,1
SP,2016,8,appositus,Delphinium.nuttallianum,7,1,7
SP,2016,8,appositus,Lathyrus.leucanthus,3,1,3
SP,2016,8,californicus,Lathyrus.leucanthus,1,1,1
SP,2016,8,flavifrons,Delphinium.nuttallianum,1,1,1
SP,2016,8,flavifrons,Hydrophyllum.fendleri,3,1,3
SP,2016,8,flavifrons,Mertensia.ciliata,6,1,6
SP,2016,8,mixtus,Hydrophyllum.fendleri,1,1,1
SP,2016,8,rufocinctus,Mertensia.ciliata,1,1,1
SP,2016,9,appositus,Delphinium.nuttallianum,1,1,1
SP,2016,9,appositus,Lathyrus.leucanthus,1,1,1
SP,2016,9,californicus,Lathyrus.leucanthus,1,1,1
SP,2016,9,flavifrons,Hydrophyllum.fendleri,1,1,1
SP,2016,9,flavifrons,Mertensia.ciliata,5,1,5
SP,2016,9,insularis,Hydrophyllum.fendleri,1,1,1
SP,2016,9,rufocinctus,Hydrophyllum.fendleri,1,1,1
SP,2016,10,appositus,Delphinium.barbeyi,3,1,3
SP,2016,10,appositus,Lathyrus.leucanthus,2,1,2
SP,2016,10,appositus,Vicia.americana,1,1,1
SP,2016,10,bifarius,Mertensia.ciliata,3,1,3
SP,2016,10,californicus,Lathyrus.leucanthus,1,1,1
SP,2016,10,flavifrons,Hydrophyllum.fendleri,1,1,1
SP,2016,10,flavifrons,Mertensia.ciliata,6,1,6
SP,2016,10,flavifrons,Vicia.americana,3,1,3
SP,2016,10,insularis,Dugaldia.hoopesii,1,1,1
SP,2016,10,mixtus,Mertensia.ciliata,1,1,1
SP,2016,10,occidentalis,Mertensia.ciliata,2,1,2
SP,2016,11,appositus,Delphinium.barbeyi,4,1,4
SP,2016,11,flavifrons,Delphinium.barbeyi,3,1,3
SP,2016,11,flavifrons,Dugaldia.hoopesii,1,1,1
SP,2016,11,flavifrons,Helianthella.quinquenervis,1,1,1
SP,2016,11,flavifrons,Mertensia.ciliata,13,1,13
SP,2016,11,insularis,Dugaldia.hoopesii,2,1,2
SP,2016,12,bifarius,Dugaldia.hoopesii,1,1,1
SP,2016,12,bifarius,Helianthella.quinquenervis,1,1,1
SP,2016,12,bifarius,Ligularia.bigelovii,1,1,1
SP,2016,12,flavifrons,Delphinium.barbeyi,5,1,5
SP,2016,12,flavifrons,Dugaldia.hoopesii,1,1,1
SP,2016,12,flavifrons,Helianthella.quinquenervis,1,1,1
SP,2016,12,flavifrons,Ligularia.bigelovii,4,1,4
SP,2016,12,mixtus,Helianthella.quinquenervis,1,1,1
SP,2016,12,mixtus,Ligularia.bigelovii,1,1,1
SP,2016,13,appositus,Delphinium.barbeyi,2,1,2
SP,2016,13,bifarius,Dugaldia.hoopesii,1,1,1
SP,2016,13,bifarius,Erigeron.elatior,1,1,1
SP,2016,13,bifarius,Heliomeris.multiflora,2,1,2
SP,2016,13,bifarius,Ligularia.bigelovii,17,1,17
SP,2016,13,bifarius,Solidago.multiradiata,1,1,1
SP,2016,13,flavifrons,Cirsium.parryi,5,1,5
SP,2016,13,flavifrons,Delphinium.barbeyi,2,1,2
SP,2016,13,flavifrons,Helianthella.quinquenervis,1,1,1
SP,2016,13,flavifrons,Ligularia.bigelovii,10,1,10
SP,2016,13,flavifrons,Solidago.multiradiata,1,1,1
SP,2016,13,insularis,Ligularia.bigelovii,3,1,3
SP,2016,13,mixtus,Ligularia.bigelovii,10,1,10
SP,2016,13,rufocinctus,Ligularia.bigelovii,1,1,1
SP,2016,14,appositus,Delphinium.barbeyi,2,1,2
SP,2016,14,bifarius,Dugaldia.hoopesii,1,1,1
SP,2016,14,bifarius,Erigeron.elatior,1,1,1
SP,2016,14,bifarius,Heliomeris.multiflora,2,1,2
SP,2016,14,bifarius,Ligularia.bigelovii,17,1,17
SP,2016,14,bifarius,Solidago.multiradiata,1,1,1
SP,2016,14,flavifrons,Cirsium.parryi,5,1,5
SP,2016,14,flavifrons,Delphinium.barbeyi,2,1,2
SP,2016,14,flavifrons,Helianthella.quinquenervis,1,1,1
SP,2016,14,flavifrons,Ligularia.bigelovii,10,1,10
SP,2016,14,flavifrons,Solidago.multiradiata,1,1,1
SP,2016,14,insularis,Ligularia.bigelovii,3,1,3
SP,2016,14,mixtus,Ligularia.bigelovii,10,1,10
SP,2016,14,rufocinctus,Ligularia.bigelovii,1,1,1
SP,2016,15,bifarius,Dugaldia.hoopesii,1,1,1
SP,2016,15,bifarius,Heliomeris.multiflora,25,1,25
SP,2016,15,flavifrons,Cirsium.parryi,3,1,3
SP,2016,15,flavifrons,Heliomeris.multiflora,13,1,13
SP,2016,15,flavifrons,Ligularia.bigelovii,19,1,19
SP,2016,15,insularis,Erigeron.elatior,2,1,2
SP,2016,15,insularis,Heliomeris.multiflora,28,1,28
SP,2016,15,insularis,Ligularia.bigelovii,1,1,1
SP,2016,15,mixtus,Dugaldia.hoopesii,1,1,1
SP,2016,15,mixtus,Heliomeris.multiflora,2,1,2
SP,2016,15,mixtus,Ligularia.bigelovii,2,1,2
SP,2016,15,rufocinctus,Heliomeris.multiflora,1,1,1
SP,2016,16,bifarius,Heliomeris.multiflora,5,1,5
SP,2016,16,flavifrons,Heliomeris.multiflora,12,1,12
SP,2016,16,insularis,Heliomeris.multiflora,38,1,38
SP,2016,16,mixtus,Heliomeris.multiflora,6,1,6
SP,2017,2,bifarius,Mertensia.fusiformis,1,1,1
SP,2017,3,bifarius,Mertensia.fusiformis,2,1,2
SP,2017,4,bifarius,Hydrophyllum.fendleri,1,1,1
SP,2017,4,californicus,Delphinium.nuttallianum,1,1,1
SP,2017,4,flavifrons,Mertensia.fusiformis,6,1,6
SP,2017,4,rufocinctus,Mertensia.fusiformis,1,1,1
SP,2017,5,appositus,Delphinium.nuttallianum,1,1,1
SP,2017,5,flavifrons,Delphinium.nuttallianum,3,1,3
SP,2017,5,flavifrons,Hydrophyllum.fendleri,1,1,1
SP,2017,5,flavifrons,Lathyrus.leucanthus,2,1,2
SP,2017,5,flavifrons,Mertensia.fusiformis,2,1,2
SP,2017,5,mixtus,Hydrophyllum.fendleri,1,1,1
SP,2017,6,appositus,Delphinium.nuttallianum,1,1,1
SP,2017,6,appositus,Lathyrus.leucanthus,1,1,1
SP,2017,6,appositus,Vicia.americana,1,1,1
SP,2017,6,flavifrons,Delphinium.nuttallianum,2,1,2
SP,2017,6,flavifrons,Hydrophyllum.fendleri,5,1,5
SP,2017,6,flavifrons,Lathyrus.leucanthus,7,1,7
SP,2017,6,insularis,Hydrophyllum.fendleri,4,1,4
SP,2017,6,nevadensis,Lathyrus.leucanthus,1,1,1
SP,2017,6,rufocinctus,Hydrophyllum.fendleri,2,1,2
SP,2017,7,appositus,Lathyrus.leucanthus,9,1,9
SP,2017,7,appositus,Vicia.americana,1,1,1
SP,2017,7,bifarius,Hydrophyllum.fendleri,1,1,1
SP,2017,7,californicus,Hydrophyllum.fendleri,1,1,1
SP,2017,7,californicus,Lathyrus.leucanthus,1,1,1
SP,2017,7,flavifrons,Hydrophyllum.fendleri,5,1,5
SP,2017,7,flavifrons,Lathyrus.leucanthus,5,1,5
SP,2017,7,flavifrons,Mertensia.ciliata,5,1,5
SP,2017,7,flavifrons,Vicia.americana,1,1,1
SP,2017,7,insularis,Hydrophyllum.fendleri,1,1,1
SP,2017,7,mixtus,Hydrophyllum.fendleri,1,1,1
SP,2017,7,rufocinctus,Hydrophyllum.fendleri,1,1,1
SP,2017,8,appositus,Delphinium.barbeyi,1,1,1
SP,2017,8,appositus,Lathyrus.leucanthus,3,1,3
SP,2017,8,appositus,Potentilla.pulcherrima,1,1,1
SP,2017,8,bifarius,Frasera.speciosa,1,1,1
SP,2017,8,flavifrons,Delphinium.barbeyi,1,1,1
SP,2017,8,flavifrons,Frasera.speciosa,2,1,2
SP,2017,8,flavifrons,Hydrophyllum.fendleri,2,1,2
SP,2017,8,flavifrons,Lathyrus.leucanthus,5,1,5
SP,2017,8,flavifrons,Mertensia.ciliata,5,1,5
SP,2017,8,flavifrons,Vicia.americana,3,1,3
SP,2017,8,insularis,Frasera.speciosa,1,1,1
SP,2017,8,rufocinctus,Frasera.speciosa,1,1,1
SP,2017,9,appositus,Delphinium.barbeyi,2,1,2
SP,2017,9,appositus,Potentilla.pulcherrima,1,1,1
SP,2017,9,bifarius,Dugaldia.hoopesii,3,1,3
SP,2017,9,bifarius,Helianthella.quinquenervis,1,1,1
SP,2017,9,flavifrons,Cirsium.parryi,5,1,5
SP,2017,9,flavifrons,Delphinium.barbeyi,5,1,5
SP,2017,9,flavifrons,Mertensia.ciliata,8,1,8
SP,2017,9,flavifrons,Vicia.americana,1,1,1
SP,2017,9,mixtus,Frasera.speciosa,1,1,1
SP,2017,9,mixtus,Mertensia.ciliata,2,1,2
SP,2017,9,rufocinctus,Helianthella.quinquenervis,1,1,1
SP,2017,10,appositus,Delphinium.barbeyi,3,1,3
SP,2017,10,bifarius,Dugaldia.hoopesii,4,1,4
SP,2017,10,bifarius,Helianthella.quinquenervis,1,1,1
SP,2017,10,bifarius,Potentilla.pulcherrima,2,1,2
SP,2017,10,californicus,Delphinium.barbeyi,1,1,1
SP,2017,10,flavifrons,Cirsium.parryi,7,1,7
SP,2017,10,flavifrons,Delphinium.barbeyi,6,1,6
SP,2017,10,flavifrons,Dugaldia.hoopesii,1,1,1
SP,2017,10,flavifrons,Frasera.speciosa,1,1,1
SP,2017,10,flavifrons,Mertensia.ciliata,5,1,5
SP,2017,10,flavifrons,Potentilla.pulcherrima,2,1,2
SP,2017,10,mixtus,Cirsium.parryi,1,1,1
SP,2017,10,mixtus,Frasera.speciosa,1,1,1
SP,2017,10,mixtus,Helianthella.quinquenervis,1,1,1
SP,2017,10,mixtus,Mertensia.ciliata,2,1,2
SP,2017,10,rufocinctus,Heliomeris.multiflora,1,1,1
SP,2017,10,rufocinctus,Potentilla.pulcherrima,1,1,1
SP,2017,11,appositus,Delphinium.barbeyi,2,1,2
SP,2017,11,bifarius,Dugaldia.hoopesii,3,1,3
SP,2017,11,bifarius,Erigeron.elatior,1,1,1
SP,2017,11,bifarius,Erigeron.speciosus,1,1,1
SP,2017,11,bifarius,Potentilla.pulcherrima,5,1,5
SP,2017,11,flavifrons,Cirsium.parryi,6,1,6
SP,2017,11,flavifrons,Delphinium.barbeyi,2,1,2
SP,2017,11,flavifrons,Erigeron.elatior,1,1,1
SP,2017,11,flavifrons,Geranium.richardsonii,2,1,2
SP,2017,11,flavifrons,Helianthella.quinquenervis,2,1,2
SP,2017,11,flavifrons,Ligularia.bigelovii,1,1,1
SP,2017,11,flavifrons,Mertensia.ciliata,11,1,11
SP,2017,11,mixtus,Cirsium.parryi,1,1,1
SP,2017,11,mixtus,Dugaldia.hoopesii,1,1,1
SP,2017,11,mixtus,Erigeron.elatior,2,1,2
SP,2017,11,mixtus,Frasera.speciosa,3,1,3
SP,2017,11,mixtus,Geranium.richardsonii,1,1,1
SP,2017,11,rufocinctus,Erigeron.elatior,1,1,1
SP,2017,12,appositus,Delphinium.barbeyi,7,1,7
SP,2017,12,bifarius,Dugaldia.hoopesii,1,1,1
SP,2017,12,bifarius,Erigeron.speciosus,2,1,2
SP,2017,12,bifarius,Heliomeris.multiflora,7,1,7
SP,2017,12,bifarius,Ligularia.bigelovii,1,1,1
SP,2017,12,bifarius,Senecio.serra,1,1,1
SP,2017,12,flavifrons,Cirsium.parryi,11,1,11
SP,2017,12,flavifrons,Delphinium.barbeyi,7,1,7
SP,2017,12,flavifrons,Ligularia.bigelovii,8,1,8
SP,2017,12,insularis,Heliomeris.multiflora,2,1,2
SP,2017,12,mixtus,Cirsium.parryi,1,1,1
SP,2017,12,mixtus,Dugaldia.hoopesii,2,1,2
SP,2017,12,mixtus,Erigeron.elatior,1,1,1
SP,2017,12,mixtus,Heliomeris.multiflora,4,1,4
SP,2017,12,mixtus,Ligularia.bigelovii,2,1,2
SP,2017,12,occidentalis,Heliomeris.multiflora,2,1,2
SP,2017,13,appositus,Cirsium.parryi,3,1,3
SP,2017,13,appositus,Ligularia.bigelovii,1,1,1
SP,2017,13,bifarius,Heliomeris.multiflora,14,1,14
SP,2017,13,bifarius,Ligularia.bigelovii,2,1,2
SP,2017,13,flavifrons,Cirsium.parryi,14,1,14
SP,2017,13,flavifrons,Heliomeris.multiflora,5,1,5
SP,2017,13,flavifrons,Ligularia.bigelovii,15,1,15
SP,2017,13,insularis,Erigeron.elatior,3,1,3
SP,2017,13,insularis,Erigeron.speciosus,1,1,1
SP,2017,13,insularis,Heliomeris.multiflora,17,1,17
SP,2017,13,mixtus,Heliomeris.multiflora,6,1,6
SP,2017,13,mixtus,Ligularia.bigelovii,8,1,8
SP,2017,13,occidentalis,Heliomeris.multiflora,5,1,5
SP,2017,13,rufocinctus,Heliomeris.multiflora,1,1,1
SP,2017,14,appositus,Cirsium.parryi,5,1,5
SP,2017,14,appositus,Heliomeris.multiflora,2,1,2
SP,2017,14,bifarius,Heliomeris.multiflora,17,1,17
SP,2017,14,bifarius,Ligularia.bigelovii,2,1,2
SP,2017,14,flavifrons,Cirsium.parryi,11,1,11
SP,2017,14,flavifrons,Heliomeris.multiflora,12,1,12
SP,2017,14,flavifrons,Ligularia.bigelovii,2,1,2
SP,2017,14,insularis,Heliomeris.multiflora,7,1,7
SP,2017,14,mixtus,Erigeron.elatior,1,1,1
SP,2017,14,mixtus,Heliomeris.multiflora,6,1,6
SP,2017,14,occidentalis,Heliomeris.multiflora,7,1,7
SP,2017,14,rufocinctus,Heliomeris.multiflora,1,1,1
SP,2017,15,appositus,Gentiana.parryi,1,1,1
SP,2017,15,bifarius,Heliomeris.multiflora,4,1,4
SP,2017,15,flavifrons,Cirsium.parryi,4,1,4
SP,2017,15,flavifrons,Heliomeris.multiflora,14,1,14
SP,2017,15,insularis,Heliomeris.multiflora,10,1,10
SP,2017,15,occidentalis,Heliomeris.multiflora,4,1,4
SP,2017,15,rufocinctus,Heliomeris.multiflora,1,1,1
SP,2017,16,insularis,Cirsium.parryi,1,1,1
SP,2017,16,insularis,Heliomeris.multiflora,2,1,2
SP,2018,4,bifarius,Mertensia.fusiformis,3,1,3
SP,2018,4,occidentalis,Salix.sp,1,1,1
SP,2018,5,bifarius,Salix.sp,1,1,1
SP,2018,5,insularis,Salix.sp,1,1,1
SP,2018,5,occidentalis,Salix.sp,2,1,2
SP,2018,6,bifarius,Lathyrus.leucanthus,1,1,1
SP,2018,6,californicus,Delphinium.nuttallianum,1,1,1
SP,2018,6,californicus,Lathyrus.leucanthus,1,1,1
SP,2018,6,flavifrons,Hydrophyllum.fendleri,2,1,2
SP,2018,7,appositus,Lathyrus.leucanthus,1,1,1
SP,2018,7,flavifrons,Delphinium.nuttallianum,5,1,5
SP,2018,7,flavifrons,Hydrophyllum.fendleri,6,1,6
SP,2018,7,flavifrons,Lathyrus.leucanthus,1,1,1
SP,2018,7,mixtus,Hydrophyllum.fendleri,1,1,1
SP,2018,8,appositus,Delphinium.nuttallianum,1,1,1
SP,2018,8,appositus,Lathyrus.leucanthus,6,1,6
SP,2018,8,flavifrons,Delphinium.nuttallianum,1,1,1
SP,2018,8,flavifrons,Hydrophyllum.fendleri,9,1,9
SP,2018,8,flavifrons,Lathyrus.leucanthus,2,1,2
SP,2018,8,flavifrons,Mertensia.ciliata,2,1,2
SP,2018,8,flavifrons,Potentilla.pulcherrima,1,1,1
SP,2018,8,flavifrons,Vicia.americana,1,1,1
SP,2018,8,insularis,Hydrophyllum.fendleri,1,1,1
SP,2018,8,mixtus,Mertensia.ciliata,1,1,1
SP,2018,8,occidentalis,Lathyrus.leucanthus,1,1,1
SP,2018,9,appositus,Lathyrus.leucanthus,8,1,8
SP,2018,9,appositus,Vicia.americana,3,1,3
SP,2018,9,bifarius,Hydrophyllum.fendleri,4,1,4
SP,2018,9,californicus,Lathyrus.leucanthus,2,1,2
SP,2018,9,flavifrons,Hydrophyllum.fendleri,6,1,6
SP,2018,9,flavifrons,Mertensia.ciliata,2,1,2
SP,2018,9,flavifrons,Potentilla.pulcherrima,1,1,1
SP,2018,9,flavifrons,Vicia.americana,5,1,5
SP,2018,9,insularis,Hydrophyllum.fendleri,1,1,1
SP,2018,9,rufocinctus,Hydrophyllum.fendleri,2,1,2
SP,2018,10,appositus,Vicia.americana,1,1,1
SP,2018,10,flavifrons,Dugaldia.hoopesii,1,1,1
SP,2018,10,flavifrons,Geranium.richardsonii,1,1,1
SP,2018,10,flavifrons,Hydrophyllum.fendleri,2,1,2
SP,2018,10,flavifrons,Lathyrus.leucanthus,2,1,2
SP,2018,10,flavifrons,Mertensia.ciliata,1,1,1
SP,2018,10,flavifrons,Vicia.americana,9,1,9
SP,2018,10,occidentalis,Potentilla.pulcherrima,1,1,1
SP,2018,10,rufocinctus,Hydrophyllum.fendleri,1,1,1
SP,2018,11,appositus,Delphinium.barbeyi,1,1,1
SP,2018,11,bifarius,Helianthella.quinquenervis,1,1,1
SP,2018,11,bifarius,Potentilla.pulcherrima,1,1,1
SP,2018,11,flavifrons,Cirsium.parryi,1,1,1
SP,2018,11,flavifrons,Delphinium.barbeyi,1,1,1
SP,2018,11,flavifrons,Dugaldia.hoopesii,1,1,1
SP,2018,11,flavifrons,Helianthella.quinquenervis,4,1,4
SP,2018,11,flavifrons,Hydrophyllum.fendleri,5,1,5
SP,2018,11,flavifrons,Mertensia.ciliata,6,1,6
SP,2018,11,flavifrons,Potentilla.pulcherrima,2,1,2
SP,2018,11,flavifrons,Vicia.americana,6,1,6
SP,2018,11,insularis,Dugaldia.hoopesii,1,1,1
SP,2018,11,occidentalis,Pedicularis.racemosa,3,1,3
SP,2018,12,appositus,Delphinium.barbeyi,1,1,1
SP,2018,12,bifarius,Erigeron.elatior,1,1,1
SP,2018,12,bifarius,Helianthella.quinquenervis,4,1,4
SP,2018,12,bifarius,Pedicularis.racemosa,1,1,1
SP,2018,12,bifarius,Potentilla.pulcherrima,3,1,3
SP,2018,12,flavifrons,Cirsium.parryi,2,1,2
SP,2018,12,flavifrons,Delphinium.barbeyi,6,1,6
SP,2018,12,flavifrons,Helianthella.quinquenervis,4,1,4
SP,2018,12,flavifrons,Hydrophyllum.fendleri,2,1,2
SP,2018,12,flavifrons,Mertensia.ciliata,4,1,4
SP,2018,12,flavifrons,Vicia.americana,1,1,1
SP,2018,12,insularis,Dugaldia.hoopesii,1,1,1
SP,2018,12,insularis,Helianthella.quinquenervis,1,1,1
SP,2018,12,mixtus,Pedicularis.racemosa,1,1,1
SP,2018,12,occidentalis,Helianthella.quinquenervis,2,1,2
SP,2018,12,occidentalis,Pedicularis.racemosa,1,1,1
SP,2018,13,appositus,Delphinium.barbeyi,1,1,1
SP,2018,13,bifarius,Cirsium.parryi,1,1,1
SP,2018,13,bifarius,Erigeron.elatior,1,1,1
SP,2018,13,bifarius,Erigeron.speciosus,1,1,1
SP,2018,13,bifarius,Helianthella.quinquenervis,2,1,2
SP,2018,13,bifarius,Heliomeris.multiflora,1,1,1
SP,2018,13,bifarius,Ligularia.bigelovii,1,1,1
SP,2018,13,californicus,Delphinium.barbeyi,1,1,1
SP,2018,13,flavifrons,Cirsium.parryi,10,1,10
SP,2018,13,flavifrons,Helianthella.quinquenervis,2,1,2
SP,2018,13,flavifrons,Ligularia.bigelovii,2,1,2
SP,2018,13,mixtus,Heliomeris.multiflora,1,1,1
SP,2018,14,appositus,Cirsium.parryi,5,1,5
SP,2018,14,appositus,Delphinium.barbeyi,1,1,1
SP,2018,14,bifarius,Dugaldia.hoopesii,1,1,1
SP,2018,14,bifarius,Erigeron.elatior,2,1,2
SP,2018,14,bifarius,Erigeron.speciosus,1,1,1
SP,2018,14,bifarius,Heliomeris.multiflora,6,1,6
SP,2018,14,bifarius,Ligularia.bigelovii,5,1,5
SP,2018,14,flavifrons,Cirsium.parryi,23,1,23
SP,2018,14,flavifrons,Ligularia.bigelovii,6,1,6
SP,2018,14,flavifrons,Senecio.serra,2,1,2
SP,2018,14,insularis,Cirsium.parryi,6,1,6
SP,2018,14,insularis,Dugaldia.hoopesii,2,1,2
SP,2018,14,insularis,Erigeron.elatior,7,1,7
SP,2018,14,insularis,Heliomeris.multiflora,2,1,2
SP,2018,14,insularis,Ligularia.bigelovii,8,1,8
SP,2018,14,mixtus,Heliomeris.multiflora,3,1,3
SP,2018,14,occidentalis,Cirsium.parryi,1,1,1
SP,2018,15,appositus,Cirsium.parryi,7,1,7
SP,2018,15,bifarius,Adenolinum.lewisii,1,1,1
SP,2018,15,bifarius,Heliomeris.multiflora,19,1,19
SP,2018,15,bifarius,Ligularia.bigelovii,1,1,1
SP,2018,15,flavifrons,Cirsium.parryi,31,1,31
SP,2018,15,flavifrons,Dugaldia.hoopesii,1,1,1
SP,2018,15,flavifrons,Erigeron.elatior,2,1,2
SP,2018,15,flavifrons,Ligularia.bigelovii,1,1,1
SP,2018,15,insularis,Cirsium.parryi,28,1,28
SP,2018,15,insularis,Erigeron.elatior,1,1,1
SP,2018,15,insularis,Heliomeris.multiflora,12,1,12
SP,2018,15,insularis,Ligularia.bigelovii,1,1,1
SP,2018,15,mixtus,Cirsium.parryi,1,1,1
SP,2018,15,mixtus,Heliomeris.multiflora,4,1,4
SP,2018,15,occidentalis,Heliomeris.multiflora,1,1,1
SP,2018,16,appositus,Gentiana.parryi,1,1,1
SP,2018,16,bifarius,Heliomeris.multiflora,34,1,34
SP,2018,16,flavifrons,Cirsium.parryi,11,1,11
SP,2018,16,flavifrons,Heliomeris.multiflora,1,1,1
SP,2018,16,insularis,Cirsium.parryi,14,1,14
SP,2018,16,insularis,Heliomeris.multiflora,30,1,30
SP,2018,16,mixtus,Heliomeris.multiflora,5,1,5
SP,2018,16,occidentalis,Heliomeris.multiflora,1,1,1
SP,2018,16,rufocinctus,Heliomeris.multiflora,2,1,2
SP,2018,17,appositus,Gentiana.parryi,2,1,2
SP,2018,17,bifarius,Dugaldia.hoopesii,1,1,1
SP,2018,17,bifarius,Heliomeris.multiflora,38,1,38
SP,2018,17,flavifrons,Cirsium.parryi,1,1,1
SP,2018,17,flavifrons,Heliomeris.multiflora,1,1,1
SP,2018,17,insularis,Cirsium.parryi,6,1,6
SP,2018,17,insularis,Heliomeris.multiflora,22,1,22
SP,2018,17,rufocinctus,Heliomeris.multiflora,2,1,2
SP,2018,18,bifarius,Heliomeris.multiflora,6,1,6
SP,2018,18,insularis,Heliomeris.multiflora,5,1,5
SP,2019,4,appositus,Mertensia.fusiformis,1,1,1
SP,2019,5,appositus,Delphinium.nuttallianum,1,1,1
SP,2019,5,flavifrons,Delphinium.nuttallianum,2,1,2
SP,2019,5,flavifrons,Hydrophyllum.fendleri,2,1,2
SP,2019,5,flavifrons,Mertensia.fusiformis,1,1,1
SP,2019,6,appositus,Delphinium.nuttallianum,1,1,1
SP,2019,6,flavifrons,Delphinium.nuttallianum,3,1,3
SP,2019,6,flavifrons,Hydrophyllum.fendleri,4,1,4
SP,2019,7,bifarius,Hydrophyllum.fendleri,1,1,1
SP,2019,7,flavifrons,Delphinium.nuttallianum,2,1,2
SP,2019,7,flavifrons,Hydrophyllum.fendleri,1,1,1
SP,2019,8,appositus,Mertensia.ciliata,1,1,1
SP,2019,8,bifarius,Hydrophyllum.fendleri,3,1,3
SP,2019,8,flavifrons,Frasera.speciosa,1,1,1
SP,2019,8,flavifrons,Hydrophyllum.fendleri,1,1,1
SP,2019,8,flavifrons,Lathyrus.leucanthus,1,1,1
SP,2019,8,flavifrons,Mertensia.ciliata,2,1,2
SP,2019,8,flavifrons,Vicia.americana,1,1,1
SP,2019,8,insularis,Vicia.americana,1,1,1
SP,2019,8,mixtus,Hydrophyllum.fendleri,1,1,1
SP,2019,8,mixtus,Mertensia.ciliata,2,1,2
SP,2019,8,rufocinctus,Hydrophyllum.fendleri,1,1,1
SP,2019,9,appositus,Delphinium.barbeyi,2,1,2
SP,2019,9,appositus,Lathyrus.leucanthus,1,1,1
SP,2019,9,bifarius,Helianthella.quinquenervis,1,1,1
SP,2019,9,bifarius,Mertensia.ciliata,2,1,2
SP,2019,9,bifarius,Pedicularis.racemosa,1,1,1
SP,2019,9,bifarius,Potentilla.pulcherrima,1,1,1
SP,2019,9,flavifrons,Delphinium.barbeyi,2,1,2
SP,2019,9,flavifrons,Frasera.speciosa,3,1,3
SP,2019,9,flavifrons,Hydrophyllum.fendleri,1,1,1
SP,2019,9,flavifrons,Mertensia.ciliata,14,1,14
SP,2019,9,flavifrons,Pedicularis.racemosa,1,1,1
SP,2019,9,flavifrons,Potentilla.pulcherrima,2,1,2
SP,2019,9,flavifrons,Vicia.americana,3,1,3
SP,2019,9,mixtus,Mertensia.ciliata,1,1,1
SP,2019,9,mixtus,Pedicularis.racemosa,1,1,1
SP,2019,10,appositus,Delphinium.barbeyi,10,1,10
SP,2019,10,bifarius,Erigeron.speciosus,2,1,2
SP,2019,10,bifarius,Helianthella.quinquenervis,2,1,2
SP,2019,10,bifarius,Mertensia.ciliata,1,1,1
SP,2019,10,bifarius,Pedicularis.racemosa,3,1,3
SP,2019,10,bifarius,Potentilla.pulcherrima,3,1,3
SP,2019,10,bifarius,Vicia.americana,1,1,1
SP,2019,10,californicus,Delphinium.barbeyi,1,1,1
SP,2019,10,flavifrons,Delphinium.barbeyi,10,1,10
SP,2019,10,flavifrons,Erigeron.elatior,1,1,1
SP,2019,10,flavifrons,Mertensia.ciliata,13,1,13
SP,2019,10,flavifrons,Pedicularis.racemosa,2,1,2
SP,2019,10,flavifrons,Potentilla.pulcherrima,1,1,1
SP,2019,10,flavifrons,Vicia.americana,1,1,1
SP,2019,10,mixtus,Erigeron.speciosus,1,1,1
SP,2019,10,mixtus,Heliomeris.multiflora,1,1,1
SP,2019,10,mixtus,Mertensia.ciliata,5,1,5
SP,2019,10,mixtus,Pedicularis.racemosa,1,1,1
SP,2019,10,mixtus,Potentilla.pulcherrima,1,1,1
SP,2019,10,occidentalis,Pedicularis.racemosa,1,1,1
SP,2019,10,rufocinctus,Vicia.americana,1,1,1
SP,2019,11,appositus,Delphinium.barbeyi,2,1,2
SP,2019,11,appositus,Mertensia.ciliata,1,1,1
SP,2019,11,bifarius,Cirsium.parryi,1,1,1
SP,2019,11,bifarius,Erigeron.speciosus,1,1,1
SP,2019,11,bifarius,Helianthella.quinquenervis,3,1,3
SP,2019,11,bifarius,Heliomeris.multiflora,1,1,1
SP,2019,11,bifarius,Pedicularis.racemosa,2,1,2
SP,2019,11,bifarius,Potentilla.pulcherrima,2,1,2
SP,2019,11,flavifrons,Adenolinum.lewisii,1,1,1
SP,2019,11,flavifrons,Agoseris.aurantiaca,1,1,1
SP,2019,11,flavifrons,Cirsium.parryi,3,1,3
SP,2019,11,flavifrons,Delphinium.barbeyi,16,1,16
SP,2019,11,flavifrons,Helianthella.quinquenervis,1,1,1
SP,2019,11,flavifrons,Mertensia.ciliata,9,1,9
SP,2019,11,flavifrons,Pedicularis.racemosa,4,1,4
SP,2019,11,flavifrons,Potentilla.pulcherrima,2,1,2
SP,2019,11,flavifrons,Vicia.americana,2,1,2
SP,2019,11,mixtus,Mertensia.ciliata,1,1,1
SP,2019,11,mixtus,Pedicularis.racemosa,2,1,2
SP,2019,11,occidentalis,Erigeron.elatior,1,1,1
SP,2019,12,appositus,Delphinium.barbeyi,8,1,8
SP,2019,12,bifarius,Erigeron.speciosus,9,1,9
SP,2019,12,bifarius,Heliomeris.multiflora,1,1,1
SP,2019,12,bifarius,Potentilla.pulcherrima,1,1,1
SP,2019,12,californicus,Delphinium.barbeyi,2,1,2
SP,2019,12,flavifrons,Cirsium.parryi,3,1,3
SP,2019,12,flavifrons,Delphinium.barbeyi,21,1,21
SP,2019,12,flavifrons,Erigeron.speciosus,3,1,3
SP,2019,12,flavifrons,Heliomeris.multiflora,5,1,5
SP,2019,12,flavifrons,Ligularia.bigelovii,1,1,1
SP,2019,12,flavifrons,Mertensia.ciliata,1,1,1
SP,2019,12,flavifrons,Senecio.serra,3,1,3
SP,2019,12,flavifrons,Vicia.americana,1,1,1
SP,2019,12,mixtus,Erigeron.elatior,2,1,2
SP,2019,12,mixtus,Erigeron.speciosus,2,1,2
SP,2019,12,mixtus,Heliomeris.multiflora,4,1,4
SP,2019,12,mixtus,Ligularia.bigelovii,1,1,1
SP,2019,12,mixtus,Senecio.serra,2,1,2
SP,2019,12,nevadensis,Delphinium.barbeyi,1,1,1
SP,2019,12,rufocinctus,Erigeron.speciosus,3,1,3
SP,2019,13,appositus,Delphinium.barbeyi,8,1,8
SP,2019,13,appositus,Erigeron.speciosus,2,1,2
SP,2019,13,appositus,Vicia.americana,1,1,1
SP,2019,13,bifarius,Heliomeris.multiflora,73,1,73
SP,2019,13,flavifrons,Agoseris.glauca,1,1,1
SP,2019,13,flavifrons,Cirsium.parryi,4,1,4
SP,2019,13,flavifrons,Delphinium.barbeyi,24,1,24
SP,2019,13,flavifrons,Helianthella.quinquenervis,1,1,1
SP,2019,13,flavifrons,Heliomeris.multiflora,63,1,63
SP,2019,13,flavifrons,Ligularia.bigelovii,3,1,3
SP,2019,13,flavifrons,Senecio.serra,9,1,9
SP,2019,13,insularis,Erigeron.speciosus,1,1,1
SP,2019,13,mixtus,Heliomeris.multiflora,9,1,9
SP,2019,13,mixtus,Senecio.serra,1,1,1
SP,2019,13,occidentalis,Heliomeris.multiflora,2,1,2
SP,2019,14,appositus,Delphinium.barbeyi,5,1,5
SP,2019,14,appositus,Heliomeris.multiflora,1,1,1
SP,2019,14,appositus,Senecio.serra,1,1,1
SP,2019,14,bifarius,Erigeron.elatior,2,1,2
SP,2019,14,bifarius,Erigeron.speciosus,10,1,10
SP,2019,14,bifarius,Heliomeris.multiflora,37,1,37
SP,2019,14,bifarius,Senecio.serra,1,1,1
SP,2019,14,flavifrons,Cirsium.parryi,2,1,2
SP,2019,14,flavifrons,Delphinium.barbeyi,2,1,2
SP,2019,14,flavifrons,Erigeron.elatior,2,1,2
SP,2019,14,flavifrons,Erigeron.speciosus,11,1,11
SP,2019,14,flavifrons,Heliomeris.multiflora,86,1,86
SP,2019,14,flavifrons,Senecio.serra,29,1,29
SP,2019,14,insularis,Erigeron.elatior,2,1,2
SP,2019,14,insularis,Erigeron.speciosus,4,1,4
SP,2019,14,insularis,Heliomeris.multiflora,22,1,22
SP,2019,14,insularis,Senecio.serra,28,1,28
SP,2019,14,mixtus,Erigeron.speciosus,1,1,1
SP,2019,14,mixtus,Heliomeris.multiflora,6,1,6
SP,2019,14,mixtus,Senecio.serra,1,1,1
SP,2019,14,occidentalis,Senecio.serra,1,1,1
SP,2019,14,rufocinctus,Erigeron.speciosus,1,1,1
SP,2019,14,rufocinctus,Heliomeris.multiflora,4,1,4
SP,2019,15,appositus,Gentiana.parryi,1,1,1
SP,2019,15,bifarius,Heliomeris.multiflora,35,1,35
SP,2019,15,flavifrons,Heliomeris.multiflora,48,1,48
SP,2019,15,flavifrons,Senecio.serra,9,1,9
SP,2019,15,insularis,Heliomeris.multiflora,32,1,32
SP,2019,15,insularis,Senecio.serra,15,1,15
SP,2019,15,mixtus,Heliomeris.multiflora,2,1,2
SP,2019,15,rufocinctus,Heliomeris.multiflora,1,1,1
SP,2019,16,appositus,Gentiana.parryi,1,1,1
SP,2019,16,insularis,Senecio.serra,1,1,1
SP,2020,3,bifarius,Salix.sp,3,1,3
SP,2020,3,bifarius,Salix.wolfii,2,1,2
SP,2020,3,flavifrons,Delphinium.nuttallianum,2,1,2
SP,2020,3,occidentalis,Salix.sp,4,1,4
SP,2020,4,appositus,Delphinium.nuttallianum,2,1,2
SP,2020,4,bifarius,Taraxacum.officinale,2,1,2
SP,2020,4,flavifrons,Delphinium.nuttallianum,5,1,5
SP,2020,4,flavifrons,Hydrophyllum.fendleri,5,1,5
SP,2020,4,insularis,Hydrophyllum.capitatum,1,1,1
SP,2020,4,mixtus,Hydrophyllum.capitatum,1,1,1
SP,2020,4,mixtus,Hydrophyllum.fendleri,1,1,1
SP,2020,5,appositus,Delphinium.nuttallianum,1,1,1
SP,2020,5,flavifrons,Delphinium.nuttallianum,12,1,12
SP,2020,5,flavifrons,Hydrophyllum.fendleri,4,1,4
SP,2020,5,mixtus,Hydrophyllum.fendleri,1,1,1
SP,2020,6,flavifrons,Delphinium.nuttallianum,2,1,2
SP,2020,6,flavifrons,Hydrophyllum.fendleri,3,1,3
SP,2020,6,insularis,Hydrophyllum.fendleri,1,1,1
SP,2020,6,mixtus,Hydrophyllum.fendleri,2,1,2
SP,2020,7,flavifrons,Delphinium.barbeyi,3,1,3
SP,2020,7,flavifrons,Hydrophyllum.fendleri,12,1,12
SP,2020,7,flavifrons,Mertensia.ciliata,3,1,3
SP,2020,7,insularis,Hydrophyllum.fendleri,1,1,1
SP,2020,7,mixtus,Hydrophyllum.fendleri,1,1,1
SP,2020,8,flavifrons,Delphinium.barbeyi,9,1,9
SP,2020,8,flavifrons,Hydrophyllum.fendleri,8,1,8
SP,2020,8,flavifrons,Mertensia.ciliata,1,1,1
SP,2020,8,insularis,Hydrophyllum.fendleri,1,1,1
SP,2020,8,mixtus,Hydrophyllum.fendleri,1,1,1
SP,2020,9,bifarius,Hydrophyllum.fendleri,1,1,1
SP,2020,9,bifarius,Mertensia.ciliata,1,1,1
SP,2020,9,flavifrons,Delphinium.barbeyi,4,1,4
SP,2020,9,flavifrons,Mertensia.ciliata,3,1,3
SP,2020,9,insularis,Hydrophyllum.fendleri,4,1,4
SP,2020,9,mixtus,Hydrophyllum.fendleri,1,1,1
SP,2020,9,occidentalis,Heracleum.sphondylium,1,1,1
SP,2020,9,occidentalis,Pedicularis.racemosa,1,1,1
SP,2020,10,bifarius,Pedicularis.racemosa,1,1,1
SP,2020,10,flavifrons,Castilleja.sulphurea,1,1,1
SP,2020,10,flavifrons,Delphinium.barbeyi,8,1,8
SP,2020,10,flavifrons,Hydrophyllum.fendleri,1,1,1
SP,2020,10,flavifrons,Mertensia.ciliata,2,1,2
SP,2020,10,insularis,Hydrophyllum.fendleri,1,1,1
SP,2020,10,mixtus,Hydrophyllum.fendleri,1,1,1
SP,2020,10,occidentalis,Hydrophyllum.fendleri,1,1,1
SP,2020,11,appositus,Delphinium.barbeyi,1,1,1
SP,2020,11,bifarius,Potentilla.pulcherrima,1,1,1
SP,2020,11,flavifrons,Delphinium.barbeyi,4,1,4
SP,2020,11,flavifrons,Hydrophyllum.fendleri,1,1,1
SP,2020,11,mixtus,Cirsium.parryi,1,1,1
SP,2020,11,occidentalis,Potentilla.pulcherrima,1,1,1
SP,2020,12,flavifrons,Delphinium.barbeyi,1,1,1
SP,2020,12,occidentalis,Cirsium.parryi,1,1,1
SP,2020,12,occidentalis,Heliomeris.multiflora,1,1,1
SP,2020,13,bifarius,Heliomeris.multiflora,4,1,4
SP,2020,13,flavifrons,Heliomeris.multiflora,2,1,2
SP,2020,13,insularis,Heliomeris.multiflora,1,1,1
SP,2020,14,appositus,Delphinium.barbeyi,1,1,1
SP,2020,14,bifarius,Heliomeris.multiflora,8,1,8
SP,2020,14,californicus,Gentiana.parryi,2,1,2
SP,2020,14,flavifrons,Cirsium.parryi,1,1,1
SP,2020,14,flavifrons,Heliomeris.multiflora,4,1,4
SP,2020,14,insularis,Heliomeris.multiflora,5,1,5
SP,2020,14,occidentalis,Heliomeris.multiflora,1,1,1
SP,2020,15,appositus,Delphinium.barbeyi,1,1,1
SP,2020,15,appositus,Gentiana.parryi,1,1,1
SP,2020,15,bifarius,Heliomeris.multiflora,21,1,21
SP,2020,15,flavifrons,Heliomeris.multiflora,6,1,6
SP,2020,15,insularis,Heliomeris.multiflora,8,1,8
SP,2020,15,occidentalis,Heliomeris.multiflora,4,1,4
SP,2020,15,rufocinctus,Heliomeris.multiflora,2,1,2
SP,2020,16,bifarius,Heliomeris.multiflora,47,1,47
SP,2020,16,flavifrons,Cirsium.parryi,3,1,3
SP,2020,16,flavifrons,Heliomeris.multiflora,4,1,4
SP,2020,16,insularis,Cirsium.parryi,2,1,2
SP,2020,16,insularis,Heliomeris.multiflora,16,1,16
SP,2020,16,mixtus,Heliomeris.multiflora,2,1,2
SP,2020,16,occidentalis,Heliomeris.multiflora,2,1,2
SP,2020,16,rufocinctus,Heliomeris.multiflora,1,1,1
SP,2020,17,bifarius,Heliomeris.multiflora,16,1,16
SP,2020,17,flavifrons,Cirsium.parryi,1,1,1
SP,2020,17,insularis,Cirsium.parryi,3,1,3
SP,2020,17,insularis,Heliomeris.multiflora,4,1,4
SP,2021,4,occidentalis,Salix.sp,1,1,1
SP,2021,5,bifarius,Mertensia.fusiformis,2,1,2
SP,2021,5,occidentalis,Salix.sp,1,1,1
SP,2021,6,appositus,Delphinium.nuttallianum,1,1,1
SP,2021,6,appositus,Mertensia.fusiformis,1,1,1
SP,2021,6,bifarius,Mertensia.fusiformis,1,1,1
SP,2021,6,bifarius,Salix.sp,1,1,1
SP,2021,7,appositus,Delphinium.nuttallianum,3,1,3
SP,2021,7,appositus,Hydrophyllum.capitatum,1,1,1
SP,2021,7,flavifrons,Delphinium.nuttallianum,7,1,7
SP,2021,7,flavifrons,Hydrophyllum.capitatum,1,1,1
SP,2021,7,flavifrons,Hydrophyllum.fendleri,3,1,3
SP,2021,8,appositus,Delphinium.nuttallianum,3,1,3
SP,2021,8,appositus,Lathyrus.leucanthus,2,1,2
SP,2021,8,bifarius,Viola.praemorsa,1,1,1
SP,2021,8,flavifrons,Delphinium.nuttallianum,1,1,1
SP,2021,8,flavifrons,Hydrophyllum.fendleri,4,1,4
SP,2021,8,flavifrons,Mertensia.ciliata,1,1,1
SP,2021,8,mixtus,Hydrophyllum.fendleri,1,1,1
SP,2021,9,appositus,Lathyrus.leucanthus,9,1,9
SP,2021,9,appositus,Vicia.americana,1,1,1
SP,2021,9,bifarius,Hydrophyllum.fendleri,1,1,1
SP,2021,9,bifarius,Potentilla.pulcherrima,1,1,1
SP,2021,9,californicus,Lathyrus.leucanthus,1,1,1
SP,2021,9,flavifrons,Hydrophyllum.fendleri,3,1,3
SP,2021,9,mixtus,Hydrophyllum.fendleri,2,1,2
SP,2021,9,rufocinctus,Hydrophyllum.fendleri,1,1,1
SP,2021,10,appositus,Lathyrus.leucanthus,6,1,6
SP,2021,10,appositus,Vicia.americana,2,1,2
SP,2021,10,bifarius,Frasera.speciosa,2,1,2
SP,2021,10,bifarius,Hydrophyllum.fendleri,4,1,4
SP,2021,10,bifarius,Lathyrus.leucanthus,2,1,2
SP,2021,10,flavifrons,Delphinium.barbeyi,3,1,3
SP,2021,10,flavifrons,Frasera.speciosa,2,1,2
SP,2021,10,flavifrons,Hydrophyllum.fendleri,7,1,7
SP,2021,10,flavifrons,Mertensia.ciliata,6,1,6
SP,2021,10,flavifrons,Pedicularis.racemosa,1,1,1
SP,2021,10,flavifrons,Vicia.americana,4,1,4
SP,2021,10,mixtus,Hydrophyllum.fendleri,2,1,2
SP,2021,10,rufocinctus,Hydrophyllum.fendleri,1,1,1
SP,2021,10,rufocinctus,Potentilla.pulcherrima,1,1,1
SP,2021,11,appositus,Delphinium.barbeyi,12,1,12
SP,2021,11,appositus,Lathyrus.leucanthus,1,1,1
SP,2021,11,bifarius,Mertensia.ciliata,1,1,1
SP,2021,11,bifarius,Pedicularis.racemosa,2,1,2
SP,2021,11,bifarius,Potentilla.pulcherrima,1,1,1
SP,2021,11,flavifrons,Aconitum.columbianum,2,1,2
SP,2021,11,flavifrons,Delphinium.barbeyi,9,1,9
SP,2021,11,flavifrons,Helianthella.quinquenervis,3,1,3
SP,2021,11,flavifrons,Hydrophyllum.fendleri,3,1,3
SP,2021,11,flavifrons,Mertensia.ciliata,14,1,14
SP,2021,11,flavifrons,Potentilla.pulcherrima,3,1,3
SP,2021,11,flavifrons,Vicia.americana,4,1,4
SP,2021,11,mixtus,Mertensia.ciliata,1,1,1
SP,2021,11,mixtus,Pedicularis.racemosa,1,1,1
SP,2021,11,occidentalis,Pedicularis.racemosa,2,1,2
SP,2021,11,occidentalis,Potentilla.pulcherrima,2,1,2
SP,2021,11,rufocinctus,Potentilla.pulcherrima,1,1,1
SP,2021,12,appositus,Delphinium.barbeyi,12,1,12
SP,2021,12,appositus,Vicia.americana,1,1,1
SP,2021,12,bifarius,Helianthella.quinquenervis,1,1,1
SP,2021,12,bifarius,Pedicularis.racemosa,2,1,2
SP,2021,12,bifarius,Pentaphylloides.floribunda,2,1,2
SP,2021,12,bifarius,Potentilla.pulcherrima,3,1,3
SP,2021,12,flavifrons,Delphinium.barbeyi,33,1,33
SP,2021,12,flavifrons,Erigeron.speciosus,1,1,1
SP,2021,12,flavifrons,Helianthella.quinquenervis,4,1,4
SP,2021,12,flavifrons,Mertensia.ciliata,11,1,11
SP,2021,12,flavifrons,Pedicularis.racemosa,2,1,2
SP,2021,12,flavifrons,Potentilla.pulcherrima,4,1,4
SP,2021,12,flavifrons,Vicia.americana,4,1,4
SP,2021,12,mixtus,Erigeron.elatior,1,1,1
SP,2021,12,mixtus,Pedicularis.racemosa,2,1,2
SP,2021,12,mixtus,Pentaphylloides.floribunda,1,1,1
SP,2021,12,nevadensis,Delphinium.barbeyi,1,1,1
SP,2021,12,rufocinctus,Adenolinum.lewisii,1,1,1
SP,2021,12,rufocinctus,Erigeron.speciosus,4,1,4
SP,2021,12,rufocinctus,Potentilla.pulcherrima,1,1,1
SP,2021,13,appositus,Delphinium.barbeyi,31,1,31
SP,2021,13,appositus,Erigeron.speciosus,1,1,1
SP,2021,13,bifarius,Erigeron.speciosus,14,1,14
SP,2021,13,bifarius,Heliomeris.multiflora,4,1,4
SP,2021,13,bifarius,Pedicularis.racemosa,1,1,1
SP,2021,13,bifarius,Potentilla.pulcherrima,4,1,4
SP,2021,13,bifarius,Taraxacum.officinale,1,1,1
SP,2021,13,flavifrons,Adenolinum.lewisii,1,1,1
SP,2021,13,flavifrons,Castilleja.sulphurea,1,1,1
SP,2021,13,flavifrons,Cirsium.parryi,7,1,7
SP,2021,13,flavifrons,Delphinium.barbeyi,56,1,56
SP,2021,13,flavifrons,Erigeron.speciosus,1,1,1
SP,2021,13,flavifrons,Helianthella.quinquenervis,1,1,1
SP,2021,13,flavifrons,Heliomeris.multiflora,4,1,4
SP,2021,13,flavifrons,Pedicularis.racemosa,1,1,1
SP,2021,13,flavifrons,Pentaphylloides.floribunda,1,1,1
SP,2021,13,flavifrons,Potentilla.pulcherrima,9,1,9
SP,2021,13,flavifrons,Solidago.multiradiata,1,1,1
SP,2021,13,mixtus,Erigeron.speciosus,1,1,1
SP,2021,13,mixtus,Heliomeris.multiflora,1,1,1
SP,2021,13,mixtus,Mertensia.ciliata,2,1,2
SP,2021,13,mixtus,Potentilla.pulcherrima,1,1,1
SP,2021,13,mixtus,Solidago.multiradiata,1,1,1
SP,2021,13,nevadensis,Delphinium.barbeyi,5,1,5
SP,2021,13,nevadensis,Erigeron.speciosus,1,1,1
SP,2021,13,occidentalis,Erigeron.speciosus,5,1,5
SP,2021,13,occidentalis,Potentilla.pulcherrima,1,1,1
SP,2021,13,rufocinctus,Erigeron.speciosus,1,1,1
SP,2021,13,rufocinctus,Heliomeris.multiflora,1,1,1
SP,2021,13,rufocinctus,Potentilla.pulcherrima,1,1,1
SP,2021,14,appositus,Cirsium.parryi,1,1,1
SP,2021,14,appositus,Delphinium.barbeyi,26,1,26
SP,2021,14,appositus,Heliomeris.multiflora,2,1,2
SP,2021,14,bifarius,Dugaldia.hoopesii,1,1,1
SP,2021,14,bifarius,Erigeron.elatior,4,1,4
SP,2021,14,bifarius,Erigeron.speciosus,36,1,36
SP,2021,14,bifarius,Heliomeris.multiflora,9,1,9
SP,2021,14,bifarius,Pentaphylloides.floribunda,1,1,1
SP,2021,14,bifarius,Potentilla.pulcherrima,2,1,2
SP,2021,14,bifarius,Senecio.serra,1,1,1
SP,2021,14,bifarius,Solidago.multiradiata,2,1,2
SP,2021,14,californicus,Delphinium.barbeyi,1,1,1
SP,2021,14,flavifrons,Cirsium.parryi,15,1,15
SP,2021,14,flavifrons,Delphinium.barbeyi,60,1,60
SP,2021,14,flavifrons,Dugaldia.hoopesii,5,1,5
SP,2021,14,flavifrons,Erigeron.elatior,7,1,7
SP,2021,14,flavifrons,Erigeron.speciosus,7,1,7
SP,2021,14,flavifrons,Heliomeris.multiflora,16,1,16
SP,2021,14,flavifrons,Ligularia.bigelovii,4,1,4
SP,2021,14,flavifrons,Mertensia.ciliata,2,1,2
SP,2021,14,flavifrons,Senecio.serra,8,1,8
SP,2021,14,flavifrons,Solidago.multiradiata,4,1,4
SP,2021,14,mixtus,Erigeron.elatior,2,1,2
SP,2021,14,mixtus,Heliomeris.multiflora,5,1,5
SP,2021,14,mixtus,Solidago.multiradiata,1,1,1
SP,2021,14,occidentalis,Achillea.millefolium,1,1,1
SP,2021,14,occidentalis,Erigeron.speciosus,1,1,1
SP,2021,14,occidentalis,Heliomeris.multiflora,1,1,1
SP,2021,14,occidentalis,Pentaphylloides.floribunda,1,1,1
SP,2021,14,occidentalis,Potentilla.pulcherrima,2,1,2
SP,2021,14,occidentalis,Solidago.multiradiata,2,1,2
SP,2021,14,rufocinctus,Erigeron.elatior,1,1,1
SP,2021,14,rufocinctus,Erigeron.speciosus,8,1,8
SP,2021,15,appositus,Delphinium.barbeyi,6,1,6
SP,2021,15,appositus,Erigeron.elatior,1,1,1
SP,2021,15,appositus,Heliomeris.multiflora,4,1,4
SP,2021,15,appositus,Senecio.serra,2,1,2
SP,2021,15,bifarius,Erigeron.elatior,3,1,3
SP,2021,15,bifarius,Erigeron.speciosus,11,1,11
SP,2021,15,bifarius,Heliomeris.multiflora,82,1,82
SP,2021,15,bifarius,Pentaphylloides.floribunda,2,1,2
SP,2021,15,bifarius,Senecio.serra,2,1,2
SP,2021,15,bifarius,Solidago.multiradiata,1,1,1
SP,2021,15,flavifrons,Cirsium.parryi,22,1,22
SP,2021,15,flavifrons,Delphinium.barbeyi,26,1,26
SP,2021,15,flavifrons,Dugaldia.hoopesii,2,1,2
SP,2021,15,flavifrons,Erigeron.elatior,2,1,2
SP,2021,15,flavifrons,Erigeron.speciosus,3,1,3
SP,2021,15,flavifrons,Helianthella.quinquenervis,1,1,1
SP,2021,15,flavifrons,Heliomeris.multiflora,60,1,60
SP,2021,15,flavifrons,Ligularia.bigelovii,4,1,4
SP,2021,15,flavifrons,Senecio.serra,24,1,24
SP,2021,15,flavifrons,Solidago.multiradiata,1,1,1
SP,2021,15,flavifrons,Vicia.americana,1,1,1
SP,2021,15,insularis,Solidago.multiradiata,2,1,2
SP,2021,15,mixtus,Heliomeris.multiflora,11,1,11
SP,2021,15,mixtus,Solidago.multiradiata,4,1,4
SP,2021,15,occidentalis,Erigeron.elatior,1,1,1
SP,2021,15,occidentalis,Erigeron.speciosus,1,1,1
SP,2021,15,occidentalis,Heliomeris.multiflora,11,1,11
SP,2021,15,occidentalis,Potentilla.pulcherrima,1,1,1
SP,2021,15,occidentalis,Senecio.serra,5,1,5
SP,2021,15,occidentalis,Solidago.multiradiata,3,1,3
SP,2021,15,rufocinctus,Erigeron.elatior,1,1,1
SP,2021,15,rufocinctus,Erigeron.speciosus,1,1,1
SP,2021,15,rufocinctus,Heliomeris.multiflora,10,1,10
SP,2021,16,appositus,Cirsium.parryi,2,1,2
SP,2021,16,appositus,Delphinium.barbeyi,1,1,1
SP,2021,16,appositus,Gentiana.parryi,1,1,1
SP,2021,16,appositus,Heliomeris.multiflora,1,1,1
SP,2021,16,appositus,Senecio.serra,2,1,2
SP,2021,16,bifarius,Erigeron.speciosus,18,1,18
SP,2021,16,bifarius,Heliomeris.multiflora,95,1,95
SP,2021,16,bifarius,Pentaphylloides.floribunda,2,1,2
SP,2021,16,bifarius,Senecio.serra,1,1,1
SP,2021,16,flavifrons,Aster.foliaceus,1,1,1
SP,2021,16,flavifrons,Cirsium.parryi,3,1,3
SP,2021,16,flavifrons,Delphinium.barbeyi,2,1,2
SP,2021,16,flavifrons,Erigeron.elatior,3,1,3
SP,2021,16,flavifrons,Heliomeris.multiflora,101,1,101
SP,2021,16,flavifrons,Ligularia.bigelovii,1,1,1
SP,2021,16,flavifrons,Senecio.serra,29,1,29
SP,2021,16,flavifrons,Vicia.americana,1,1,1
SP,2021,16,insularis,Heliomeris.multiflora,9,1,9
SP,2021,16,insularis,Senecio.serra,6,1,6
SP,2021,16,mixtus,Heliomeris.multiflora,19,1,19
SP,2021,16,mixtus,Solidago.multiradiata,1,1,1
SP,2021,16,occidentalis,Heliomeris.multiflora,6,1,6
SP,2021,16,occidentalis,Pentaphylloides.floribunda,1,1,1
SP,2021,16,rufocinctus,Erigeron.speciosus,1,1,1
SP,2021,16,rufocinctus,Heliomeris.multiflora,28,1,28
SP,2021,16,rufocinctus,Pentaphylloides.floribunda,2,1,2
SP,2021,17,appositus,Gentiana.parryi,7,1,7
SP,2021,17,appositus,Heliomeris.multiflora,1,1,1
SP,2021,17,bifarius,Heliomeris.multiflora,113,1,113
SP,2021,17,flavifrons,Cirsium.parryi,4,1,4
SP,2021,17,flavifrons,Heliomeris.multiflora,76,1,76
SP,2021,17,flavifrons,Ligularia.bigelovii,1,1,1
SP,2021,17,flavifrons,Senecio.serra,27,1,27
SP,2021,17,insularis,Heliomeris.multiflora,24,1,24
SP,2021,17,insularis,Senecio.serra,6,1,6
SP,2021,17,mixtus,Heliomeris.multiflora,18,1,18
SP,2021,17,mixtus,Senecio.serra,2,1,2
SP,2021,17,occidentalis,Heliomeris.multiflora,6,1,6
SP,2021,17,occidentalis,Senecio.serra,1,1,1
SP,2021,17,rufocinctus,Heliomeris.multiflora,39,1,39
SP,2021,17,rufocinctus,Senecio.serra,1,1,1
SP,2021,18,appositus,Gentiana.parryi,4,1,4
SP,2021,18,bifarius,Heliomeris.multiflora,76,1,76
SP,2021,18,flavifrons,Erigeron.elatior,2,1,2
SP,2021,18,flavifrons,Heliomeris.multiflora,38,1,38
SP,2021,18,flavifrons,Senecio.serra,1,1,1
SP,2021,18,insularis,Heliomeris.multiflora,10,1,10
SP,2021,18,insularis,Senecio.serra,1,1,1
SP,2021,18,mixtus,Heliomeris.multiflora,6,1,6
SP,2021,18,occidentalis,Heliomeris.multiflora,5,1,5
SP,2021,18,rufocinctus,Heliomeris.multiflora,24,1,24
SP,2021,19,appositus,Gentiana.parryi,2,1,2
SP,2021,19,bifarius,Gentiana.parryi,1,1,1
SP,2021,19,bifarius,Heliomeris.multiflora,22,1,22
SP,2021,19,flavifrons,Gentiana.parryi,2,1,2
SP,2021,19,insularis,Aster.foliaceus,1,1,1
SP,2021,19,insularis,Heliomeris.multiflora,9,1,9
SP,2021,19,insularis,Senecio.serra,1,1,1
SP,2021,20,bifarius,Heliomeris.multiflora,15,1,15
SP,2022,1,bifarius,Claytonia.lanceolata,1,1,1
SP,2022,1,bifarius,Mertensia.fusiformis,1,1,1
SP,2022,2,bifarius,Mertensia.fusiformis,1,1,1
SP,2022,3,bifarius,Mertensia.fusiformis,3,1,3
SP,2022,3,bifarius,Salix.sp,1,1,1
SP,2022,3,insularis,Mertensia.fusiformis,1,1,1
SP,2022,4,appositus,Delphinium.nuttallianum,1,1,1
SP,2022,4,bifarius,Mertensia.fusiformis,1,1,1
SP,2022,4,bifarius,Salix.sp,3,1,3
SP,2022,4,flavifrons,Delphinium.nuttallianum,3,1,3
SP,2022,4,occidentalis,Salix.sp,1,1,1
SP,2022,5,appositus,Delphinium.nuttallianum,2,1,2
SP,2022,5,flavifrons,Delphinium.nuttallianum,4,1,4
SP,2022,5,flavifrons,Mertensia.fusiformis,1,1,1
SP,2022,5,flavifrons,Taraxacum.officinale,1,1,1
SP,2022,5,mixtus,Salix.wolfii,1,1,1
SP,2022,6,appositus,Delphinium.nuttallianum,1,1,1
SP,2022,6,flavifrons,Delphinium.nuttallianum,3,1,3
SP,2022,6,flavifrons,Hydrophyllum.fendleri,8,1,8
SP,2022,6,insularis,Hydrophyllum.fendleri,2,1,2
SP,2022,6,mixtus,Hydrophyllum.fendleri,1,1,1
SP,2022,7,appositus,Hydrophyllum.fendleri,1,1,1
SP,2022,7,appositus,Lathyrus.leucanthus,2,1,2
SP,2022,7,bifarius,Hydrophyllum.fendleri,4,1,4
SP,2022,7,flavifrons,Hydrophyllum.fendleri,14,1,14
SP,2022,7,flavifrons,Mertensia.ciliata,2,1,2
SP,2022,7,mixtus,Hydrophyllum.fendleri,2,1,2
SP,2022,8,appositus,Delphinium.nuttallianum,1,1,1
SP,2022,8,appositus,Lathyrus.leucanthus,7,1,7
SP,2022,8,bifarius,Hydrophyllum.fendleri,9,1,9
SP,2022,8,bifarius,Mertensia.ciliata,1,1,1
SP,2022,8,bifarius,Potentilla.pulcherrima,1,1,1
SP,2022,8,flavifrons,Hydrophyllum.fendleri,11,1,11
SP,2022,8,flavifrons,Lathyrus.leucanthus,1,1,1
SP,2022,8,flavifrons,Mertensia.ciliata,1,1,1
SP,2022,8,flavifrons,Vicia.americana,4,1,4
SP,2022,8,insularis,Hydrophyllum.fendleri,1,1,1
SP,2022,8,rufocinctus,Frasera.speciosa,2,1,2
SP,2022,9,appositus,Collomia.linearis,1,1,1
SP,2022,9,bifarius,Helianthella.quinquenervis,1,1,1
SP,2022,9,bifarius,Hydrophyllum.fendleri,1,1,1
SP,2022,9,bifarius,Mertensia.ciliata,1,1,1
SP,2022,9,flavifrons,Aconitum.columbianum,1,1,1
SP,2022,9,flavifrons,Castilleja.sulphurea,1,1,1
SP,2022,9,flavifrons,Delphinium.barbeyi,1,1,1
SP,2022,9,flavifrons,Hydrophyllum.fendleri,9,1,9
SP,2022,9,flavifrons,Lathyrus.leucanthus,2,1,2
SP,2022,9,flavifrons,Mertensia.ciliata,3,1,3
SP,2022,9,flavifrons,Potentilla.pulcherrima,1,1,1
SP,2022,9,flavifrons,Vicia.americana,2,1,2
SP,2022,9,insularis,Dugaldia.hoopesii,2,1,2
SP,2022,9,mixtus,Hydrophyllum.fendleri,1,1,1
SP,2022,9,mixtus,Mertensia.ciliata,1,1,1
SP,2022,9,mixtus,Pedicularis.racemosa,1,1,1
SP,2022,9,occidentalis,Pedicularis.racemosa,1,1,1
SP,2022,9,occidentalis,Potentilla.pulcherrima,1,1,1
SP,2022,9,rufocinctus,Frasera.speciosa,1,1,1
SP,2022,9,rufocinctus,Hydrophyllum.fendleri,2,1,2
SP,2022,10,appositus,Delphinium.barbeyi,2,1,2
SP,2022,10,appositus,Lathyrus.leucanthus,4,1,4
SP,2022,10,bifarius,Mertensia.ciliata,1,1,1
SP,2022,10,bifarius,Pedicularis.racemosa,4,1,4
SP,2022,10,californicus,Pedicularis.racemosa,1,1,1
SP,2022,10,flavifrons,Delphinium.barbeyi,1,1,1
SP,2022,10,flavifrons,Helianthella.quinquenervis,2,1,2
SP,2022,10,flavifrons,Hydrophyllum.fendleri,3,1,3
SP,2022,10,flavifrons,Mertensia.ciliata,5,1,5
SP,2022,10,flavifrons,Pedicularis.racemosa,5,1,5
SP,2022,10,flavifrons,Vicia.americana,1,1,1
SP,2022,10,insularis,Helianthella.quinquenervis,1,1,1
SP,2022,10,mixtus,Mertensia.ciliata,2,1,2
SP,2022,11,appositus,Cirsium.parryi,2,1,2
SP,2022,11,appositus,Delphinium.barbeyi,8,1,8
SP,2022,11,bifarius,Pedicularis.racemosa,1,1,1
SP,2022,11,bifarius,Potentilla.pulcherrima,1,1,1
SP,2022,11,flavifrons,Agoseris.glauca,1,1,1
SP,2022,11,flavifrons,Cirsium.parryi,2,1,2
SP,2022,11,flavifrons,Hydrophyllum.fendleri,4,1,4
SP,2022,11,flavifrons,Mertensia.ciliata,4,1,4
SP,2022,11,flavifrons,Pedicularis.racemosa,2,1,2
SP,2022,11,flavifrons,Solidago.multiradiata,1,1,1
SP,2022,11,flavifrons,Vicia.americana,3,1,3
SP,2022,11,mixtus,Dugaldia.hoopesii,1,1,1
SP,2022,11,mixtus,Mertensia.ciliata,1,1,1
SP,2022,11,occidentalis,Pedicularis.racemosa,2,1,2
SP,2022,11,rufocinctus,Adenolinum.lewisii,1,1,1
SP,2022,11,rufocinctus,Hydrophyllum.fendleri,1,1,1
SP,2022,12,appositus,Cirsium.parryi,2,1,2
SP,2022,12,appositus,Delphinium.barbeyi,5,1,5
SP,2022,12,bifarius,Cirsium.parryi,1,1,1
SP,2022,12,bifarius,Erigeron.elatior,1,1,1
SP,2022,12,bifarius,Heliomeris.multiflora,19,1,19
SP,2022,12,bifarius,Ligularia.bigelovii,4,1,4
SP,2022,12,flavifrons,Cirsium.parryi,8,1,8
SP,2022,12,flavifrons,Delphinium.barbeyi,6,1,6
SP,2022,12,flavifrons,Heliomeris.multiflora,4,1,4
SP,2022,12,flavifrons,Ligularia.bigelovii,16,1,16
SP,2022,12,flavifrons,Pedicularis.racemosa,1,1,1
SP,2022,12,flavifrons,Vicia.americana,2,1,2
SP,2022,12,insularis,Heliomeris.multiflora,2,1,2
SP,2022,12,mixtus,Cirsium.parryi,1,1,1
SP,2022,12,mixtus,Heliomeris.multiflora,1,1,1
SP,2022,12,mixtus,Ligularia.bigelovii,1,1,1
SP,2022,12,mixtus,Pedicularis.racemosa,2,1,2
SP,2022,12,occidentalis,Pedicularis.racemosa,2,1,2
SP,2022,12,rufocinctus,Heliomeris.multiflora,11,1,11
SP,2022,12,rufocinctus,Solidago.multiradiata,1,1,1
SP,2022,13,appositus,Delphinium.barbeyi,6,1,6
SP,2022,13,appositus,Potentilla.pulcherrima,1,1,1
SP,2022,13,bifarius,Erigeron.speciosus,1,1,1
SP,2022,13,bifarius,Heliomeris.multiflora,23,1,23
SP,2022,13,bifarius,Ligularia.bigelovii,1,1,1
SP,2022,13,bifarius,Solidago.multiradiata,2,1,2
SP,2022,13,flavifrons,Cirsium.parryi,5,1,5
SP,2022,13,flavifrons,Delphinium.barbeyi,7,1,7
SP,2022,13,flavifrons,Heliomeris.multiflora,7,1,7
SP,2022,13,flavifrons,Ligularia.bigelovii,11,1,11
SP,2022,13,flavifrons,Senecio.serra,1,1,1
SP,2022,13,flavifrons,Solidago.multiradiata,1,1,1
SP,2022,13,insularis,Heliomeris.multiflora,5,1,5
SP,2022,13,insularis,Ligularia.bigelovii,1,1,1
SP,2022,13,mixtus,Dugaldia.hoopesii,1,1,1
SP,2022,13,mixtus,Heliomeris.multiflora,10,1,10
SP,2022,13,rufocinctus,Heliomeris.multiflora,11,1,11
SP,2022,13,rufocinctus,Solidago.multiradiata,1,1,1
SP,2022,14,appositus,Cirsium.parryi,1,1,1
SP,2022,14,appositus,Heliomeris.multiflora,5,1,5
SP,2022,14,bifarius,Heliomeris.multiflora,76,1,76
SP,2022,14,flavifrons,Cirsium.parryi,14,1,14
SP,2022,14,flavifrons,Heliomeris.multiflora,56,1,56
SP,2022,14,flavifrons,Ligularia.bigelovii,3,1,3
SP,2022,14,insularis,Heliomeris.multiflora,5,1,5
SP,2022,14,mixtus,Heliomeris.multiflora,10,1,10
SP,2022,14,occidentalis,Heliomeris.multiflora,2,1,2
SP,2022,14,rufocinctus,Heliomeris.multiflora,16,1,16
SP,2022,15,appositus,Cirsium.parryi,1,1,1
SP,2022,15,appositus,Gentiana.parryi,1,1,1
SP,2022,15,appositus,Heliomeris.multiflora,1,1,1
SP,2022,15,bifarius,Heliomeris.multiflora,65,1,65
SP,2022,15,flavifrons,Cirsium.parryi,7,1,7
SP,2022,15,flavifrons,Heliomeris.multiflora,55,1,55
SP,2022,15,insularis,Heliomeris.multiflora,60,1,60
SP,2022,15,mixtus,Heliomeris.multiflora,12,1,12
SP,2022,15,occidentalis,Heliomeris.multiflora,14,1,14
SP,2022,15,rufocinctus,Heliomeris.multiflora,7,1,7
SP,2022,16,appositus,Gentiana.parryi,1,1,1
SP,2022,16,bifarius,Heliomeris.multiflora,63,1,63
SP,2022,16,flavifrons,Cirsium.parryi,4,1,4
SP,2022,16,flavifrons,Heliomeris.multiflora,21,1,21
SP,2022,16,insularis,Heliomeris.multiflora,35,1,35
SP,2022,16,mixtus,Heliomeris.multiflora,12,1,12
SP,2022,16,occidentalis,Heliomeris.multiflora,3,1,3
SP,2022,16,rufocinctus,Heliomeris.multiflora,1,1,1
SP,2022,17,bifarius,Heliomeris.multiflora,23,1,23
SP,2022,17,flavifrons,Heliomeris.multiflora,3,1,3
SP,2022,17,insularis,Heliomeris.multiflora,36,1,36
SP,2022,17,mixtus,Heliomeris.multiflora,4,1,4
SP,2022,18,bifarius,Heliomeris.multiflora,6,1,6
SP,2022,18,insularis,Heliomeris.multiflora,6,1,6
SP,2023,2,bifarius,Erythronium.grandiflorum,1,1,1
SP,2023,2,bifarius,Mertensia.fusiformis,1,1,1
SP,2023,2,bifarius,Salix.sp,1,1,1
SP,2023,2,occidentalis,Salix.sp,1,1,1
SP,2023,3,bifarius,Mertensia.fusiformis,3,1,3
SP,2023,3,bifarius,Salix.sp,1,1,1
SP,2023,3,flavifrons,Mertensia.fusiformis,2,1,2
SP,2023,3,occidentalis,Salix.sp,1,1,1
SP,2023,4,appositus,Salix.sp,1,1,1
SP,2023,4,bifarius,Delphinium.nuttallianum,1,1,1
SP,2023,4,bifarius,Salix.sp,1,1,1
SP,2023,4,flavifrons,Delphinium.nuttallianum,1,1,1
SP,2023,4,flavifrons,Hydrophyllum.fendleri,1,1,1
SP,2023,4,insularis,Salix.sp,1,1,1
SP,2023,5,bifarius,Salix.sp,2,2,1
SP,2023,5,californicus,Delphinium.nuttallianum,1,2,0.5
SP,2023,5,flavifrons,Delphinium.nuttallianum,6,2,3
SP,2023,5,flavifrons,Hydrophyllum.fendleri,2,2,1
SP,2023,5,flavifrons,Mertensia.fusiformis,1,2,0.5
SP,2023,6,appositus,Delphinium.nuttallianum,3,2,1.5
SP,2023,6,bifarius,Hydrophyllum.fendleri,5,2,2.5
SP,2023,6,flavifrons,Delphinium.nuttallianum,4,2,2
SP,2023,6,flavifrons,Hydrophyllum.fendleri,7,2,3.5
SP,2023,6,flavifrons,Lathyrus.leucanthus,1,2,0.5
SP,2023,6,rufocinctus,Hydrophyllum.fendleri,1,2,0.5
SP,2023,7,bifarius,Hydrophyllum.fendleri,2,1,2
SP,2023,7,flavifrons,Hydrophyllum.fendleri,2,1,2
SP,2023,7,mixtus,Hydrophyllum.fendleri,1,1,1
SP,2023,7,rufocinctus,Lathyrus.leucanthus,1,1,1
SP,2023,8,appositus,Lathyrus.leucanthus,3,2,1.5
SP,2023,8,bifarius,Hydrophyllum.fendleri,2,2,1
SP,2023,8,flavifrons,Hydrophyllum.fendleri,1,2,0.5
SP,2023,8,flavifrons,Mertensia.ciliata,1,2,0.5
SP,2023,8,insularis,Hydrophyllum.fendleri,1,2,0.5
SP,2023,8,insularis,Lathyrus.leucanthus,1,2,0.5
SP,2023,8,mixtus,Hydrophyllum.fendleri,5,2,2.5
SP,2023,8,mixtus,Mertensia.ciliata,1,2,0.5
SP,2023,8,rufocinctus,Hydrophyllum.fendleri,2,2,1
SP,2023,9,appositus,Delphinium.barbeyi,4,1,4
SP,2023,9,bifarius,Helianthella.quinquenervis,1,1,1
SP,2023,9,flavifrons,Delphinium.barbeyi,1,1,1
SP,2023,9,flavifrons,Hydrophyllum.fendleri,3,1,3
SP,2023,9,flavifrons,Mertensia.ciliata,5,1,5
SP,2023,9,flavifrons,Pedicularis.racemosa,1,1,1
SP,2023,9,flavifrons,Vicia.americana,2,1,2
SP,2023,9,insularis,Helianthella.quinquenervis,1,1,1
SP,2023,9,mixtus,Hydrophyllum.fendleri,1,1,1
SP,2023,10,appositus,Delphinium.barbeyi,5,1,5
SP,2023,10,bifarius,Ligularia.bigelovii,1,1,1
SP,2023,10,flavifrons,Delphinium.barbeyi,4,1,4
SP,2023,10,flavifrons,Hydrophyllum.fendleri,1,1,1
SP,2023,10,flavifrons,Mertensia.ciliata,3,1,3
SP,2023,10,flavifrons,Pedicularis.racemosa,1,1,1
SP,2023,10,flavifrons,Vicia.americana,1,1,1
SP,2023,10,mixtus,Dugaldia.hoopesii,1,1,1
SP,2023,10,rufocinctus,Helianthella.quinquenervis,2,1,2
SP,2023,11,appositus,Delphinium.barbeyi,9,1,9
SP,2023,11,flavifrons,Delphinium.barbeyi,2,1,2
SP,2023,11,mixtus,Delphinium.barbeyi,2,1,2
SP,2023,11,nevadensis,Delphinium.barbeyi,2,1,2
SP,2023,12,appositus,Cirsium.parryi,1,1,1
SP,2023,12,appositus,Delphinium.barbeyi,8,1,8
SP,2023,12,appositus,Heliomeris.multiflora,2,1,2
SP,2023,12,bifarius,Heliomeris.multiflora,1,1,1
SP,2023,12,nevadensis,Delphinium.barbeyi,1,1,1
SP,2023,12,rufocinctus,Erigeron.speciosus,1,1,1
SP,2023,12,rufocinctus,Heliomeris.multiflora,1,1,1
SP,2023,13,appositus,Delphinium.barbeyi,1,1,1
SP,2023,13,bifarius,Heliomeris.multiflora,4,1,4
SP,2023,13,flavifrons,Heliomeris.multiflora,1,1,1
SP,2023,13,rufocinctus,Heliomeris.multiflora,1,1,1
SP,2023,14,bifarius,Heliomeris.multiflora,4,1,4
SP,2023,14,flavifrons,Heliomeris.multiflora,5,1,5
SP,2023,14,mixtus,Heliomeris.multiflora,2,1,2
SP,2023,14,rufocinctus,Heliomeris.multiflora,4,1,4
SP,2023,15,appositus,Heliomeris.multiflora,1,1,1
SP,2023,15,bifarius,Heliomeris.multiflora,1,1,1
SP,2023,15,flavifrons,Heliomeris.multiflora,1,1,1
SP,2023,15,mixtus,Heliomeris.multiflora,1,1,1
SP,2023,15,rufocinctus,Heliomeris.multiflora,4,1,4
