year,site,site.code,plant.species,week,flw.per.meter.sum.week,flw.count.sum.week
2015,Avery.Wash,AW,Achillea.millefolium,10,1.6,4
2015,Avery.Wash,AW,Achillea.millefolium,11,3.5999999999999996,9
2015,Avery.Wash,AW,Achillea.millefolium,12,1.2000000000000002,3
2015,Avery.Wash,AW,Achillea.millefolium,13,2.8,7
2015,Avery.Wash,AW,Achillea.millefolium,14,0.8,2
2015,Avery.Wash,AW,Achillea.millefolium,15,0.8,2
2015,Avery.Wash,AW,Achillea.millefolium,16,0.8,2
2015,Avery.Wash,AW,Adenolinum.lewisii,11,0.4,1
2015,Avery.Wash,AW,Agoseris.aurantiaca,8,0.4,1
2015,Avery.Wash,AW,Agoseris.aurantiaca,11,3.6,9
2015,Avery.Wash,AW,Agoseris.aurantiaca,12,2.8,7
2015,Avery.Wash,AW,Aquilegia.coerulea,7,2,5
2015,Avery.Wash,AW,Aquilegia.coerulea,8,5.2,13
2015,Avery.Wash,AW,Aquilegia.coerulea,9,4,10
2015,Avery.Wash,AW,Aquilegia.coerulea,10,1.2000000000000002,3
2015,Avery.Wash,AW,Claytonia.lanceolata,1,17.2,43
2015,Avery.Wash,AW,Claytonia.lanceolata,2,126,315
2015,Avery.Wash,AW,Claytonia.lanceolata,3,103.6,259
2015,Avery.Wash,AW,Claytonia.lanceolata,4,224.4,561
2015,Avery.Wash,AW,Claytonia.lanceolata,5,63.2,158
2015,Avery.Wash,AW,Claytonia.lanceolata,6,1.6,4
2015,Avery.Wash,AW,Collomia.linearis,9,16.4,41
2015,Avery.Wash,AW,Collomia.linearis,10,129.2,323
2015,Avery.Wash,AW,Collomia.linearis,11,95.2,238
2015,Avery.Wash,AW,Collomia.linearis,16,7.199999999999999,18
2015,Avery.Wash,AW,Delphinium.barbeyi,9,14.4,36
2015,Avery.Wash,AW,Delphinium.barbeyi,10,83.2,208
2015,Avery.Wash,AW,Delphinium.barbeyi,11,211.20000000000002,528
2015,Avery.Wash,AW,Delphinium.barbeyi,12,202,505
2015,Avery.Wash,AW,Delphinium.nuttallianum,6,18,45
2015,Avery.Wash,AW,Delphinium.nuttallianum,7,6.8,17
2015,Avery.Wash,AW,Delphinium.nuttallianum,8,0.4,1
2015,Avery.Wash,AW,Draba.aurea,8,0,0
2015,Avery.Wash,AW,Dugaldia.hoopesii,7,3.5999999999999996,9
2015,Avery.Wash,AW,Dugaldia.hoopesii,8,10.4,26
2015,Avery.Wash,AW,Dugaldia.hoopesii,9,10.4,26
2015,Avery.Wash,AW,Dugaldia.hoopesii,10,12.8,32
2015,Avery.Wash,AW,Dugaldia.hoopesii,11,15.2,38
2015,Avery.Wash,AW,Dugaldia.hoopesii,12,5.2,13
2015,Avery.Wash,AW,Erigeron.elatior,10,22,55
2015,Avery.Wash,AW,Erigeron.elatior,11,64,160
2015,Avery.Wash,AW,Erigeron.elatior,12,80.8,202
2015,Avery.Wash,AW,Erigeron.elatior,13,47.199999999999996,118
2015,Avery.Wash,AW,Erigeron.elatior,14,6.8,17
2015,Avery.Wash,AW,Erigeron.elatior,15,4,10
2015,Avery.Wash,AW,Erigeron.flagellaris,9,19.599999999999998,49
2015,Avery.Wash,AW,Erigeron.flagellaris,10,31.200000000000003,78
2015,Avery.Wash,AW,Erigeron.flagellaris,11,17.6,44
2015,Avery.Wash,AW,Erigeron.flagellaris,12,11.6,29
2015,Avery.Wash,AW,Erigeron.speciosus,9,5.2,13
2015,Avery.Wash,AW,Erigeron.speciosus,11,5.6,14
2015,Avery.Wash,AW,Erigeron.speciosus,12,48.4,121
2015,Avery.Wash,AW,Erigeron.speciosus,13,31.6,79
2015,Avery.Wash,AW,Erigeron.speciosus,14,6.8,17
2015,Avery.Wash,AW,Erigeron.speciosus,15,4,10
2015,Avery.Wash,AW,Erigeron.speciosus,16,0.8,2
2015,Avery.Wash,AW,Erythronium.grandiflorum,4,0.4,1
2015,Avery.Wash,AW,Fragaria.virginiana,5,6.8,17
2015,Avery.Wash,AW,Fragaria.virginiana,6,40,100
2015,Avery.Wash,AW,Fragaria.virginiana,7,2.8,7
2015,Avery.Wash,AW,Geranium.richardsonii,7,6.4,16
2015,Avery.Wash,AW,Geranium.richardsonii,8,3.1999999999999997,8
2015,Avery.Wash,AW,Geranium.richardsonii,9,5.2,13
2015,Avery.Wash,AW,Geranium.richardsonii,10,2.8,7
2015,Avery.Wash,AW,Geranium.richardsonii,11,0.8,2
2015,Avery.Wash,AW,Geranium.richardsonii,12,0.4,1
2015,Avery.Wash,AW,Helianthella.quinquenervis,8,8.4,21
2015,Avery.Wash,AW,Helianthella.quinquenervis,9,10.8,27
2015,Avery.Wash,AW,Helianthella.quinquenervis,10,11.2,28
2015,Avery.Wash,AW,Helianthella.quinquenervis,11,3.6,9
2015,Avery.Wash,AW,Helianthella.quinquenervis,12,0.8,2
2015,Avery.Wash,AW,Heliomeris.multiflora,11,1.2,3
2015,Avery.Wash,AW,Heliomeris.multiflora,12,22.8,57
2015,Avery.Wash,AW,Heliomeris.multiflora,13,54.4,136
2015,Avery.Wash,AW,Heliomeris.multiflora,14,21.2,53
2015,Avery.Wash,AW,Heliomeris.multiflora,15,23.2,58
2015,Avery.Wash,AW,Heliomeris.multiflora,16,12.799999999999999,32
2015,Avery.Wash,AW,Heracleum.sphondylium,9,1.6,4
2015,Avery.Wash,AW,Heracleum.sphondylium,10,3.2,8
2015,Avery.Wash,AW,Hydrophyllum.fendleri,6,1.6,4
2015,Avery.Wash,AW,Hydrophyllum.fendleri,7,77.6,194
2015,Avery.Wash,AW,Hydrophyllum.fendleri,8,62.4,156
2015,Avery.Wash,AW,Hydrophyllum.fendleri,9,32.8,82
2015,Avery.Wash,AW,Hydrophyllum.fendleri,10,4,10
2015,Avery.Wash,AW,Hydrophyllum.fendleri,11,4.4,11
2015,Avery.Wash,AW,Lathyrus.leucanthus,6,0.8,2
2015,Avery.Wash,AW,Lathyrus.leucanthus,7,128.4,321
2015,Avery.Wash,AW,Lathyrus.leucanthus,8,278.4,696
2015,Avery.Wash,AW,Lathyrus.leucanthus,9,51.199999999999996,128
2015,Avery.Wash,AW,Lathyrus.leucanthus,10,16.4,41
2015,Avery.Wash,AW,Lathyrus.leucanthus,11,2,5
2015,Avery.Wash,AW,Ligularia.bigelovii,11,8.8,22
2015,Avery.Wash,AW,Ligularia.bigelovii,12,8,20
2015,Avery.Wash,AW,Ligularia.bigelovii,13,0.8,2
2015,Avery.Wash,AW,Ligusticum.porteri,10,25.2,63
2015,Avery.Wash,AW,Ligusticum.porteri,11,8.8,22
2015,Avery.Wash,AW,Mertensia.ciliata,7,0.8,2
2015,Avery.Wash,AW,Mertensia.ciliata,9,4,10
2015,Avery.Wash,AW,Mertensia.ciliata,10,7.2,18
2015,Avery.Wash,AW,Mertensia.ciliata,11,12,30
2015,Avery.Wash,AW,Mertensia.fusiformis,2,1.2,3
2015,Avery.Wash,AW,Mertensia.fusiformis,3,40.800000000000004,102
2015,Avery.Wash,AW,Mertensia.fusiformis,4,94.8,237
2015,Avery.Wash,AW,Mertensia.fusiformis,5,71.6,179
2015,Avery.Wash,AW,Mertensia.fusiformis,6,15.6,39
2015,Avery.Wash,AW,Mertensia.fusiformis,7,0.8,2
2015,Avery.Wash,AW,Mertensia.fusiformis,8,0.8,2
2015,Avery.Wash,AW,Potentilla.pulcherrima,6,7.6000000000000005,19
2015,Avery.Wash,AW,Potentilla.pulcherrima,7,110.4,276
2015,Avery.Wash,AW,Potentilla.pulcherrima,8,179.6,449
2015,Avery.Wash,AW,Potentilla.pulcherrima,9,140,350
2015,Avery.Wash,AW,Potentilla.pulcherrima,10,256.4,641
2015,Avery.Wash,AW,Potentilla.pulcherrima,11,172.8,432
2015,Avery.Wash,AW,Potentilla.pulcherrima,12,40.4,101
2015,Avery.Wash,AW,Ranunculus.inamoenus,3,2,5
2015,Avery.Wash,AW,Ranunculus.inamoenus,4,7.2,18
2015,Avery.Wash,AW,Ranunculus.inamoenus,5,13.6,34
2015,Avery.Wash,AW,Ranunculus.inamoenus,6,5.6,14
2015,Avery.Wash,AW,Ranunculus.inamoenus,7,5.2,13
2015,Avery.Wash,AW,Ranunculus.inamoenus,8,1.2,3
2015,Avery.Wash,AW,Ranunculus.inamoenus,9,0.8,2
2015,Avery.Wash,AW,Senecio.crassulus,8,3.5999999999999996,9
2015,Avery.Wash,AW,Senecio.crassulus,9,5.6,14
2015,Avery.Wash,AW,Senecio.serra,11,0.6000000000000001,1.5
2015,Avery.Wash,AW,Senecio.serra,12,106.8,267
2015,Avery.Wash,AW,Senecio.serra,13,91.2,228
2015,Avery.Wash,AW,Senecio.serra,14,2.8,7
2015,Avery.Wash,AW,Senecio.serra,15,2,5
2015,Avery.Wash,AW,Senecio.serra,16,0.4,1
2015,Avery.Wash,AW,Solidago.multiradiata,9,6.4,16
2015,Avery.Wash,AW,Solidago.multiradiata,10,6,15
2015,Avery.Wash,AW,Solidago.multiradiata,11,28.8,72
2015,Avery.Wash,AW,Solidago.multiradiata,12,10.8,27
2015,Avery.Wash,AW,Taraxacum.officinale,4,0.4,1
2015,Avery.Wash,AW,Taraxacum.officinale,5,6,15
2015,Avery.Wash,AW,Taraxacum.officinale,6,4.4,11
2015,Avery.Wash,AW,Taraxacum.officinale,8,0.4,1
2015,Avery.Wash,AW,Taraxacum.officinale,11,0.4,1
2015,Avery.Wash,AW,Veratrum.tenuipetalum,9,0.4,1
2015,Avery.Wash,AW,Veratrum.tenuipetalum,11,0.4,1
2015,Avery.Wash,AW,Vicia.americana,8,31.2,78
2015,Avery.Wash,AW,Vicia.americana,9,56.800000000000004,142
2015,Avery.Wash,AW,Vicia.americana,10,108,270
2015,Avery.Wash,AW,Vicia.americana,11,50.4,126
2015,Avery.Wash,AW,Vicia.americana,12,8.8,22
2015,Avery.Wash,AW,Vicia.americana,13,1.2,3
2015,Avery.Wash,AW,Viola.praemorsa,3,0.8,2
2015,Avery.Wash,AW,Viola.praemorsa,4,5.2,13
2015,Avery.Wash,AW,Viola.praemorsa,5,42.4,106
2015,Avery.Wash,AW,Viola.praemorsa,6,2.8,7
2015,Copper.Creek,CC,Achillea.millefolium,10,0.4,1
2015,Copper.Creek,CC,Achillea.millefolium,11,0.4,1
2015,Copper.Creek,CC,Achillea.millefolium,12,0.4,1
2015,Copper.Creek,CC,Achillea.millefolium,13,0.8,2
2015,Copper.Creek,CC,Achillea.millefolium,14,0.4,1
2015,Copper.Creek,CC,Achillea.millefolium,15,0.4,1
2015,Copper.Creek,CC,Achillea.millefolium,16,0.8,2
2015,Copper.Creek,CC,Aconitum.columbianum,9,24,60
2015,Copper.Creek,CC,Aconitum.columbianum,10,37.2,93
2015,Copper.Creek,CC,Aconitum.columbianum,11,51.2,128
2015,Copper.Creek,CC,Aconitum.columbianum,12,22.4,56
2015,Copper.Creek,CC,Aconitum.columbianum,13,1.2,3
2015,Copper.Creek,CC,Adenolinum.lewisii,8,0.4,1
2015,Copper.Creek,CC,Adenolinum.lewisii,9,10.799999999999999,27
2015,Copper.Creek,CC,Adenolinum.lewisii,10,8,20
2015,Copper.Creek,CC,Adenolinum.lewisii,11,14.799999999999999,37
2015,Copper.Creek,CC,Adenolinum.lewisii,12,8.4,21
2015,Copper.Creek,CC,Aquilegia.coerulea,9,0.4,1
2015,Copper.Creek,CC,Aquilegia.coerulea,10,0.8,2
2015,Copper.Creek,CC,Calochortus.gunnisonii,12,0.4,1
2015,Copper.Creek,CC,Campanula.rotundifolia,12,0.4,1
2015,Copper.Creek,CC,Campanula.rotundifolia,13,1.2,3
2015,Copper.Creek,CC,Claytonia.lanceolata,1,484,1210
2015,Copper.Creek,CC,Claytonia.lanceolata,2,868,2170
2015,Copper.Creek,CC,Claytonia.lanceolata,3,1119.2,2798
2015,Copper.Creek,CC,Claytonia.lanceolata,4,138.8,347
2015,Copper.Creek,CC,Claytonia.lanceolata,5,19.599999999999998,49
2015,Copper.Creek,CC,Claytonia.lanceolata,6,0.4,1
2015,Copper.Creek,CC,Collomia.linearis,9,5.6,14
2015,Copper.Creek,CC,Collomia.linearis,10,28.400000000000002,71
2015,Copper.Creek,CC,Collomia.linearis,12,3.6,9
2015,Copper.Creek,CC,Delphinium.barbeyi,9,16.8,42
2015,Copper.Creek,CC,Delphinium.barbeyi,10,63.599999999999994,159
2015,Copper.Creek,CC,Delphinium.barbeyi,11,161.2,403
2015,Copper.Creek,CC,Delphinium.barbeyi,12,171.6,429
2015,Copper.Creek,CC,Delphinium.barbeyi,13,15.200000000000001,38
2015,Copper.Creek,CC,Delphinium.nuttallianum,4,22.8,57
2015,Copper.Creek,CC,Delphinium.nuttallianum,5,116,290
2015,Copper.Creek,CC,Delphinium.nuttallianum,6,199.6,499
2015,Copper.Creek,CC,Delphinium.nuttallianum,7,124.8,312
2015,Copper.Creek,CC,Delphinium.nuttallianum,8,8.8,22
2015,Copper.Creek,CC,Delphinium.nuttallianum,9,0.8,2
2015,Copper.Creek,CC,Dugaldia.hoopesii,9,1.6,4
2015,Copper.Creek,CC,Dugaldia.hoopesii,10,1.6,4
2015,Copper.Creek,CC,Erigeron.elatior,11,8,20
2015,Copper.Creek,CC,Erigeron.elatior,12,15.6,39
2015,Copper.Creek,CC,Erigeron.elatior,13,28.799999999999997,72
2015,Copper.Creek,CC,Erigeron.elatior,14,2.8,7
2015,Copper.Creek,CC,Erigeron.elatior,15,2.4,6
2015,Copper.Creek,CC,Erigeron.speciosus,9,0.4,1
2015,Copper.Creek,CC,Erigeron.speciosus,10,9.2,23
2015,Copper.Creek,CC,Erigeron.speciosus,11,60,150
2015,Copper.Creek,CC,Erigeron.speciosus,12,75.2,188
2015,Copper.Creek,CC,Erigeron.speciosus,13,204.4,511
2015,Copper.Creek,CC,Erigeron.speciosus,14,57.6,144
2015,Copper.Creek,CC,Erigeron.speciosus,15,27.2,68
2015,Copper.Creek,CC,Erigeron.speciosus,16,2,5
2015,Copper.Creek,CC,Eriogonum.umbellatum,9,0.4,1
2015,Copper.Creek,CC,Eriogonum.umbellatum,10,0.4,1
2015,Copper.Creek,CC,Erysimum.capitatum,8,0.4,1
2015,Copper.Creek,CC,Geranium.richardsonii,7,2.8,7
2015,Copper.Creek,CC,Geranium.richardsonii,8,10.8,27
2015,Copper.Creek,CC,Geranium.richardsonii,9,44,110
2015,Copper.Creek,CC,Geranium.richardsonii,10,14.4,36
2015,Copper.Creek,CC,Geranium.richardsonii,11,14.4,36
2015,Copper.Creek,CC,Geranium.richardsonii,12,9.2,23
2015,Copper.Creek,CC,Geranium.richardsonii,13,0.4,1
2015,Copper.Creek,CC,Hackelia.floribunda,9,9.2,23
2015,Copper.Creek,CC,Hackelia.floribunda,10,8.4,21
2015,Copper.Creek,CC,Helianthella.quinquenervis,9,16,40
2015,Copper.Creek,CC,Helianthella.quinquenervis,10,17.2,43
2015,Copper.Creek,CC,Helianthella.quinquenervis,11,30.4,76
2015,Copper.Creek,CC,Helianthella.quinquenervis,12,23.2,58
2015,Copper.Creek,CC,Heliomeris.multiflora,10,1.6,4
2015,Copper.Creek,CC,Heliomeris.multiflora,11,15.200000000000001,38
2015,Copper.Creek,CC,Heliomeris.multiflora,12,58.8,147
2015,Copper.Creek,CC,Heliomeris.multiflora,13,272,680
2015,Copper.Creek,CC,Heliomeris.multiflora,14,70,175
2015,Copper.Creek,CC,Heliomeris.multiflora,15,35.6,89
2015,Copper.Creek,CC,Heliomeris.multiflora,16,6,15
2015,Copper.Creek,CC,Heracleum.sphondylium,9,13.200000000000001,33
2015,Copper.Creek,CC,Heracleum.sphondylium,10,14.8,37
2015,Copper.Creek,CC,Heracleum.sphondylium,11,8,20
2015,Copper.Creek,CC,Heracleum.sphondylium,12,2,5
2015,Copper.Creek,CC,Hydrophyllum.capitatum,3,2,5
2015,Copper.Creek,CC,Hydrophyllum.capitatum,4,86.8,217
2015,Copper.Creek,CC,Hydrophyllum.capitatum,6,110.4,276
2015,Copper.Creek,CC,Hydrophyllum.fendleri,5,254.8,637
2015,Copper.Creek,CC,Hydrophyllum.fendleri,6,1.6,4
2015,Copper.Creek,CC,Hydrophyllum.fendleri,7,22.4,56
2015,Copper.Creek,CC,Hydrophyllum.fendleri,8,63.6,159
2015,Copper.Creek,CC,Hydrophyllum.fendleri,9,44,110
2015,Copper.Creek,CC,Hydrophyllum.fendleri,10,8.4,21
2015,Copper.Creek,CC,Lathyrus.leucanthus,5,0.8,2
2015,Copper.Creek,CC,Lathyrus.leucanthus,6,7.2,18
2015,Copper.Creek,CC,Lathyrus.leucanthus,7,43.6,109
2015,Copper.Creek,CC,Lathyrus.leucanthus,8,26.4,66
2015,Copper.Creek,CC,Lathyrus.leucanthus,9,23.6,59
2015,Copper.Creek,CC,Lathyrus.leucanthus,10,6.8,17
2015,Copper.Creek,CC,Ligularia.bigelovii,12,1.2000000000000002,3
2015,Copper.Creek,CC,Ligularia.bigelovii,13,3.1999999999999997,8
2015,Copper.Creek,CC,Ligusticum.porteri,7,2.4,6
2015,Copper.Creek,CC,Ligusticum.porteri,9,29.2,73
2015,Copper.Creek,CC,Ligusticum.porteri,10,13.2,33
2015,Copper.Creek,CC,Ligusticum.porteri,11,9.6,24
2015,Copper.Creek,CC,Ligusticum.porteri,12,0.4,1
2015,Copper.Creek,CC,Ligusticum.porteri,13,0.4,1
2015,Copper.Creek,CC,Lupinus.bakeri,6,0.4,1
2015,Copper.Creek,CC,Lupinus.bakeri,7,108,270
2015,Copper.Creek,CC,Lupinus.bakeri,8,138,345
2015,Copper.Creek,CC,Lupinus.bakeri,9,28,70
2015,Copper.Creek,CC,Lupinus.bakeri,10,7.6,19
2015,Copper.Creek,CC,Lupinus.bakeri,11,3.6,9
2015,Copper.Creek,CC,Mahonia.repens,3,1.2000000000000002,3
2015,Copper.Creek,CC,Mahonia.repens,4,16.4,41
2015,Copper.Creek,CC,Mahonia.repens,5,21.6,54
2015,Copper.Creek,CC,Mahonia.repens,6,5.6,14
2015,Copper.Creek,CC,Mertensia.fusiformis,1,3.6,9
2015,Copper.Creek,CC,Mertensia.fusiformis,2,17.6,44
2015,Copper.Creek,CC,Mertensia.fusiformis,3,62.4,156
2015,Copper.Creek,CC,Mertensia.fusiformis,4,138,345
2015,Copper.Creek,CC,Mertensia.fusiformis,5,42.8,107
2015,Copper.Creek,CC,Mertensia.fusiformis,6,11.6,29
2015,Copper.Creek,CC,Mertensia.fusiformis,7,0.4,1
2015,Copper.Creek,CC,Pedicularis.bracteosa,9,2.4,6
2015,Copper.Creek,CC,Pedicularis.bracteosa,10,3.6,9
2015,Copper.Creek,CC,Pedicularis.bracteosa,11,4.4,11
2015,Copper.Creek,CC,Pedicularis.procera,12,3.2,8
2015,Copper.Creek,CC,Phacelia.heterophylla,9,30.8,77
2015,Copper.Creek,CC,Phacelia.heterophylla,10,42.4,106
2015,Copper.Creek,CC,Potentilla.pulcherrima,8,7.6000000000000005,19
2015,Copper.Creek,CC,Potentilla.pulcherrima,9,20.4,51
2015,Copper.Creek,CC,Potentilla.pulcherrima,10,26,65
2015,Copper.Creek,CC,Potentilla.pulcherrima,11,20.8,52
2015,Copper.Creek,CC,Potentilla.pulcherrima,12,21.6,54
2015,Copper.Creek,CC,Potentilla.pulcherrima,13,5.6,14
2015,Copper.Creek,CC,Ranunculus.inamoenus,3,0.4,1
2015,Copper.Creek,CC,Ranunculus.inamoenus,4,2.4,6
2015,Copper.Creek,CC,Ranunculus.inamoenus,5,5.6000000000000005,14
2015,Copper.Creek,CC,Ranunculus.inamoenus,6,2,5
2015,Copper.Creek,CC,Ranunculus.inamoenus,7,1.2000000000000002,3
2015,Copper.Creek,CC,Salix.wolfii,4,20,50
2015,Copper.Creek,CC,Salix.wolfii,5,171.6,429
2015,Copper.Creek,CC,Salix.wolfii,6,34.8,87
2015,Copper.Creek,CC,Salix.wolfii,7,7.2,18
2015,Copper.Creek,CC,Senecio.serra,12,0.4,1
2015,Copper.Creek,CC,Senecio.serra,13,15.600000000000001,39
2015,Copper.Creek,CC,Senecio.serra,14,0.8,2
2015,Copper.Creek,CC,Taraxacum.officinale,4,1.2000000000000002,3
2015,Copper.Creek,CC,Taraxacum.officinale,5,6.8,17
2015,Copper.Creek,CC,Taraxacum.officinale,6,5.2,13
2015,Copper.Creek,CC,Taraxacum.officinale,7,0.4,1
2015,Copper.Creek,CC,Valeriana.occidentalis,5,11.200000000000001,28
2015,Copper.Creek,CC,Valeriana.occidentalis,6,10.8,27
2015,Copper.Creek,CC,Valeriana.occidentalis,7,6,15
2015,Copper.Creek,CC,Valeriana.occidentalis,8,2.4,6
2015,Copper.Creek,CC,Veratrum.tenuipetalum,9,3.6,9
2015,Copper.Creek,CC,Veratrum.tenuipetalum,10,4.4,11
2015,Copper.Creek,CC,Veratrum.tenuipetalum,11,3.2,8
2015,Copper.Creek,CC,Veratrum.tenuipetalum,12,2.8000000000000003,7
2015,Copper.Creek,CC,Vicia.americana,8,4,10
2015,Copper.Creek,CC,Vicia.americana,9,44.4,111
2015,Copper.Creek,CC,Vicia.americana,10,27.6,69
2015,Copper.Creek,CC,Vicia.americana,11,40,100
2015,Copper.Creek,CC,Vicia.americana,12,6,15
2015,Copper.Creek,CC,Viola.praemorsa,4,2.4,6
2015,Copper.Creek,CC,Viola.praemorsa,5,10.8,27
2015,Copper.Creek,CC,Viola.praemorsa,6,3.6,9
2015,Frogs.Pond,FP,Achillea.millefolium,10,12.4,31
2015,Frogs.Pond,FP,Achillea.millefolium,11,10.4,26
2015,Frogs.Pond,FP,Achillea.millefolium,12,20,50
2015,Frogs.Pond,FP,Achillea.millefolium,13,16.4,41
2015,Frogs.Pond,FP,Achillea.millefolium,14,8.8,22
2015,Frogs.Pond,FP,Achillea.millefolium,15,6.4,16
2015,Frogs.Pond,FP,Achillea.millefolium,16,12.799999999999999,32
2015,Frogs.Pond,FP,Achillea.millefolium,17,4,10
2015,Frogs.Pond,FP,Adenolinum.lewisii,7,4.8,12
2015,Frogs.Pond,FP,Adenolinum.lewisii,8,53.6,134
2015,Frogs.Pond,FP,Adenolinum.lewisii,9,37.6,94
2015,Frogs.Pond,FP,Adenolinum.lewisii,10,32.800000000000004,82
2015,Frogs.Pond,FP,Adenolinum.lewisii,11,8,20
2015,Frogs.Pond,FP,Adenolinum.lewisii,12,8.4,21
2015,Frogs.Pond,FP,Agoseris.aurantiaca,11,0.4,1
2015,Frogs.Pond,FP,Agoseris.glauca,13,0.4,1
2015,Frogs.Pond,FP,Calochortus.gunnisonii,9,1.2000000000000002,3
2015,Frogs.Pond,FP,Calochortus.gunnisonii,10,19.2,48
2015,Frogs.Pond,FP,Calochortus.gunnisonii,11,2.4,6
2015,Frogs.Pond,FP,Calochortus.gunnisonii,12,1.2000000000000002,3
2015,Frogs.Pond,FP,Campanula.rotundifolia,9,1.2,3
2015,Frogs.Pond,FP,Campanula.rotundifolia,10,6.8,17
2015,Frogs.Pond,FP,Campanula.rotundifolia,11,12.8,32
2015,Frogs.Pond,FP,Campanula.rotundifolia,12,11.200000000000001,28
2015,Frogs.Pond,FP,Castilleja.linariifolia,9,6,15
2015,Frogs.Pond,FP,Castilleja.linariifolia,11,9.6,24
2015,Frogs.Pond,FP,Castilleja.linariifolia,12,10,25
2015,Frogs.Pond,FP,Castilleja.linariifolia,13,4.4,11
2015,Frogs.Pond,FP,Castilleja.linariifolia,14,8.4,21
2015,Frogs.Pond,FP,Castilleja.linariifolia,15,3.2,8
2015,Frogs.Pond,FP,Castilleja.linariifolia,16,3.2,8
2015,Frogs.Pond,FP,Castilleja.sulphurea,10,12.8,32
2015,Frogs.Pond,FP,Claytonia.lanceolata,2,0.8,2
2015,Frogs.Pond,FP,Claytonia.lanceolata,3,0.4,1
2015,Frogs.Pond,FP,Collomia.linearis,8,2.4,6
2015,Frogs.Pond,FP,Collomia.linearis,9,220,550
2015,Frogs.Pond,FP,Collomia.linearis,10,129.20000000000002,323
2015,Frogs.Pond,FP,Collomia.linearis,11,9.6,24
2015,Frogs.Pond,FP,Collomia.linearis,12,3.2,8
2015,Frogs.Pond,FP,Collomia.linearis,16,0.4,1
2015,Frogs.Pond,FP,Delphinium.barbeyi,9,18.4,46
2015,Frogs.Pond,FP,Delphinium.barbeyi,10,100.4,251
2015,Frogs.Pond,FP,Delphinium.barbeyi,11,182,455
2015,Frogs.Pond,FP,Delphinium.barbeyi,12,152,380
2015,Frogs.Pond,FP,Draba.aurea,5,2.4,6
2015,Frogs.Pond,FP,Draba.aurea,6,1.6,4
2015,Frogs.Pond,FP,Draba.aurea,7,2,5
2015,Frogs.Pond,FP,Dugaldia.hoopesii,11,0.8,2
2015,Frogs.Pond,FP,Dugaldia.hoopesii,12,0.8,2
2015,Frogs.Pond,FP,Erigeron.speciosus,9,15.2,38
2015,Frogs.Pond,FP,Erigeron.speciosus,10,63.6,159
2015,Frogs.Pond,FP,Erigeron.speciosus,11,180,450
2015,Frogs.Pond,FP,Erigeron.speciosus,12,287.6,719
2015,Frogs.Pond,FP,Erigeron.speciosus,13,115.6,289
2015,Frogs.Pond,FP,Erigeron.speciosus,14,15.6,39
2015,Frogs.Pond,FP,Erigeron.speciosus,15,7.2,18
2015,Frogs.Pond,FP,Erigeron.speciosus,16,2,5
2015,Frogs.Pond,FP,Erysimum.capitatum,6,2,5
2015,Frogs.Pond,FP,Erysimum.capitatum,7,9.200000000000001,23
2015,Frogs.Pond,FP,Erysimum.capitatum,8,16,40
2015,Frogs.Pond,FP,Fragaria.virginiana,5,0.8,2
2015,Frogs.Pond,FP,Fragaria.virginiana,6,0.8,2
2015,Frogs.Pond,FP,Fragaria.virginiana,7,0.8,2
2015,Frogs.Pond,FP,Gentiana.parryi,14,0.4,1
2015,Frogs.Pond,FP,Hackelia.floribunda,9,2.8,7
2015,Frogs.Pond,FP,Hackelia.floribunda,10,3.2,8
2015,Frogs.Pond,FP,Helianthella.quinquenervis,8,2,5
2015,Frogs.Pond,FP,Helianthella.quinquenervis,9,25.2,63
2015,Frogs.Pond,FP,Helianthella.quinquenervis,10,21.2,53
2015,Frogs.Pond,FP,Helianthella.quinquenervis,11,16.4,41
2015,Frogs.Pond,FP,Helianthella.quinquenervis,12,7.6,19
2015,Frogs.Pond,FP,Helianthella.quinquenervis,13,0.8,2
2015,Frogs.Pond,FP,Heliomeris.multiflora,11,1.6,4
2015,Frogs.Pond,FP,Heliomeris.multiflora,12,12.4,31
2015,Frogs.Pond,FP,Heliomeris.multiflora,13,36.4,91
2015,Frogs.Pond,FP,Heliomeris.multiflora,14,13.6,34
2015,Frogs.Pond,FP,Heliomeris.multiflora,15,2.4000000000000004,6
2015,Frogs.Pond,FP,Heracleum.sphondylium,7,0.4,1
2015,Frogs.Pond,FP,Heracleum.sphondylium,8,2,5
2015,Frogs.Pond,FP,Heracleum.sphondylium,10,7.6,19
2015,Frogs.Pond,FP,Heracleum.sphondylium,11,2.4000000000000004,6
2015,Frogs.Pond,FP,Heracleum.sphondylium,12,0.8,2
2015,Frogs.Pond,FP,Heterotheca.villosa,9,15.2,38
2015,Frogs.Pond,FP,Heterotheca.villosa,10,47.2,118
2015,Frogs.Pond,FP,Heterotheca.villosa,11,106.80000000000001,267
2015,Frogs.Pond,FP,Heterotheca.villosa,12,115.2,288
2015,Frogs.Pond,FP,Heterotheca.villosa,13,38.8,97
2015,Frogs.Pond,FP,Heterotheca.villosa,14,10.4,26
2015,Frogs.Pond,FP,Hydrophyllum.fendleri,5,24.4,61
2015,Frogs.Pond,FP,Hydrophyllum.fendleri,6,26,65
2015,Frogs.Pond,FP,Hydrophyllum.fendleri,7,91.2,228
2015,Frogs.Pond,FP,Hydrophyllum.fendleri,8,28.4,71
2015,Frogs.Pond,FP,Ipomopsis.aggregata,7,0.4,1
2015,Frogs.Pond,FP,Ipomopsis.aggregata,8,6.8,17
2015,Frogs.Pond,FP,Ipomopsis.aggregata,9,15.2,38
2015,Frogs.Pond,FP,Ipomopsis.aggregata,10,31.2,78
2015,Frogs.Pond,FP,Ipomopsis.aggregata,11,25.6,64
2015,Frogs.Pond,FP,Ipomopsis.aggregata,12,12.8,32
2015,Frogs.Pond,FP,Ipomopsis.aggregata,13,12,30
2015,Frogs.Pond,FP,Ipomopsis.aggregata,14,2.8,7
2015,Frogs.Pond,FP,Ipomopsis.aggregata,15,2,5
2015,Frogs.Pond,FP,Ipomopsis.aggregata,16,2.8,7
2015,Frogs.Pond,FP,Ipomopsis.aggregata,17,1.2,3
2015,Frogs.Pond,FP,Lathyrus.leucanthus,5,5.6,14
2015,Frogs.Pond,FP,Lathyrus.leucanthus,6,16.4,41
2015,Frogs.Pond,FP,Lathyrus.leucanthus,7,74.8,187
2015,Frogs.Pond,FP,Lathyrus.leucanthus,8,38.8,97
2015,Frogs.Pond,FP,Lathyrus.leucanthus,9,10,25
2015,Frogs.Pond,FP,Lathyrus.leucanthus,10,3.1999999999999997,8
2015,Frogs.Pond,FP,Ligularia.bigelovii,12,7.2,18
2015,Frogs.Pond,FP,Ligusticum.porteri,10,6.4,16
2015,Frogs.Pond,FP,Ligusticum.porteri,11,1.6,4
2015,Frogs.Pond,FP,Lupinus.bakeri,6,0.8,2
2015,Frogs.Pond,FP,Lupinus.bakeri,7,22.400000000000002,56
2015,Frogs.Pond,FP,Lupinus.bakeri,8,46.4,116
2015,Frogs.Pond,FP,Lupinus.bakeri,9,25.6,64
2015,Frogs.Pond,FP,Lupinus.bakeri,10,18.4,46
2015,Frogs.Pond,FP,Lupinus.bakeri,11,0.4,1
2015,Frogs.Pond,FP,Mahonia.repens,3,0.8,2
2015,Frogs.Pond,FP,Mahonia.repens,4,4.4,11
2015,Frogs.Pond,FP,Mahonia.repens,5,3.6,9
2015,Frogs.Pond,FP,Mertensia.fusiformis,1,160,400
2015,Frogs.Pond,FP,Mertensia.fusiformis,2,303.2,758
2015,Frogs.Pond,FP,Mertensia.fusiformis,3,463.6,1159
2015,Frogs.Pond,FP,Mertensia.fusiformis,4,281.6,704
2015,Frogs.Pond,FP,Mertensia.fusiformis,5,72,180
2015,Frogs.Pond,FP,Mertensia.fusiformis,6,5.6000000000000005,14
2015,Frogs.Pond,FP,Mertensia.fusiformis,7,2,5
2015,Frogs.Pond,FP,Pentaphylloides.floribunda,8,0.8,2
2015,Frogs.Pond,FP,Pentaphylloides.floribunda,9,5.6,14
2015,Frogs.Pond,FP,Pentaphylloides.floribunda,11,7.2,18
2015,Frogs.Pond,FP,Potentilla.pulcherrima,6,1.2000000000000002,3
2015,Frogs.Pond,FP,Potentilla.pulcherrima,7,12.4,31
2015,Frogs.Pond,FP,Potentilla.pulcherrima,8,52.4,131
2015,Frogs.Pond,FP,Potentilla.pulcherrima,9,124.8,312
2015,Frogs.Pond,FP,Potentilla.pulcherrima,10,156.8,392
2015,Frogs.Pond,FP,Potentilla.pulcherrima,11,78,195
2015,Frogs.Pond,FP,Potentilla.pulcherrima,12,45.2,113
2015,Frogs.Pond,FP,Potentilla.pulcherrima,13,1.2000000000000002,3
2015,Frogs.Pond,FP,Pseudocymopterus.montanus,7,0.8,2
2015,Frogs.Pond,FP,Salix.sp,6,2,5
2015,Frogs.Pond,FP,Senecio.integerrimus,5,7.6,19
2015,Frogs.Pond,FP,Senecio.integerrimus,6,35.199999999999996,88
2015,Frogs.Pond,FP,Senecio.integerrimus,7,52.8,132
2015,Frogs.Pond,FP,Senecio.integerrimus,8,1.6,4
2015,Frogs.Pond,FP,Senecio.serra,12,0.4,1
2015,Frogs.Pond,FP,Senecio.serra,13,4,10
2015,Frogs.Pond,FP,Senecio.serra,14,2,5
2015,Frogs.Pond,FP,Senecio.serra,15,0.8,2
2015,Frogs.Pond,FP,Solidago.multiradiata,11,0.4,1
2015,Frogs.Pond,FP,Solidago.multiradiata,12,0.8,2
2015,Frogs.Pond,FP,Taraxacum.officinale,2,3.2,8
2015,Frogs.Pond,FP,Taraxacum.officinale,3,6,15
2015,Frogs.Pond,FP,Taraxacum.officinale,4,8,20
2015,Frogs.Pond,FP,Taraxacum.officinale,5,1.2000000000000002,3
2015,Frogs.Pond,FP,Taraxacum.officinale,6,0.8,2
2015,Frogs.Pond,FP,Taraxacum.officinale,7,0.4,1
2015,Frogs.Pond,FP,Taraxacum.officinale,8,0.4,1
2015,Frogs.Pond,FP,Valeriana.occidentalis,5,0.4,1
2015,Frogs.Pond,FP,Valeriana.occidentalis,6,0.4,1
2015,Frogs.Pond,FP,Vicia.americana,7,1.6,4
2015,Frogs.Pond,FP,Vicia.americana,8,4,10
2015,Frogs.Pond,FP,Vicia.americana,9,66.4,166
2015,Frogs.Pond,FP,Vicia.americana,10,78.8,197
2015,Frogs.Pond,FP,Vicia.americana,11,53.6,134
2015,Frogs.Pond,FP,Vicia.americana,12,18.4,46
2015,Frogs.Pond,FP,Viola.adunca,3,0.4,1
2015,Frogs.Pond,FP,Viola.adunca,4,0.4,1
2015,Frogs.Pond,FP,Viola.praemorsa,1,0.8,2
2015,Frogs.Pond,FP,Viola.praemorsa,2,2.4,6
2015,Frogs.Pond,FP,Viola.praemorsa,3,0.8,2
2015,Frogs.Pond,FP,Viola.praemorsa,4,6,15
2015,Frogs.Pond,FP,Viola.praemorsa,5,1.6,4
2015,Gothic.Spires,GS,Achillea.millefolium,8,0.8,2
2015,Gothic.Spires,GS,Achillea.millefolium,9,0.8,2
2015,Gothic.Spires,GS,Achillea.millefolium,10,2.4000000000000004,6
2015,Gothic.Spires,GS,Achillea.millefolium,11,6,15
2015,Gothic.Spires,GS,Achillea.millefolium,12,4.4,11
2015,Gothic.Spires,GS,Achillea.millefolium,13,4.8,12
2015,Gothic.Spires,GS,Achillea.millefolium,14,3.6,9
2015,Gothic.Spires,GS,Achillea.millefolium,15,3.6,9
2015,Gothic.Spires,GS,Achillea.millefolium,16,3.2,8
2015,Gothic.Spires,GS,Achillea.millefolium,17,0.4,1
2015,Gothic.Spires,GS,Aconitum.columbianum,8,48.4,121
2015,Gothic.Spires,GS,Aconitum.columbianum,9,47.2,118
2015,Gothic.Spires,GS,Aconitum.columbianum,10,73.6,184
2015,Gothic.Spires,GS,Aconitum.columbianum,11,74.8,187
2015,Gothic.Spires,GS,Aconitum.columbianum,12,41.2,103
2015,Gothic.Spires,GS,Agoseris.glauca,8,0.4,1
2015,Gothic.Spires,GS,Antennaria.rosea,8,4.4,11
2015,Gothic.Spires,GS,Anticlea.elegans,8,162,405
2015,Gothic.Spires,GS,Anticlea.elegans,9,80,200
2015,Gothic.Spires,GS,Anticlea.elegans,10,177.2,443
2015,Gothic.Spires,GS,Anticlea.elegans,11,76.8,192
2015,Gothic.Spires,GS,Anticlea.elegans,12,0.8,2
2015,Gothic.Spires,GS,Arnica.cordifolia,10,0.4,1
2015,Gothic.Spires,GS,Arnica.parryi,9,0.8,2
2015,Gothic.Spires,GS,Aster.foliaceus,12,6.4,16
2015,Gothic.Spires,GS,Aster.foliaceus,13,88,220
2015,Gothic.Spires,GS,Aster.foliaceus,14,35.2,88
2015,Gothic.Spires,GS,Aster.foliaceus,15,20,50
2015,Gothic.Spires,GS,Aster.foliaceus,16,3.1999999999999997,8
2015,Gothic.Spires,GS,Castilleja.sulphurea,7,0.4,1
2015,Gothic.Spires,GS,Castilleja.sulphurea,8,2.4000000000000004,6
2015,Gothic.Spires,GS,Castilleja.sulphurea,10,0.8,2
2015,Gothic.Spires,GS,Cirsium.parryi,11,0.4,1
2015,Gothic.Spires,GS,Claytonia.lanceolata,1,307.2,768
2015,Gothic.Spires,GS,Claytonia.lanceolata,2,798.4,1996
2015,Gothic.Spires,GS,Claytonia.lanceolata,3,353.6,884
2015,Gothic.Spires,GS,Claytonia.lanceolata,4,120,300
2015,Gothic.Spires,GS,Claytonia.lanceolata,5,19.6,49
2015,Gothic.Spires,GS,Delphinium.barbeyi,9,13.6,34
2015,Gothic.Spires,GS,Delphinium.barbeyi,10,43.199999999999996,108
2015,Gothic.Spires,GS,Delphinium.barbeyi,11,40,100
2015,Gothic.Spires,GS,Delphinium.barbeyi,12,50,125
2015,Gothic.Spires,GS,Delphinium.nuttallianum,5,13.6,34
2015,Gothic.Spires,GS,Delphinium.nuttallianum,6,165.6,414
2015,Gothic.Spires,GS,Delphinium.nuttallianum,7,23.6,59
2015,Gothic.Spires,GS,Dodecatheon.pulchellum,6,3.6,9
2015,Gothic.Spires,GS,Dodecatheon.pulchellum,7,7.2,18
2015,Gothic.Spires,GS,Draba.aurea,5,12.8,32
2015,Gothic.Spires,GS,Draba.aurea,6,62.8,157
2015,Gothic.Spires,GS,Draba.aurea,7,21.2,53
2015,Gothic.Spires,GS,Erigeron.elatior,8,1.2,3
2015,Gothic.Spires,GS,Erigeron.elatior,10,4,10
2015,Gothic.Spires,GS,Erigeron.elatior,11,12.799999999999999,32
2015,Gothic.Spires,GS,Erigeron.elatior,12,13.2,33
2015,Gothic.Spires,GS,Erigeron.elatior,13,1.6,4
2015,Gothic.Spires,GS,Erigeron.elatior,14,1.2000000000000002,3
2015,Gothic.Spires,GS,Erigeron.elatior,15,0.4,1
2015,Gothic.Spires,GS,Erigeron.speciosus,8,1.6,4
2015,Gothic.Spires,GS,Erigeron.speciosus,9,8.4,21
2015,Gothic.Spires,GS,Erigeron.speciosus,10,50.4,126
2015,Gothic.Spires,GS,Erigeron.speciosus,11,164,410
2015,Gothic.Spires,GS,Erigeron.speciosus,12,147.2,368
2015,Gothic.Spires,GS,Erigeron.speciosus,13,36.8,92
2015,Gothic.Spires,GS,Erigeron.speciosus,14,10.4,26
2015,Gothic.Spires,GS,Erigeron.speciosus,15,8,20
2015,Gothic.Spires,GS,Erigeron.speciosus,16,7.6,19
2015,Gothic.Spires,GS,Eriogonum.subalpinum,8,0.4,1
2015,Gothic.Spires,GS,Eriogonum.subalpinum,9,0.4,1
2015,Gothic.Spires,GS,Eriogonum.subalpinum,10,0.4,1
2015,Gothic.Spires,GS,Eriogonum.subalpinum,11,0.4,1
2015,Gothic.Spires,GS,Erythronium.grandiflorum,1,0.4,1
2015,Gothic.Spires,GS,Erythronium.grandiflorum,2,6.4,16
2015,Gothic.Spires,GS,Erythronium.grandiflorum,3,71.6,179
2015,Gothic.Spires,GS,Erythronium.grandiflorum,4,57.6,144
2015,Gothic.Spires,GS,Erythronium.grandiflorum,5,2.4,6
2015,Gothic.Spires,GS,Fragaria.virginiana,5,7.2,18
2015,Gothic.Spires,GS,Fragaria.virginiana,6,51.6,129
2015,Gothic.Spires,GS,Fragaria.virginiana,7,15.2,38
2015,Gothic.Spires,GS,Fragaria.virginiana,8,1.6,4
2015,Gothic.Spires,GS,Fragaria.virginiana,9,0.4,1
2015,Gothic.Spires,GS,Gentianella.acuta,12,1.2,3
2015,Gothic.Spires,GS,Gentianopsis.thermalis,13,1.2,3
2015,Gothic.Spires,GS,Geranium.richardsonii,6,0.8,2
2015,Gothic.Spires,GS,Geranium.richardsonii,7,3.2,8
2015,Gothic.Spires,GS,Geranium.richardsonii,8,6.4,16
2015,Gothic.Spires,GS,Geranium.richardsonii,9,2.8,7
2015,Gothic.Spires,GS,Geranium.richardsonii,10,0.8,2
2015,Gothic.Spires,GS,Geranium.richardsonii,11,0.4,1
2015,Gothic.Spires,GS,Geum.aleppicum,8,8,20
2015,Gothic.Spires,GS,Geum.aleppicum,9,11.2,28
2015,Gothic.Spires,GS,Geum.aleppicum,14,0.4,1
2015,Gothic.Spires,GS,Helianthella.quinquenervis,8,0.8,2
2015,Gothic.Spires,GS,Helianthella.quinquenervis,9,1.6,4
2015,Gothic.Spires,GS,Helianthella.quinquenervis,10,1.6,4
2015,Gothic.Spires,GS,Helianthella.quinquenervis,11,1.2,3
2015,Gothic.Spires,GS,Heliomeris.multiflora,10,0.8,2
2015,Gothic.Spires,GS,Heliomeris.multiflora,11,16,40
2015,Gothic.Spires,GS,Heliomeris.multiflora,12,118.4,296
2015,Gothic.Spires,GS,Heliomeris.multiflora,13,163.6,409
2015,Gothic.Spires,GS,Heliomeris.multiflora,14,244.8,612
2015,Gothic.Spires,GS,Heliomeris.multiflora,15,196.79999999999998,492
2015,Gothic.Spires,GS,Heliomeris.multiflora,16,12,30
2015,Gothic.Spires,GS,Heracleum.sphondylium,8,0.8,2
2015,Gothic.Spires,GS,Heracleum.sphondylium,10,5.199999999999999,13
2015,Gothic.Spires,GS,Heracleum.sphondylium,11,0.4,1
2015,Gothic.Spires,GS,Hydrophyllum.capitatum,4,4.8,12
2015,Gothic.Spires,GS,Hydrophyllum.capitatum,5,22,55
2015,Gothic.Spires,GS,Hydrophyllum.fendleri,6,4.4,11
2015,Gothic.Spires,GS,Hydrophyllum.fendleri,7,0.8,2
2015,Gothic.Spires,GS,Lathyrus.leucanthus,6,0.8,2
2015,Gothic.Spires,GS,Lathyrus.leucanthus,7,18.4,46
2015,Gothic.Spires,GS,Lathyrus.leucanthus,8,40.8,102
2015,Gothic.Spires,GS,Lathyrus.leucanthus,9,3.6,9
2015,Gothic.Spires,GS,Ligularia.bigelovii,11,2.8,7
2015,Gothic.Spires,GS,Ligularia.bigelovii,12,3.2,8
2015,Gothic.Spires,GS,Ligusticum.porteri,8,67.6,169
2015,Gothic.Spires,GS,Ligusticum.porteri,10,28.8,72
2015,Gothic.Spires,GS,Ligusticum.porteri,11,8.8,22
2015,Gothic.Spires,GS,Mertensia.ciliata,6,0.4,1
2015,Gothic.Spires,GS,Mertensia.ciliata,7,18.400000000000002,46
2015,Gothic.Spires,GS,Mertensia.ciliata,8,16.4,41
2015,Gothic.Spires,GS,Mertensia.ciliata,9,11.2,28
2015,Gothic.Spires,GS,Mertensia.ciliata,10,2,5
2015,Gothic.Spires,GS,Mertensia.fusiformis,1,0.4,1
2015,Gothic.Spires,GS,Mertensia.fusiformis,2,2.8,7
2015,Gothic.Spires,GS,Mertensia.fusiformis,3,44.4,111
2015,Gothic.Spires,GS,Mertensia.fusiformis,4,119.2,298
2015,Gothic.Spires,GS,Mertensia.fusiformis,5,58,145
2015,Gothic.Spires,GS,Mertensia.fusiformis,6,4.8,12
2015,Gothic.Spires,GS,Mertensia.fusiformis,7,0.4,1
2015,Gothic.Spires,GS,Potentilla.pulcherrima,6,0.8,2
2015,Gothic.Spires,GS,Potentilla.pulcherrima,7,27.6,69
2015,Gothic.Spires,GS,Potentilla.pulcherrima,8,79.2,198
2015,Gothic.Spires,GS,Potentilla.pulcherrima,9,56.4,141
2015,Gothic.Spires,GS,Potentilla.pulcherrima,10,52,130
2015,Gothic.Spires,GS,Potentilla.pulcherrima,11,21.6,54
2015,Gothic.Spires,GS,Prunella.vulgaris,8,1.6,4
2015,Gothic.Spires,GS,Prunella.vulgaris,9,65.60000000000001,164
2015,Gothic.Spires,GS,Pseudocymopterus.montanus,8,2,5
2015,Gothic.Spires,GS,Pseudocymopterus.montanus,9,0.8,2
2015,Gothic.Spires,GS,Ranunculus.inamoenus,5,0.4,1
2015,Gothic.Spires,GS,Ranunculus.inamoenus,7,2,5
2015,Gothic.Spires,GS,Salix.sp,1,15.6,39
2015,Gothic.Spires,GS,Salix.sp,2,18,45
2015,Gothic.Spires,GS,Salix.sp,3,7.6,19
2015,Gothic.Spires,GS,Salix.sp,4,2.4,6
2015,Gothic.Spires,GS,Senecio.integerrimus,5,0.4,1
2015,Gothic.Spires,GS,Senecio.integerrimus,6,49.6,124
2015,Gothic.Spires,GS,Senecio.integerrimus,7,49.6,124
2015,Gothic.Spires,GS,Senecio.integerrimus,8,2,5
2015,Gothic.Spires,GS,Senecio.integerrimus,9,6.8,17
2015,Gothic.Spires,GS,Senecio.serra,9,0.4,1
2015,Gothic.Spires,GS,Senecio.serra,11,2,5
2015,Gothic.Spires,GS,Senecio.serra,14,0.8,2
2015,Gothic.Spires,GS,Senecio.serra,15,0.4,1
2015,Gothic.Spires,GS,Solidago.multiradiata,8,5.6,14
2015,Gothic.Spires,GS,Solidago.multiradiata,10,11.200000000000001,28
2015,Gothic.Spires,GS,Solidago.multiradiata,11,13.2,33
2015,Gothic.Spires,GS,Solidago.multiradiata,12,10.799999999999999,27
2015,Gothic.Spires,GS,Taraxacum.officinale,3,1.6,4
2015,Gothic.Spires,GS,Taraxacum.officinale,4,15.200000000000001,38
2015,Gothic.Spires,GS,Taraxacum.officinale,5,57.6,144
2015,Gothic.Spires,GS,Taraxacum.officinale,6,54.4,136
2015,Gothic.Spires,GS,Taraxacum.officinale,7,6,15
2015,Gothic.Spires,GS,Taraxacum.officinale,8,0.4,1
2015,Gothic.Spires,GS,Trifolium.pratense,13,0.8,2
2015,Gothic.Spires,GS,Trifolium.pratense,14,4,10
2015,Gothic.Spires,GS,Trifolium.pratense,15,1.6,4
2015,Gothic.Spires,GS,Trifolium.pratense,16,1.6,4
2015,Gothic.Spires,GS,Trifolium.repens,11,1.2,3
2015,Gothic.Spires,GS,Trifolium.repens,12,2.8,7
2015,Gothic.Spires,GS,Trifolium.repens,13,2,5
2015,Gothic.Spires,GS,Trifolium.repens,16,4.4,11
2015,Gothic.Spires,GS,Valeriana.occidentalis,4,0.8,2
2015,Gothic.Spires,GS,Valeriana.occidentalis,6,2.8,7
2015,Gothic.Spires,GS,Valeriana.occidentalis,7,2.4000000000000004,6
2015,Gothic.Spires,GS,Valeriana.occidentalis,8,0.8,2
2015,Gothic.Spires,GS,Valeriana.occidentalis,9,0.4,1
2015,Gothic.Spires,GS,Veratrum.tenuipetalum,8,2.4000000000000004,6
2015,Gothic.Spires,GS,Veratrum.tenuipetalum,9,6.800000000000001,17
2015,Gothic.Spires,GS,Veratrum.tenuipetalum,10,6,15
2015,Gothic.Spires,GS,Veratrum.tenuipetalum,11,6.8,17
2015,Gothic.Spires,GS,Veratrum.tenuipetalum,12,1.2000000000000002,3
2015,Gothic.Spires,GS,Vicia.americana,7,1.2,3
2015,Gothic.Spires,GS,Vicia.americana,8,7.2,18
2015,Gothic.Spires,GS,Vicia.americana,9,4.8,12
2015,Gothic.Spires,GS,Vicia.americana,10,3.6,9
2015,Gothic.Spires,GS,Viola.praemorsa,3,1.6,4
2015,Gothic.Spires,GS,Viola.praemorsa,4,21.2,53
2015,Gothic.Spires,GS,Viola.praemorsa,5,18.8,47
2015,Gothic.Spires,GS,Viola.praemorsa,6,0.8,2
2015,Rosy.Hills,RH,Achillea.millefolium,10,1.6,4
2015,Rosy.Hills,RH,Achillea.millefolium,11,4.4,11
2015,Rosy.Hills,RH,Achillea.millefolium,12,6,15
2015,Rosy.Hills,RH,Achillea.millefolium,13,5.6000000000000005,14
2015,Rosy.Hills,RH,Achillea.millefolium,14,5.2,13
2015,Rosy.Hills,RH,Achillea.millefolium,15,1.2000000000000002,3
2015,Rosy.Hills,RH,Achillea.millefolium,16,3.2,8
2015,Rosy.Hills,RH,Aconitum.columbianum,9,15.2,38
2015,Rosy.Hills,RH,Aconitum.columbianum,10,22,55
2015,Rosy.Hills,RH,Aconitum.columbianum,11,17.2,43
2015,Rosy.Hills,RH,Aconitum.columbianum,12,11.6,29
2015,Rosy.Hills,RH,Adenolinum.lewisii,8,4.4,11
2015,Rosy.Hills,RH,Adenolinum.lewisii,9,9.200000000000001,23
2015,Rosy.Hills,RH,Adenolinum.lewisii,10,11.6,29
2015,Rosy.Hills,RH,Adenolinum.lewisii,11,1.2,3
2015,Rosy.Hills,RH,Adenolinum.lewisii,12,0.4,1
2015,Rosy.Hills,RH,Agoseris.glauca,13,0.4,1
2015,Rosy.Hills,RH,Agoseris.glauca,14,0.4,1
2015,Rosy.Hills,RH,Agoseris.glauca,15,1.2,3
2015,Rosy.Hills,RH,Calochortus.gunnisonii,11,2.8,7
2015,Rosy.Hills,RH,Calochortus.gunnisonii,12,0.4,1
2015,Rosy.Hills,RH,Campanula.rotundifolia,11,0.4,1
2015,Rosy.Hills,RH,Claytonia.lanceolata,1,21.6,54
2015,Rosy.Hills,RH,Claytonia.lanceolata,2,233.20000000000002,583
2015,Rosy.Hills,RH,Claytonia.lanceolata,3,280,700
2015,Rosy.Hills,RH,Claytonia.lanceolata,4,185.2,463
2015,Rosy.Hills,RH,Claytonia.lanceolata,5,15.2,38
2015,Rosy.Hills,RH,Collomia.linearis,8,1.2,3
2015,Rosy.Hills,RH,Collomia.linearis,9,57.6,144
2015,Rosy.Hills,RH,Collomia.linearis,10,32.8,82
2015,Rosy.Hills,RH,Delphinium.barbeyi,8,2,5
2015,Rosy.Hills,RH,Delphinium.barbeyi,9,10,25
2015,Rosy.Hills,RH,Delphinium.barbeyi,10,42,105
2015,Rosy.Hills,RH,Delphinium.barbeyi,11,122.80000000000001,307
2015,Rosy.Hills,RH,Delphinium.barbeyi,12,63.2,158
2015,Rosy.Hills,RH,Delphinium.nuttallianum,4,11.200000000000001,28
2015,Rosy.Hills,RH,Delphinium.nuttallianum,5,34.4,86
2015,Rosy.Hills,RH,Delphinium.nuttallianum,6,62.400000000000006,156
2015,Rosy.Hills,RH,Delphinium.nuttallianum,7,24.4,61
2015,Rosy.Hills,RH,Eremogone.congesta,8,65.2,163
2015,Rosy.Hills,RH,Eremogone.congesta,9,264.40000000000003,661
2015,Rosy.Hills,RH,Eremogone.congesta,10,206.4,516
2015,Rosy.Hills,RH,Eremogone.congesta,11,114.8,287
2015,Rosy.Hills,RH,Eremogone.congesta,12,48.4,121
2015,Rosy.Hills,RH,Ericameria.parryi,13,10.4,26
2015,Rosy.Hills,RH,Ericameria.parryi,14,5.6,14
2015,Rosy.Hills,RH,Ericameria.parryi,16,6.4,16
2015,Rosy.Hills,RH,Erigeron.elatior,11,8.4,21
2015,Rosy.Hills,RH,Erigeron.elatior,12,16,40
2015,Rosy.Hills,RH,Erigeron.elatior,13,18.8,47
2015,Rosy.Hills,RH,Erigeron.elatior,14,12.4,31
2015,Rosy.Hills,RH,Erigeron.elatior,15,6,15
2015,Rosy.Hills,RH,Erigeron.elatior,16,1.6,4
2015,Rosy.Hills,RH,Erigeron.speciosus,9,3.6,9
2015,Rosy.Hills,RH,Erigeron.speciosus,10,33.6,84
2015,Rosy.Hills,RH,Erigeron.speciosus,11,212.4,531
2015,Rosy.Hills,RH,Erigeron.speciosus,12,241.6,604
2015,Rosy.Hills,RH,Erigeron.speciosus,13,220.4,551
2015,Rosy.Hills,RH,Erigeron.speciosus,14,59.6,149
2015,Rosy.Hills,RH,Erigeron.speciosus,15,16,40
2015,Rosy.Hills,RH,Erigeron.speciosus,16,3.6,9
2015,Rosy.Hills,RH,Eriogonum.subalpinum,8,2.4,6
2015,Rosy.Hills,RH,Eriogonum.subalpinum,9,13.6,34
2015,Rosy.Hills,RH,Eriogonum.subalpinum,10,3.2,8
2015,Rosy.Hills,RH,Eriogonum.subalpinum,11,2,5
2015,Rosy.Hills,RH,Eriogonum.subalpinum,12,4.4,11
2015,Rosy.Hills,RH,Eriogonum.umbellatum,7,14.4,36
2015,Rosy.Hills,RH,Eriogonum.umbellatum,8,107.2,268
2015,Rosy.Hills,RH,Eriogonum.umbellatum,9,109.2,273
2015,Rosy.Hills,RH,Eriogonum.umbellatum,10,84,210
2015,Rosy.Hills,RH,Eriogonum.umbellatum,11,15.2,38
2015,Rosy.Hills,RH,Eriogonum.umbellatum,12,1.6,4
2015,Rosy.Hills,RH,Frasera.speciosa,6,22.4,56
2015,Rosy.Hills,RH,Frasera.speciosa,7,10,25
2015,Rosy.Hills,RH,Frasera.speciosa,8,8.4,21
2015,Rosy.Hills,RH,Geranium.richardsonii,8,4,10
2015,Rosy.Hills,RH,Geranium.richardsonii,9,5.6,14
2015,Rosy.Hills,RH,Geranium.richardsonii,10,5.6,14
2015,Rosy.Hills,RH,Geranium.richardsonii,11,0.8,2
2015,Rosy.Hills,RH,Geranium.richardsonii,12,0.4,1
2015,Rosy.Hills,RH,Helianthella.quinquenervis,9,78.8,197
2015,Rosy.Hills,RH,Helianthella.quinquenervis,10,132.8,332
2015,Rosy.Hills,RH,Helianthella.quinquenervis,11,118.8,297
2015,Rosy.Hills,RH,Helianthella.quinquenervis,12,56.4,141
2015,Rosy.Hills,RH,Heliomeris.multiflora,12,4.8,12
2015,Rosy.Hills,RH,Heliomeris.multiflora,13,48.800000000000004,122
2015,Rosy.Hills,RH,Heliomeris.multiflora,14,41.199999999999996,103
2015,Rosy.Hills,RH,Heliomeris.multiflora,15,9.6,24
2015,Rosy.Hills,RH,Heliomeris.multiflora,16,2,5
2015,Rosy.Hills,RH,Heracleum.sphondylium,9,1.6,4
2015,Rosy.Hills,RH,Heracleum.sphondylium,10,15.6,39
2015,Rosy.Hills,RH,Heracleum.sphondylium,11,12.4,31
2015,Rosy.Hills,RH,Heracleum.sphondylium,12,6.4,16
2015,Rosy.Hills,RH,Hydrophyllum.fendleri,6,43.2,108
2015,Rosy.Hills,RH,Hydrophyllum.fendleri,7,58.8,147
2015,Rosy.Hills,RH,Hydrophyllum.fendleri,8,37.6,94
2015,Rosy.Hills,RH,Hydrophyllum.fendleri,9,2,5
2015,Rosy.Hills,RH,Ipomopsis.aggregata,9,6.8,17
2015,Rosy.Hills,RH,Ipomopsis.aggregata,10,8,20
2015,Rosy.Hills,RH,Ipomopsis.aggregata,11,6.4,16
2015,Rosy.Hills,RH,Ipomopsis.aggregata,12,1.6,4
2015,Rosy.Hills,RH,Lathyrus.leucanthus,6,8.4,21
2015,Rosy.Hills,RH,Lathyrus.leucanthus,7,20.4,51
2015,Rosy.Hills,RH,Lathyrus.leucanthus,8,15.6,39
2015,Rosy.Hills,RH,Lathyrus.leucanthus,9,7.6000000000000005,19
2015,Rosy.Hills,RH,Ligusticum.porteri,10,7.2,18
2015,Rosy.Hills,RH,Lupinus.bakeri,7,51.2,128
2015,Rosy.Hills,RH,Lupinus.bakeri,8,67.2,168
2015,Rosy.Hills,RH,Lupinus.bakeri,9,2.4,6
2015,Rosy.Hills,RH,Mertensia.fusiformis,2,2.4,6
2015,Rosy.Hills,RH,Mertensia.fusiformis,3,124.8,312
2015,Rosy.Hills,RH,Mertensia.fusiformis,4,448.8,1122
2015,Rosy.Hills,RH,Mertensia.fusiformis,5,108.8,272
2015,Rosy.Hills,RH,Mertensia.fusiformis,6,10.399999999999999,26
2015,Rosy.Hills,RH,Mertensia.fusiformis,7,1.6,4
2015,Rosy.Hills,RH,Noccaea.fendleri,3,12,30
2015,Rosy.Hills,RH,Potentilla.pulcherrima,7,1.2000000000000002,3
2015,Rosy.Hills,RH,Potentilla.pulcherrima,8,8.4,21
2015,Rosy.Hills,RH,Potentilla.pulcherrima,9,20.8,52
2015,Rosy.Hills,RH,Potentilla.pulcherrima,10,16.8,42
2015,Rosy.Hills,RH,Potentilla.pulcherrima,11,10.8,27
2015,Rosy.Hills,RH,Potentilla.pulcherrima,12,8.4,21
2015,Rosy.Hills,RH,Pyrrocoma.crocea,11,1.2,3
2015,Rosy.Hills,RH,Pyrrocoma.crocea,12,0.8,2
2015,Rosy.Hills,RH,Ranunculus.inamoenus,5,0.4,1
2015,Rosy.Hills,RH,Ranunculus.inamoenus,6,0.4,1
2015,Rosy.Hills,RH,Ranunculus.inamoenus,7,0.4,1
2015,Rosy.Hills,RH,Senecio.integerrimus,5,0.4,1
2015,Rosy.Hills,RH,Senecio.integerrimus,6,3.1999999999999997,8
2015,Rosy.Hills,RH,Senecio.integerrimus,7,1.2,3
2015,Rosy.Hills,RH,Senecio.integerrimus,8,2,5
2015,Rosy.Hills,RH,Symphoricarpos.rotundifolius,10,1.2,3
2015,Rosy.Hills,RH,Taraxacum.officinale,5,0.4,1
2015,Rosy.Hills,RH,Taraxacum.officinale,6,0.8,2
2015,Rosy.Hills,RH,Valeriana.occidentalis,5,2,5
2015,Rosy.Hills,RH,Valeriana.occidentalis,6,0.4,1
2015,Rosy.Hills,RH,Valeriana.occidentalis,8,0.4,1
2015,Rosy.Hills,RH,Vicia.americana,7,0.4,1
2015,Rosy.Hills,RH,Vicia.americana,8,13.6,34
2015,Rosy.Hills,RH,Vicia.americana,9,35.6,89
2015,Rosy.Hills,RH,Vicia.americana,10,46.8,117
2015,Rosy.Hills,RH,Vicia.americana,11,12.4,31
2015,Rosy.Hills,RH,Vicia.americana,12,7.2,18
2015,Rosy.Hills,RH,Viola.adunca,4,0.4,1
2015,Rosy.Hills,RH,Viola.adunca,6,0.8,2
2015,Rosy.Hills,RH,Viola.praemorsa,3,0.8,2
2015,Rosy.Hills,RH,Viola.praemorsa,4,26.8,67
2015,Rosy.Hills,RH,Viola.praemorsa,5,1.2000000000000002,3
2015,Stormy.Pass,SP,Achillea.millefolium,9,2.8,7
2015,Stormy.Pass,SP,Achillea.millefolium,10,3.6,9
2015,Stormy.Pass,SP,Achillea.millefolium,11,3.2,8
2015,Stormy.Pass,SP,Achillea.millefolium,12,2.4000000000000004,6
2015,Stormy.Pass,SP,Achillea.millefolium,13,1.6,4
2015,Stormy.Pass,SP,Achillea.millefolium,14,2.4000000000000004,6
2015,Stormy.Pass,SP,Achillea.millefolium,15,2.8000000000000003,7
2015,Stormy.Pass,SP,Achillea.millefolium,16,2.8000000000000003,7
2015,Stormy.Pass,SP,Adenolinum.lewisii,8,1.2000000000000002,3
2015,Stormy.Pass,SP,Adenolinum.lewisii,9,2,5
2015,Stormy.Pass,SP,Adenolinum.lewisii,10,2,5
2015,Stormy.Pass,SP,Adenolinum.lewisii,11,2.4000000000000004,6
2015,Stormy.Pass,SP,Agoseris.aurantiaca,8,0.4,1
2015,Stormy.Pass,SP,Agoseris.aurantiaca,11,0.4,1
2015,Stormy.Pass,SP,Agoseris.aurantiaca,12,0.4,1
2015,Stormy.Pass,SP,Collomia.linearis,9,27.599999999999998,69
2015,Stormy.Pass,SP,Collomia.linearis,10,8.4,21
2015,Stormy.Pass,SP,Collomia.linearis,11,12,30
2015,Stormy.Pass,SP,Collomia.linearis,15,0.4,1
2015,Stormy.Pass,SP,Collomia.linearis,16,2,5
2015,Stormy.Pass,SP,Delphinium.barbeyi,8,9.2,23
2015,Stormy.Pass,SP,Delphinium.barbeyi,9,40,100
2015,Stormy.Pass,SP,Delphinium.barbeyi,10,52.4,131
2015,Stormy.Pass,SP,Delphinium.barbeyi,11,101.2,253
2015,Stormy.Pass,SP,Delphinium.barbeyi,12,60.4,151
2015,Stormy.Pass,SP,Delphinium.barbeyi,13,3.2,8
2015,Stormy.Pass,SP,Delphinium.nuttallianum,2,1.2000000000000002,3
2015,Stormy.Pass,SP,Delphinium.nuttallianum,3,11.2,28
2015,Stormy.Pass,SP,Delphinium.nuttallianum,4,23.2,58
2015,Stormy.Pass,SP,Delphinium.nuttallianum,5,17.2,43
2015,Stormy.Pass,SP,Delphinium.nuttallianum,6,8.4,21
2015,Stormy.Pass,SP,Delphinium.nuttallianum,7,4.800000000000001,12
2015,Stormy.Pass,SP,Delphinium.nuttallianum,8,0.4,1
2015,Stormy.Pass,SP,Dugaldia.hoopesii,7,1.2000000000000002,3
2015,Stormy.Pass,SP,Dugaldia.hoopesii,8,3.2,8
2015,Stormy.Pass,SP,Dugaldia.hoopesii,9,19.2,48
2015,Stormy.Pass,SP,Dugaldia.hoopesii,10,21.6,54
2015,Stormy.Pass,SP,Dugaldia.hoopesii,11,21.2,53
2015,Stormy.Pass,SP,Dugaldia.hoopesii,12,14.799999999999999,37
2015,Stormy.Pass,SP,Dugaldia.hoopesii,13,12.8,32
2015,Stormy.Pass,SP,Dugaldia.hoopesii,14,3.6,9
2015,Stormy.Pass,SP,Erigeron.elatior,9,7.6,19
2015,Stormy.Pass,SP,Erigeron.elatior,10,9.6,24
2015,Stormy.Pass,SP,Erigeron.elatior,11,58.800000000000004,147
2015,Stormy.Pass,SP,Erigeron.elatior,12,93.6,234
2015,Stormy.Pass,SP,Erigeron.elatior,13,85.2,213
2015,Stormy.Pass,SP,Erigeron.elatior,14,20.4,51
2015,Stormy.Pass,SP,Erigeron.elatior,15,1.6,4
2015,Stormy.Pass,SP,Erigeron.speciosus,9,7.2,18
2015,Stormy.Pass,SP,Erigeron.speciosus,10,13.2,33
2015,Stormy.Pass,SP,Erigeron.speciosus,11,70,175
2015,Stormy.Pass,SP,Erigeron.speciosus,12,135.20000000000002,338
2015,Stormy.Pass,SP,Erigeron.speciosus,13,141.2,353
2015,Stormy.Pass,SP,Erigeron.speciosus,14,38,95
2015,Stormy.Pass,SP,Erigeron.speciosus,15,6.8,17
2015,Stormy.Pass,SP,Erysimum.capitatum,7,0.8,2
2015,Stormy.Pass,SP,Erysimum.capitatum,10,0.4,1
2015,Stormy.Pass,SP,Erythronium.grandiflorum,4,0.4,1
2015,Stormy.Pass,SP,Fragaria.virginiana,2,0.4,1
2015,Stormy.Pass,SP,Fragaria.virginiana,3,3.2,8
2015,Stormy.Pass,SP,Fragaria.virginiana,4,7.2,18
2015,Stormy.Pass,SP,Fragaria.virginiana,5,47.199999999999996,118
2015,Stormy.Pass,SP,Fragaria.virginiana,6,30.400000000000002,76
2015,Stormy.Pass,SP,Fragaria.virginiana,7,8,20
2015,Stormy.Pass,SP,Fragaria.virginiana,8,0.4,1
2015,Stormy.Pass,SP,Gentianella.acuta,12,2.8,7
2015,Stormy.Pass,SP,Gentianella.acuta,13,2,5
2015,Stormy.Pass,SP,Geranium.richardsonii,5,0.4,1
2015,Stormy.Pass,SP,Geranium.richardsonii,7,1.2000000000000002,3
2015,Stormy.Pass,SP,Geranium.richardsonii,8,5.2,13
2015,Stormy.Pass,SP,Geranium.richardsonii,9,5.6,14
2015,Stormy.Pass,SP,Geranium.richardsonii,10,3.6,9
2015,Stormy.Pass,SP,Geranium.richardsonii,11,3.2,8
2015,Stormy.Pass,SP,Helianthella.quinquenervis,8,0.4,1
2015,Stormy.Pass,SP,Helianthella.quinquenervis,9,3.2,8
2015,Stormy.Pass,SP,Helianthella.quinquenervis,10,3.2,8
2015,Stormy.Pass,SP,Helianthella.quinquenervis,11,2,5
2015,Stormy.Pass,SP,Helianthella.quinquenervis,12,0.4,1
2015,Stormy.Pass,SP,Heliomeris.multiflora,9,1.2000000000000002,3
2015,Stormy.Pass,SP,Heliomeris.multiflora,10,2,5
2015,Stormy.Pass,SP,Heliomeris.multiflora,11,32,80
2015,Stormy.Pass,SP,Heliomeris.multiflora,12,149.6,374
2015,Stormy.Pass,SP,Heliomeris.multiflora,13,211.6,529
2015,Stormy.Pass,SP,Heliomeris.multiflora,14,125.2,313
2015,Stormy.Pass,SP,Heliomeris.multiflora,15,55.6,139
2015,Stormy.Pass,SP,Heliomeris.multiflora,16,16,40
2015,Stormy.Pass,SP,Heracleum.sphondylium,9,2.4,6
2015,Stormy.Pass,SP,Heracleum.sphondylium,10,3.1999999999999997,8
2015,Stormy.Pass,SP,Heracleum.sphondylium,11,4.4,11
2015,Stormy.Pass,SP,Heracleum.sphondylium,12,0.4,1
2015,Stormy.Pass,SP,Hydrophyllum.fendleri,4,0.8,2
2015,Stormy.Pass,SP,Hydrophyllum.fendleri,5,5.2,13
2015,Stormy.Pass,SP,Hydrophyllum.fendleri,6,7.6,19
2015,Stormy.Pass,SP,Hydrophyllum.fendleri,7,10.4,26
2015,Stormy.Pass,SP,Hydrophyllum.fendleri,8,6,15
2015,Stormy.Pass,SP,Lathyrus.leucanthus,5,2.4,6
2015,Stormy.Pass,SP,Lathyrus.leucanthus,6,10.8,27
2015,Stormy.Pass,SP,Lathyrus.leucanthus,7,61.6,154
2015,Stormy.Pass,SP,Lathyrus.leucanthus,8,135.6,339
2015,Stormy.Pass,SP,Lathyrus.leucanthus,9,52.4,131
2015,Stormy.Pass,SP,Lathyrus.leucanthus,10,28.8,72
2015,Stormy.Pass,SP,Lathyrus.leucanthus,11,2,5
2015,Stormy.Pass,SP,Ligularia.bigelovii,11,5.2,13
2015,Stormy.Pass,SP,Ligularia.bigelovii,12,30,75
2015,Stormy.Pass,SP,Ligularia.bigelovii,13,24.8,62
2015,Stormy.Pass,SP,Mertensia.ciliata,7,16,40
2015,Stormy.Pass,SP,Mertensia.ciliata,8,76.8,192
2015,Stormy.Pass,SP,Mertensia.ciliata,9,282.8,707
2015,Stormy.Pass,SP,Mertensia.ciliata,10,248,620
2015,Stormy.Pass,SP,Mertensia.ciliata,11,60,150
2015,Stormy.Pass,SP,Mertensia.ciliata,12,2,5
2015,Stormy.Pass,SP,Mertensia.ciliata,13,0.8,2
2015,Stormy.Pass,SP,Mertensia.fusiformis,1,6.8,17
2015,Stormy.Pass,SP,Mertensia.fusiformis,2,35.6,89
2015,Stormy.Pass,SP,Mertensia.fusiformis,3,106.39999999999999,266
2015,Stormy.Pass,SP,Mertensia.fusiformis,4,115.2,288
2015,Stormy.Pass,SP,Mertensia.fusiformis,5,80,200
2015,Stormy.Pass,SP,Mertensia.fusiformis,6,47.2,118
2015,Stormy.Pass,SP,Mertensia.fusiformis,7,1.6,4
2015,Stormy.Pass,SP,Potentilla.pulcherrima,6,2.4000000000000004,6
2015,Stormy.Pass,SP,Potentilla.pulcherrima,7,36.8,92
2015,Stormy.Pass,SP,Potentilla.pulcherrima,8,40.8,102
2015,Stormy.Pass,SP,Potentilla.pulcherrima,9,121.6,304
2015,Stormy.Pass,SP,Potentilla.pulcherrima,10,103.2,258
2015,Stormy.Pass,SP,Potentilla.pulcherrima,11,66,165
2015,Stormy.Pass,SP,Potentilla.pulcherrima,12,12,30
2015,Stormy.Pass,SP,Potentilla.pulcherrima,13,0.4,1
2015,Stormy.Pass,SP,Potentilla.pulcherrima,14,0.8,2
2015,Stormy.Pass,SP,Pseudocymopterus.montanus,9,0.4,1
2015,Stormy.Pass,SP,Ranunculus.inamoenus,2,4,10
2015,Stormy.Pass,SP,Ranunculus.inamoenus,3,8.8,22
2015,Stormy.Pass,SP,Ranunculus.inamoenus,4,11.6,29
2015,Stormy.Pass,SP,Ranunculus.inamoenus,5,2,5
2015,Stormy.Pass,SP,Ranunculus.inamoenus,6,3.2,8
2015,Stormy.Pass,SP,Ranunculus.inamoenus,7,4,10
2015,Stormy.Pass,SP,Sambucus.racemosa,6,0.4,1
2015,Stormy.Pass,SP,Senecio.serra,12,26.8,67
2015,Stormy.Pass,SP,Senecio.serra,13,41.2,103
2015,Stormy.Pass,SP,Senecio.serra,14,3.2,8
2015,Stormy.Pass,SP,Solidago.multiradiata,10,3.6,9
2015,Stormy.Pass,SP,Solidago.multiradiata,11,9.6,24
2015,Stormy.Pass,SP,Solidago.multiradiata,12,16.4,41
2015,Stormy.Pass,SP,Solidago.multiradiata,13,4.4,11
2015,Stormy.Pass,SP,Taraxacum.officinale,2,1.6,4
2015,Stormy.Pass,SP,Taraxacum.officinale,4,1.2000000000000002,3
2015,Stormy.Pass,SP,Taraxacum.officinale,5,3.2,8
2015,Stormy.Pass,SP,Taraxacum.officinale,6,0.8,2
2015,Stormy.Pass,SP,Veratrum.tenuipetalum,9,0.4,1
2015,Stormy.Pass,SP,Veratrum.tenuipetalum,10,0.4,1
2015,Stormy.Pass,SP,Vicia.americana,8,2,5
2015,Stormy.Pass,SP,Vicia.americana,9,33.2,83
2015,Stormy.Pass,SP,Vicia.americana,10,38.4,96
2015,Stormy.Pass,SP,Vicia.americana,11,10.8,27
2015,Stormy.Pass,SP,Vicia.americana,12,0.4,1
2015,Stormy.Pass,SP,Vicia.americana,13,2.4,6
2015,Stormy.Pass,SP,Viola.adunca,6,3.5999999999999996,9
2015,Stormy.Pass,SP,Viola.praemorsa,2,3.2,8
2015,Stormy.Pass,SP,Viola.praemorsa,3,3.6,9
2015,Stormy.Pass,SP,Viola.praemorsa,4,10.8,27
2015,Stormy.Pass,SP,Viola.praemorsa,5,26,65
2015,Stormy.Pass,SP,Viola.praemorsa,6,1.6,4
2016,Avery.Wash,AW,Achillea.millefolium,12,0.9,9
2016,Avery.Wash,AW,Achillea.millefolium,13,1.2,12
2016,Avery.Wash,AW,Achillea.millefolium,14,1.6,16
2016,Avery.Wash,AW,Achillea.millefolium,15,0.9,9
2016,Avery.Wash,AW,Achillea.millefolium,16,1.1,11
2016,Avery.Wash,AW,Achillea.millefolium,17,0.1,1
2016,Avery.Wash,AW,Adenolinum.lewisii,9,0.2,2
2016,Avery.Wash,AW,Adenolinum.lewisii,11,0.1,1
2016,Avery.Wash,AW,Agoseris.aurantiaca,11,1.4,14
2016,Avery.Wash,AW,Agoseris.aurantiaca,12,1.9000000000000001,19
2016,Avery.Wash,AW,Agoseris.aurantiaca,13,1,10
2016,Avery.Wash,AW,Agoseris.aurantiaca,14,0.1,1
2016,Avery.Wash,AW,Agoseris.glauca,11,0.6,6
2016,Avery.Wash,AW,Agoseris.glauca,12,0.7,7
2016,Avery.Wash,AW,Agoseris.glauca,13,0.2,2
2016,Avery.Wash,AW,Agoseris.glauca,14,0.6000000000000001,6
2016,Avery.Wash,AW,Aquilegia.coerulea,9,0.5,5
2016,Avery.Wash,AW,Aquilegia.coerulea,10,0.7,7
2016,Avery.Wash,AW,Aquilegia.coerulea,11,0.5,5
2016,Avery.Wash,AW,Aquilegia.coerulea,12,0.1,1
2016,Avery.Wash,AW,Arnica.parryi,15,0.1,1
2016,Avery.Wash,AW,Campanula.rotundifolia,13,4.1,41
2016,Avery.Wash,AW,Campanula.rotundifolia,14,7.4,74
2016,Avery.Wash,AW,Campanula.rotundifolia,15,1.7,17
2016,Avery.Wash,AW,Cirsium.parryi,13,0.5,5
2016,Avery.Wash,AW,Cirsium.parryi,14,1.5,15
2016,Avery.Wash,AW,Cirsium.parryi,15,1.4000000000000001,14
2016,Avery.Wash,AW,Cirsium.parryi,16,1,10
2016,Avery.Wash,AW,Claytonia.lanceolata,2,0.1,1
2016,Avery.Wash,AW,Claytonia.lanceolata,3,1.9,19
2016,Avery.Wash,AW,Claytonia.lanceolata,4,225.3,2253
2016,Avery.Wash,AW,Claytonia.lanceolata,5,171.4,1714
2016,Avery.Wash,AW,Claytonia.lanceolata,6,4.5,45
2016,Avery.Wash,AW,Collomia.linearis,9,0.2,2
2016,Avery.Wash,AW,Collomia.linearis,10,109.60000000000001,1096
2016,Avery.Wash,AW,Collomia.linearis,11,32.4,324
2016,Avery.Wash,AW,Collomia.linearis,12,1.2000000000000002,12
2016,Avery.Wash,AW,Collomia.linearis,15,9.1,91
2016,Avery.Wash,AW,Collomia.linearis,16,8.5,85
2016,Avery.Wash,AW,Collomia.linearis,17,4.2,42
2016,Avery.Wash,AW,Collomia.linearis,18,1.5999999999999999,16
2016,Avery.Wash,AW,Delphinium.barbeyi,10,6.199999999999999,62
2016,Avery.Wash,AW,Delphinium.barbeyi,11,16.8,168
2016,Avery.Wash,AW,Delphinium.barbeyi,12,50.1,501
2016,Avery.Wash,AW,Delphinium.barbeyi,13,44.8,448
2016,Avery.Wash,AW,Delphinium.barbeyi,14,1.2,12
2016,Avery.Wash,AW,Delphinium.barbeyi,15,0.4,4
2016,Avery.Wash,AW,Delphinium.nuttallianum,6,6.3,63
2016,Avery.Wash,AW,Delphinium.nuttallianum,7,23.9,239
2016,Avery.Wash,AW,Delphinium.nuttallianum,8,15.2,152
2016,Avery.Wash,AW,Delphinium.nuttallianum,9,0.2,2
2016,Avery.Wash,AW,Dugaldia.hoopesii,8,1.7000000000000002,17
2016,Avery.Wash,AW,Dugaldia.hoopesii,9,3.5,35
2016,Avery.Wash,AW,Dugaldia.hoopesii,10,10.7,107
2016,Avery.Wash,AW,Dugaldia.hoopesii,11,11.4,114
2016,Avery.Wash,AW,Dugaldia.hoopesii,12,13.1,131
2016,Avery.Wash,AW,Dugaldia.hoopesii,13,4.2,42
2016,Avery.Wash,AW,Dugaldia.hoopesii,14,1.2000000000000002,12
2016,Avery.Wash,AW,Dugaldia.hoopesii,15,0.30000000000000004,3
2016,Avery.Wash,AW,Dugaldia.hoopesii,17,0.1,1
2016,Avery.Wash,AW,Erigeron.elatior,10,1.9000000000000001,19
2016,Avery.Wash,AW,Erigeron.elatior,11,9.8,98
2016,Avery.Wash,AW,Erigeron.elatior,12,18.2,182
2016,Avery.Wash,AW,Erigeron.elatior,13,23.900000000000002,239
2016,Avery.Wash,AW,Erigeron.elatior,14,20.8,208
2016,Avery.Wash,AW,Erigeron.elatior,15,6.7,67
2016,Avery.Wash,AW,Erigeron.elatior,16,0.7,7
2016,Avery.Wash,AW,Erigeron.flagellaris,10,0.4,4
2016,Avery.Wash,AW,Erigeron.flagellaris,13,0.5,5
2016,Avery.Wash,AW,Erigeron.speciosus,12,0.7000000000000001,7
2016,Avery.Wash,AW,Erigeron.speciosus,13,7.4,74
2016,Avery.Wash,AW,Erigeron.speciosus,14,1.2,12
2016,Avery.Wash,AW,Erigeron.speciosus,15,1.2,12
2016,Avery.Wash,AW,Erigeron.speciosus,16,0.2,2
2016,Avery.Wash,AW,Erythronium.grandiflorum,5,0.4,4
2016,Avery.Wash,AW,Fragaria.virginiana,5,0.5,5
2016,Avery.Wash,AW,Fragaria.virginiana,6,44.3,443
2016,Avery.Wash,AW,Fragaria.virginiana,7,18.900000000000002,189
2016,Avery.Wash,AW,Fragaria.virginiana,8,6.3,63
2016,Avery.Wash,AW,Fragaria.virginiana,9,0.3,3
2016,Avery.Wash,AW,Gentianella.acuta,14,0.2,2
2016,Avery.Wash,AW,Gentianopsis.thermalis,15,0.3,3
2016,Avery.Wash,AW,Geranium.richardsonii,8,0.7,7
2016,Avery.Wash,AW,Geranium.richardsonii,9,2.6,26
2016,Avery.Wash,AW,Geranium.richardsonii,10,3,30
2016,Avery.Wash,AW,Geranium.richardsonii,11,1.8,18
2016,Avery.Wash,AW,Geranium.richardsonii,12,1.1,11
2016,Avery.Wash,AW,Geranium.richardsonii,13,0.2,2
2016,Avery.Wash,AW,Helianthella.quinquenervis,10,1.7,17
2016,Avery.Wash,AW,Helianthella.quinquenervis,11,3,30
2016,Avery.Wash,AW,Helianthella.quinquenervis,12,1.7000000000000002,17
2016,Avery.Wash,AW,Helianthella.quinquenervis,13,0.4,4
2016,Avery.Wash,AW,Heliomeris.multiflora,13,0.7,7
2016,Avery.Wash,AW,Heliomeris.multiflora,14,4.3999999999999995,44
2016,Avery.Wash,AW,Heliomeris.multiflora,15,5.6,56
2016,Avery.Wash,AW,Heliomeris.multiflora,16,4.9,49
2016,Avery.Wash,AW,Heliomeris.multiflora,17,0.2,2
2016,Avery.Wash,AW,Heracleum.sphondylium,12,5.3,53
2016,Avery.Wash,AW,Heracleum.sphondylium,13,1.4,14
2016,Avery.Wash,AW,Heterotheca.villosa,10,0.3,3
2016,Avery.Wash,AW,Heterotheca.villosa,11,2.7,27
2016,Avery.Wash,AW,Heterotheca.villosa,12,7.7,77
2016,Avery.Wash,AW,Heterotheca.villosa,13,12.7,127
2016,Avery.Wash,AW,Heterotheca.villosa,14,10,100
2016,Avery.Wash,AW,Heterotheca.villosa,15,7.5,75
2016,Avery.Wash,AW,Heterotheca.villosa,16,3.3000000000000003,33
2016,Avery.Wash,AW,Heterotheca.villosa,17,0.1,1
2016,Avery.Wash,AW,Hydrophyllum.fendleri,7,6.6,66
2016,Avery.Wash,AW,Hydrophyllum.fendleri,8,43.1,431
2016,Avery.Wash,AW,Hydrophyllum.fendleri,9,51.1,511
2016,Avery.Wash,AW,Hydrophyllum.fendleri,10,17.4,174
2016,Avery.Wash,AW,Hydrophyllum.fendleri,11,4.6,46
2016,Avery.Wash,AW,Hydrophyllum.fendleri,12,1.2,12
2016,Avery.Wash,AW,Lathyrus.leucanthus,7,0.1,1
2016,Avery.Wash,AW,Lathyrus.leucanthus,8,51.8,518
2016,Avery.Wash,AW,Lathyrus.leucanthus,9,28.8,288
2016,Avery.Wash,AW,Lathyrus.leucanthus,10,2,20
2016,Avery.Wash,AW,Lathyrus.leucanthus,11,0.1,1
2016,Avery.Wash,AW,Ligularia.bigelovii,12,4.5,45
2016,Avery.Wash,AW,Ligularia.bigelovii,13,16.9,169
2016,Avery.Wash,AW,Ligularia.bigelovii,14,11.8,118
2016,Avery.Wash,AW,Ligularia.bigelovii,15,2.4,24
2016,Avery.Wash,AW,Ligusticum.porteri,8,6.9,69
2016,Avery.Wash,AW,Ligusticum.porteri,9,7.4,74
2016,Avery.Wash,AW,Ligusticum.porteri,10,9.1,91
2016,Avery.Wash,AW,Ligusticum.porteri,11,4.9,49
2016,Avery.Wash,AW,Mertensia.ciliata,9,0.2,2
2016,Avery.Wash,AW,Mertensia.ciliata,10,0.5,5
2016,Avery.Wash,AW,Mertensia.ciliata,11,1.9000000000000001,19
2016,Avery.Wash,AW,Mertensia.ciliata,12,1.1,11
2016,Avery.Wash,AW,Mertensia.fusiformis,2,0.6,6
2016,Avery.Wash,AW,Mertensia.fusiformis,3,1.5,15
2016,Avery.Wash,AW,Mertensia.fusiformis,4,0.7,7
2016,Avery.Wash,AW,Mertensia.fusiformis,5,17.8,178
2016,Avery.Wash,AW,Mertensia.fusiformis,6,21.7,217
2016,Avery.Wash,AW,Mertensia.fusiformis,7,5.2,52
2016,Avery.Wash,AW,Pentaphylloides.floribunda,10,0.6,6
2016,Avery.Wash,AW,Potentilla.pulcherrima,8,12.200000000000001,122
2016,Avery.Wash,AW,Potentilla.pulcherrima,9,26.5,265
2016,Avery.Wash,AW,Potentilla.pulcherrima,10,68.1,681
2016,Avery.Wash,AW,Potentilla.pulcherrima,11,49.199999999999996,492
2016,Avery.Wash,AW,Potentilla.pulcherrima,12,49.9,499
2016,Avery.Wash,AW,Potentilla.pulcherrima,13,38.2,382
2016,Avery.Wash,AW,Potentilla.pulcherrima,14,3.6,36
2016,Avery.Wash,AW,Potentilla.pulcherrima,15,0.7000000000000001,7
2016,Avery.Wash,AW,Potentilla.pulcherrima,16,0.1,1
2016,Avery.Wash,AW,Ranunculus.inamoenus,5,2.9,29
2016,Avery.Wash,AW,Ranunculus.inamoenus,6,8.6,86
2016,Avery.Wash,AW,Ranunculus.inamoenus,7,2.6,26
2016,Avery.Wash,AW,Ranunculus.inamoenus,8,1.6,16
2016,Avery.Wash,AW,Ranunculus.inamoenus,9,0.1,1
2016,Avery.Wash,AW,Ranunculus.inamoenus,10,0.2,2
2016,Avery.Wash,AW,Senecio.serra,9,1,10
2016,Avery.Wash,AW,Senecio.serra,10,2.2,22
2016,Avery.Wash,AW,Senecio.serra,11,1,10
2016,Avery.Wash,AW,Senecio.serra,13,1.4,14
2016,Avery.Wash,AW,Senecio.serra,14,3.5,35
2016,Avery.Wash,AW,Senecio.serra,15,0.1,1
2016,Avery.Wash,AW,Solidago.multiradiata,11,1.1,11
2016,Avery.Wash,AW,Solidago.multiradiata,12,3.7,37
2016,Avery.Wash,AW,Solidago.multiradiata,13,2.8,28
2016,Avery.Wash,AW,Solidago.multiradiata,14,2,20
2016,Avery.Wash,AW,Solidago.multiradiata,15,4.7,47
2016,Avery.Wash,AW,Taraxacum.officinale,5,4,40
2016,Avery.Wash,AW,Taraxacum.officinale,6,21.5,215
2016,Avery.Wash,AW,Taraxacum.officinale,7,11.3,113
2016,Avery.Wash,AW,Taraxacum.officinale,8,2.5,25
2016,Avery.Wash,AW,Taraxacum.officinale,9,0.2,2
2016,Avery.Wash,AW,Taraxacum.officinale,17,0.1,1
2016,Avery.Wash,AW,Trifolium.pratense,11,0.2,2
2016,Avery.Wash,AW,Trifolium.repens,12,0.5,5
2016,Avery.Wash,AW,Valeriana.occidentalis,6,0.1,1
2016,Avery.Wash,AW,Valeriana.occidentalis,8,0.1,1
2016,Avery.Wash,AW,Vicia.americana,9,3.7,37
2016,Avery.Wash,AW,Vicia.americana,10,43.699999999999996,437
2016,Avery.Wash,AW,Vicia.americana,11,19.4,194
2016,Avery.Wash,AW,Vicia.americana,12,2.1,21
2016,Avery.Wash,AW,Vicia.americana,13,0.4,4
2016,Avery.Wash,AW,Viola.praemorsa,5,1.4000000000000001,14
2016,Avery.Wash,AW,Viola.praemorsa,6,13.9,139
2016,Avery.Wash,AW,Viola.praemorsa,7,2.6999999999999997,27
2016,Copper.Creek,CC,Aconitum.columbianum,10,2.5,25
2016,Copper.Creek,CC,Aconitum.columbianum,11,2.8,28
2016,Copper.Creek,CC,Aconitum.columbianum,12,3.1,31
2016,Copper.Creek,CC,Aconitum.columbianum,13,3.3,33
2016,Copper.Creek,CC,Aconitum.columbianum,14,0.3,3
2016,Copper.Creek,CC,Aconitum.columbianum,15,0.7,7
2016,Copper.Creek,CC,Adenolinum.lewisii,8,0.7,7
2016,Copper.Creek,CC,Adenolinum.lewisii,10,4.5,45
2016,Copper.Creek,CC,Adenolinum.lewisii,11,1.4,14
2016,Copper.Creek,CC,Agoseris.aurantiaca,13,0.1,1
2016,Copper.Creek,CC,Calochortus.gunnisonii,11,0.1,1
2016,Copper.Creek,CC,Calochortus.gunnisonii,12,0.2,2
2016,Copper.Creek,CC,Calochortus.gunnisonii,13,0.1,1
2016,Copper.Creek,CC,Campanula.rotundifolia,12,1.4,14
2016,Copper.Creek,CC,Campanula.rotundifolia,13,15.8,158
2016,Copper.Creek,CC,Campanula.rotundifolia,14,2.1,21
2016,Copper.Creek,CC,Campanula.rotundifolia,15,1,10
2016,Copper.Creek,CC,Campanula.rotundifolia,16,0.1,1
2016,Copper.Creek,CC,Cirsium.parryi,15,0.1,1
2016,Copper.Creek,CC,Claytonia.lanceolata,3,37,370
2016,Copper.Creek,CC,Claytonia.lanceolata,4,530.3,5303
2016,Copper.Creek,CC,Claytonia.lanceolata,5,302.7,3027
2016,Copper.Creek,CC,Claytonia.lanceolata,6,18.8,188
2016,Copper.Creek,CC,Collomia.linearis,11,53.1,531
2016,Copper.Creek,CC,Collomia.linearis,12,53.1,531
2016,Copper.Creek,CC,Collomia.linearis,13,16,160
2016,Copper.Creek,CC,Collomia.linearis,15,3.6999999999999997,37
2016,Copper.Creek,CC,Collomia.linearis,16,8.299999999999999,83
2016,Copper.Creek,CC,Collomia.linearis,17,12.4,124
2016,Copper.Creek,CC,Collomia.linearis,18,6.5,65
2016,Copper.Creek,CC,Delphinium.barbeyi,9,1.2,12
2016,Copper.Creek,CC,Delphinium.barbeyi,10,13,130
2016,Copper.Creek,CC,Delphinium.barbeyi,11,44.5,445
2016,Copper.Creek,CC,Delphinium.barbeyi,12,86.39999999999999,864
2016,Copper.Creek,CC,Delphinium.barbeyi,13,55.3,553
2016,Copper.Creek,CC,Delphinium.barbeyi,14,1.3,13
2016,Copper.Creek,CC,Delphinium.nuttallianum,5,0.3,3
2016,Copper.Creek,CC,Delphinium.nuttallianum,6,36,360
2016,Copper.Creek,CC,Delphinium.nuttallianum,7,70.4,704
2016,Copper.Creek,CC,Delphinium.nuttallianum,8,16.1,161
2016,Copper.Creek,CC,Delphinium.nuttallianum,9,0.1,1
2016,Copper.Creek,CC,Draba.aurea,7,0.3,3
2016,Copper.Creek,CC,Dugaldia.hoopesii,10,0.7,7
2016,Copper.Creek,CC,Dugaldia.hoopesii,11,3.6,36
2016,Copper.Creek,CC,Dugaldia.hoopesii,12,6.2,62
2016,Copper.Creek,CC,Dugaldia.hoopesii,13,10.8,108
2016,Copper.Creek,CC,Dugaldia.hoopesii,14,0.8,8
2016,Copper.Creek,CC,Dugaldia.hoopesii,15,0.6,6
2016,Copper.Creek,CC,Dugaldia.hoopesii,16,0.1,1
2016,Copper.Creek,CC,Erigeron.elatior,12,1.2,12
2016,Copper.Creek,CC,Erigeron.elatior,13,10.1,101
2016,Copper.Creek,CC,Erigeron.elatior,14,4.6,46
2016,Copper.Creek,CC,Erigeron.elatior,15,4.4,44
2016,Copper.Creek,CC,Erigeron.elatior,16,1,10
2016,Copper.Creek,CC,Erigeron.elatior,17,0.1,1
2016,Copper.Creek,CC,Erigeron.flagellaris,10,0.4,4
2016,Copper.Creek,CC,Erigeron.speciosus,11,3.9,39
2016,Copper.Creek,CC,Erigeron.speciosus,12,16.6,166
2016,Copper.Creek,CC,Erigeron.speciosus,13,37.3,373
2016,Copper.Creek,CC,Erigeron.speciosus,14,8,80
2016,Copper.Creek,CC,Erigeron.speciosus,15,6,60
2016,Copper.Creek,CC,Erigeron.speciosus,16,2.1,21
2016,Copper.Creek,CC,Erysimum.capitatum,8,1,10
2016,Copper.Creek,CC,Erythronium.grandiflorum,5,6.800000000000001,68
2016,Copper.Creek,CC,Erythronium.grandiflorum,6,0.3,3
2016,Copper.Creek,CC,Geranium.richardsonii,8,1.2,12
2016,Copper.Creek,CC,Geranium.richardsonii,9,2.4,24
2016,Copper.Creek,CC,Geranium.richardsonii,10,4.4,44
2016,Copper.Creek,CC,Geranium.richardsonii,11,4.5,45
2016,Copper.Creek,CC,Geranium.richardsonii,12,3.5,35
2016,Copper.Creek,CC,Geranium.richardsonii,13,1.1,11
2016,Copper.Creek,CC,Geranium.richardsonii,14,0.1,1
2016,Copper.Creek,CC,Hackelia.floribunda,10,0.6,6
2016,Copper.Creek,CC,Hackelia.floribunda,11,13,130
2016,Copper.Creek,CC,Hackelia.floribunda,12,20.4,204
2016,Copper.Creek,CC,Hackelia.floribunda,13,17,170
2016,Copper.Creek,CC,Hackelia.floribunda,14,0.8,8
2016,Copper.Creek,CC,Hackelia.floribunda,15,0.6000000000000001,6
2016,Copper.Creek,CC,Hackelia.floribunda,16,0.4,4
2016,Copper.Creek,CC,Helianthella.quinquenervis,10,1.2,12
2016,Copper.Creek,CC,Helianthella.quinquenervis,11,4.3,43
2016,Copper.Creek,CC,Helianthella.quinquenervis,12,6.2,62
2016,Copper.Creek,CC,Helianthella.quinquenervis,13,0.7,7
2016,Copper.Creek,CC,Helianthella.quinquenervis,14,0.1,1
2016,Copper.Creek,CC,Helianthella.quinquenervis,15,0.1,1
2016,Copper.Creek,CC,Heliomeris.multiflora,12,3.4,34
2016,Copper.Creek,CC,Heliomeris.multiflora,13,52.6,526
2016,Copper.Creek,CC,Heliomeris.multiflora,14,39.2,392
2016,Copper.Creek,CC,Heliomeris.multiflora,15,50.5,505
2016,Copper.Creek,CC,Heliomeris.multiflora,16,63.1,631
2016,Copper.Creek,CC,Heliomeris.multiflora,17,30,300
2016,Copper.Creek,CC,Heliomeris.multiflora,18,7.5,75
2016,Copper.Creek,CC,Heracleum.sphondylium,12,9.1,91
2016,Copper.Creek,CC,Heracleum.sphondylium,13,2.9,29
2016,Copper.Creek,CC,Heterotheca.villosa,10,1,10
2016,Copper.Creek,CC,Heterotheca.villosa,11,3.1999999999999997,32
2016,Copper.Creek,CC,Heterotheca.villosa,12,13.8,138
2016,Copper.Creek,CC,Heterotheca.villosa,13,28.9,289
2016,Copper.Creek,CC,Heterotheca.villosa,14,1.3,13
2016,Copper.Creek,CC,Heterotheca.villosa,15,8.6,86
2016,Copper.Creek,CC,Heterotheca.villosa,16,3.4,34
2016,Copper.Creek,CC,Heterotheca.villosa,17,0.1,1
2016,Copper.Creek,CC,Hydrophyllum.capitatum,5,1.3,13
2016,Copper.Creek,CC,Hydrophyllum.capitatum,6,33.1,331
2016,Copper.Creek,CC,Hydrophyllum.capitatum,7,25.5,255
2016,Copper.Creek,CC,Hydrophyllum.fendleri,7,0.6,6
2016,Copper.Creek,CC,Hydrophyllum.fendleri,8,30.700000000000003,307
2016,Copper.Creek,CC,Hydrophyllum.fendleri,9,30.3,303
2016,Copper.Creek,CC,Hydrophyllum.fendleri,10,4.1,41
2016,Copper.Creek,CC,Lathyrus.leucanthus,6,0.3,3
2016,Copper.Creek,CC,Lathyrus.leucanthus,7,14.2,142
2016,Copper.Creek,CC,Lathyrus.leucanthus,8,35,350
2016,Copper.Creek,CC,Lathyrus.leucanthus,9,24,240
2016,Copper.Creek,CC,Lathyrus.leucanthus,10,1.7999999999999998,18
2016,Copper.Creek,CC,Lathyrus.leucanthus,11,0.1,1
2016,Copper.Creek,CC,Lathyrus.leucanthus,12,0.2,2
2016,Copper.Creek,CC,Ligularia.bigelovii,13,2.2,22
2016,Copper.Creek,CC,Ligularia.bigelovii,14,0.6000000000000001,6
2016,Copper.Creek,CC,Ligularia.bigelovii,15,0.6,6
2016,Copper.Creek,CC,Ligularia.bigelovii,16,0.1,1
2016,Copper.Creek,CC,Ligusticum.porteri,8,2.8000000000000003,28
2016,Copper.Creek,CC,Ligusticum.porteri,9,4.7,47
2016,Copper.Creek,CC,Ligusticum.porteri,10,5.6,56
2016,Copper.Creek,CC,Ligusticum.porteri,11,0.6000000000000001,6
2016,Copper.Creek,CC,Lupinus.bakeri,7,3.1,31
2016,Copper.Creek,CC,Lupinus.bakeri,8,54.4,544
2016,Copper.Creek,CC,Lupinus.bakeri,9,93.1,931
2016,Copper.Creek,CC,Lupinus.bakeri,10,48.6,486
2016,Copper.Creek,CC,Lupinus.bakeri,11,12.6,126
2016,Copper.Creek,CC,Lupinus.bakeri,12,1.1,11
2016,Copper.Creek,CC,Mahonia.repens,4,2.5,25
2016,Copper.Creek,CC,Mahonia.repens,5,3.6,36
2016,Copper.Creek,CC,Mahonia.repens,6,9.6,96
2016,Copper.Creek,CC,Mahonia.repens,7,3.4,34
2016,Copper.Creek,CC,Mertensia.fusiformis,3,5,50
2016,Copper.Creek,CC,Mertensia.fusiformis,4,48.199999999999996,482
2016,Copper.Creek,CC,Mertensia.fusiformis,5,70.3,703
2016,Copper.Creek,CC,Mertensia.fusiformis,6,22.2,222
2016,Copper.Creek,CC,Mertensia.fusiformis,7,6.2,62
2016,Copper.Creek,CC,Oxypolis.fendleri,14,0.4,4
2016,Copper.Creek,CC,Potentilla.pulcherrima,8,0.30000000000000004,3
2016,Copper.Creek,CC,Potentilla.pulcherrima,9,2.4,24
2016,Copper.Creek,CC,Potentilla.pulcherrima,10,2.7,27
2016,Copper.Creek,CC,Potentilla.pulcherrima,11,7.8,78
2016,Copper.Creek,CC,Potentilla.pulcherrima,12,8,80
2016,Copper.Creek,CC,Potentilla.pulcherrima,13,6.7,67
2016,Copper.Creek,CC,Ranunculus.inamoenus,7,0.1,1
2016,Copper.Creek,CC,Ranunculus.inamoenus,8,0.1,1
2016,Copper.Creek,CC,Salix.wolfii,6,3.4,34
2016,Copper.Creek,CC,Salix.wolfii,7,6.5,65
2016,Copper.Creek,CC,Senecio.serra,13,3.2,32
2016,Copper.Creek,CC,Senecio.serra,14,2.5,25
2016,Copper.Creek,CC,Senecio.serra,15,0.2,2
2016,Copper.Creek,CC,Taraxacum.officinale,5,1.3,13
2016,Copper.Creek,CC,Taraxacum.officinale,6,1,10
2016,Copper.Creek,CC,Taraxacum.officinale,7,0.6,6
2016,Copper.Creek,CC,Valeriana.occidentalis,5,3.9,39
2016,Copper.Creek,CC,Valeriana.occidentalis,6,14.8,148
2016,Copper.Creek,CC,Valeriana.occidentalis,7,9.6,96
2016,Copper.Creek,CC,Valeriana.occidentalis,8,6,60
2016,Copper.Creek,CC,Valeriana.occidentalis,9,1.6,16
2016,Copper.Creek,CC,Vicia.americana,8,2.3000000000000003,23
2016,Copper.Creek,CC,Vicia.americana,9,9.3,93
2016,Copper.Creek,CC,Vicia.americana,10,8.9,89
2016,Copper.Creek,CC,Vicia.americana,11,7.5,75
2016,Copper.Creek,CC,Vicia.americana,12,0.3,3
2016,Copper.Creek,CC,Viola.praemorsa,5,0.5,5
2016,Copper.Creek,CC,Viola.praemorsa,6,0.30000000000000004,3
2016,Copper.Creek,CC,Viola.praemorsa,7,1.9,19
2016,Frogs.Pond,FP,Achillea.millefolium,12,5.1,51
2016,Frogs.Pond,FP,Achillea.millefolium,13,1.1,11
2016,Frogs.Pond,FP,Achillea.millefolium,14,2.1,21
2016,Frogs.Pond,FP,Achillea.millefolium,15,1.7999999999999998,18
2016,Frogs.Pond,FP,Achillea.millefolium,16,1.6,16
2016,Frogs.Pond,FP,Achillea.millefolium,17,1,10
2016,Frogs.Pond,FP,Achillea.millefolium,18,0.8999999999999999,9
2016,Frogs.Pond,FP,Adenolinum.lewisii,8,0.5,5
2016,Frogs.Pond,FP,Adenolinum.lewisii,9,6.7,67
2016,Frogs.Pond,FP,Adenolinum.lewisii,10,0.5,5
2016,Frogs.Pond,FP,Adenolinum.lewisii,12,0.8999999999999999,9
2016,Frogs.Pond,FP,Adenolinum.lewisii,13,0.1,1
2016,Frogs.Pond,FP,Agoseris.glauca,14,0.2,2
2016,Frogs.Pond,FP,Anticlea.elegans,10,0.2,2
2016,Frogs.Pond,FP,Aster.foliaceus,14,0.3,3
2016,Frogs.Pond,FP,Aster.foliaceus,15,1.4,14
2016,Frogs.Pond,FP,Aster.foliaceus,16,0.2,2
2016,Frogs.Pond,FP,Calochortus.gunnisonii,11,0.8,8
2016,Frogs.Pond,FP,Calochortus.gunnisonii,12,0.6,6
2016,Frogs.Pond,FP,Campanula.parryi,15,0.1,1
2016,Frogs.Pond,FP,Campanula.rotundifolia,15,0.1,1
2016,Frogs.Pond,FP,Castilleja.linariifolia,9,0.7,7
2016,Frogs.Pond,FP,Castilleja.linariifolia,10,0.6,6
2016,Frogs.Pond,FP,Castilleja.linariifolia,11,2.9,29
2016,Frogs.Pond,FP,Castilleja.linariifolia,12,2.4,24
2016,Frogs.Pond,FP,Castilleja.linariifolia,14,0.7,7
2016,Frogs.Pond,FP,Castilleja.linariifolia,15,0.1,1
2016,Frogs.Pond,FP,Cirsium.parryi,13,0.2,2
2016,Frogs.Pond,FP,Cirsium.parryi,14,1.2,12
2016,Frogs.Pond,FP,Cirsium.parryi,15,2.3000000000000003,23
2016,Frogs.Pond,FP,Cirsium.parryi,16,0.3,3
2016,Frogs.Pond,FP,Claytonia.lanceolata,5,0.4,4
2016,Frogs.Pond,FP,Collomia.linearis,10,21.7,217
2016,Frogs.Pond,FP,Collomia.linearis,11,26.9,269
2016,Frogs.Pond,FP,Collomia.linearis,12,9.2,92
2016,Frogs.Pond,FP,Collomia.linearis,15,8.600000000000001,86
2016,Frogs.Pond,FP,Collomia.linearis,16,4.7,47
2016,Frogs.Pond,FP,Collomia.linearis,17,0.5,5
2016,Frogs.Pond,FP,Collomia.linearis,18,0.3,3
2016,Frogs.Pond,FP,Delphinium.barbeyi,10,1.9,19
2016,Frogs.Pond,FP,Delphinium.barbeyi,11,14.5,145
2016,Frogs.Pond,FP,Delphinium.barbeyi,12,36.6,366
2016,Frogs.Pond,FP,Delphinium.barbeyi,13,18.099999999999998,181
2016,Frogs.Pond,FP,Delphinium.barbeyi,14,2,20
2016,Frogs.Pond,FP,Delphinium.barbeyi,15,0.1,1
2016,Frogs.Pond,FP,Delphinium.nuttallianum,6,1,10
2016,Frogs.Pond,FP,Delphinium.nuttallianum,7,1.2,12
2016,Frogs.Pond,FP,Draba.aurea,7,4.8,48
2016,Frogs.Pond,FP,Draba.aurea,8,3.7,37
2016,Frogs.Pond,FP,Draba.aurea,9,2.2,22
2016,Frogs.Pond,FP,Dugaldia.hoopesii,11,1.2,12
2016,Frogs.Pond,FP,Ericameria.parryi,16,0.7,7
2016,Frogs.Pond,FP,Ericameria.parryi,17,0.3,3
2016,Frogs.Pond,FP,Erigeron.coulteri,12,0.2,2
2016,Frogs.Pond,FP,Erigeron.elatior,13,4.2,42
2016,Frogs.Pond,FP,Erigeron.elatior,14,0.8,8
2016,Frogs.Pond,FP,Erigeron.elatior,15,0.3,3
2016,Frogs.Pond,FP,Erigeron.flagellaris,10,4.3,43
2016,Frogs.Pond,FP,Erigeron.speciosus,11,10.1,101
2016,Frogs.Pond,FP,Erigeron.speciosus,12,38.6,386
2016,Frogs.Pond,FP,Erigeron.speciosus,13,42,420
2016,Frogs.Pond,FP,Erigeron.speciosus,14,33.8,338
2016,Frogs.Pond,FP,Erigeron.speciosus,15,13,130
2016,Frogs.Pond,FP,Erigeron.speciosus,16,1,10
2016,Frogs.Pond,FP,Erysimum.capitatum,6,0.1,1
2016,Frogs.Pond,FP,Erysimum.capitatum,8,0.9,9
2016,Frogs.Pond,FP,Erysimum.capitatum,9,2.4,24
2016,Frogs.Pond,FP,Erysimum.capitatum,10,0.7,7
2016,Frogs.Pond,FP,Erythrocoma.triflora,8,0.7,7
2016,Frogs.Pond,FP,Erythrocoma.triflora,9,1,10
2016,Frogs.Pond,FP,Erythrocoma.triflora,11,0.2,2
2016,Frogs.Pond,FP,Fragaria.virginiana,6,0.2,2
2016,Frogs.Pond,FP,Fragaria.virginiana,7,1.1,11
2016,Frogs.Pond,FP,Fragaria.virginiana,8,0.9,9
2016,Frogs.Pond,FP,Gentiana.parryi,15,0.4,4
2016,Frogs.Pond,FP,Gentiana.parryi,16,1,10
2016,Frogs.Pond,FP,Gentiana.parryi,17,0.4,4
2016,Frogs.Pond,FP,Geranium.richardsonii,7,0.1,1
2016,Frogs.Pond,FP,Geranium.richardsonii,8,0.6,6
2016,Frogs.Pond,FP,Geranium.richardsonii,9,1.1,11
2016,Frogs.Pond,FP,Geranium.richardsonii,10,1.2000000000000002,12
2016,Frogs.Pond,FP,Geranium.richardsonii,11,0.8,8
2016,Frogs.Pond,FP,Geranium.richardsonii,12,1.2000000000000002,12
2016,Frogs.Pond,FP,Geranium.richardsonii,13,0.30000000000000004,3
2016,Frogs.Pond,FP,Geranium.richardsonii,14,0.1,1
2016,Frogs.Pond,FP,Hackelia.floribunda,9,1.1,11
2016,Frogs.Pond,FP,Hackelia.floribunda,10,7.3,73
2016,Frogs.Pond,FP,Hackelia.floribunda,11,6.1000000000000005,61
2016,Frogs.Pond,FP,Hackelia.floribunda,12,9.9,99
2016,Frogs.Pond,FP,Hackelia.floribunda,13,0.6000000000000001,6
2016,Frogs.Pond,FP,Hackelia.floribunda,14,1.1,11
2016,Frogs.Pond,FP,Hackelia.floribunda,15,0.3,3
2016,Frogs.Pond,FP,Hackelia.floribunda,16,0.1,1
2016,Frogs.Pond,FP,Helianthella.quinquenervis,10,2.4,24
2016,Frogs.Pond,FP,Helianthella.quinquenervis,11,4.6000000000000005,46
2016,Frogs.Pond,FP,Helianthella.quinquenervis,12,5.1000000000000005,51
2016,Frogs.Pond,FP,Helianthella.quinquenervis,13,0.5,5
2016,Frogs.Pond,FP,Helianthella.quinquenervis,14,0.1,1
2016,Frogs.Pond,FP,Helianthella.quinquenervis,16,0.1,1
2016,Frogs.Pond,FP,Heliomeris.multiflora,12,0.2,2
2016,Frogs.Pond,FP,Heliomeris.multiflora,13,3.6,36
2016,Frogs.Pond,FP,Heliomeris.multiflora,14,14,140
2016,Frogs.Pond,FP,Heliomeris.multiflora,15,14.9,149
2016,Frogs.Pond,FP,Heliomeris.multiflora,16,16.6,166
2016,Frogs.Pond,FP,Heliomeris.multiflora,17,2.1,21
2016,Frogs.Pond,FP,Heliomeris.multiflora,18,0.4,4
2016,Frogs.Pond,FP,Heracleum.sphondylium,11,1,10
2016,Frogs.Pond,FP,Heracleum.sphondylium,12,2.7,27
2016,Frogs.Pond,FP,Heracleum.sphondylium,13,0.1,1
2016,Frogs.Pond,FP,Heterotheca.villosa,9,0.6,6
2016,Frogs.Pond,FP,Heterotheca.villosa,10,4.9,49
2016,Frogs.Pond,FP,Heterotheca.villosa,11,2.6999999999999997,27
2016,Frogs.Pond,FP,Heterotheca.villosa,12,13.7,137
2016,Frogs.Pond,FP,Heterotheca.villosa,13,13.6,136
2016,Frogs.Pond,FP,Heterotheca.villosa,14,2.9000000000000004,29
2016,Frogs.Pond,FP,Heterotheca.villosa,15,1.1,11
2016,Frogs.Pond,FP,Heterotheca.villosa,16,0.2,2
2016,Frogs.Pond,FP,Hydrophyllum.fendleri,6,1.1,11
2016,Frogs.Pond,FP,Hydrophyllum.fendleri,7,7.1,71
2016,Frogs.Pond,FP,Hydrophyllum.fendleri,8,21.3,213
2016,Frogs.Pond,FP,Hydrophyllum.fendleri,9,6.1,61
2016,Frogs.Pond,FP,Hydrophyllum.fendleri,10,0.4,4
2016,Frogs.Pond,FP,Ipomopsis.aggregata,8,3.3,33
2016,Frogs.Pond,FP,Ipomopsis.aggregata,9,8.6,86
2016,Frogs.Pond,FP,Ipomopsis.aggregata,10,10.6,106
2016,Frogs.Pond,FP,Ipomopsis.aggregata,11,5.7,57
2016,Frogs.Pond,FP,Ipomopsis.aggregata,12,16.1,161
2016,Frogs.Pond,FP,Ipomopsis.aggregata,13,13.2,132
2016,Frogs.Pond,FP,Ipomopsis.aggregata,14,12.6,126
2016,Frogs.Pond,FP,Ipomopsis.aggregata,15,7.3,73
2016,Frogs.Pond,FP,Ipomopsis.aggregata,16,4.3,43
2016,Frogs.Pond,FP,Ipomopsis.aggregata,17,1.1,11
2016,Frogs.Pond,FP,Ipomopsis.aggregata,18,0.1,1
2016,Frogs.Pond,FP,Lathyrus.leucanthus,6,10.7,107
2016,Frogs.Pond,FP,Lathyrus.leucanthus,7,63.5,635
2016,Frogs.Pond,FP,Lathyrus.leucanthus,8,51,510
2016,Frogs.Pond,FP,Lathyrus.leucanthus,9,23,230
2016,Frogs.Pond,FP,Lathyrus.leucanthus,10,2.9,29
2016,Frogs.Pond,FP,Lathyrus.leucanthus,11,0.8,8
2016,Frogs.Pond,FP,Ligularia.bigelovii,13,1,10
2016,Frogs.Pond,FP,Ligularia.bigelovii,14,3.7,37
2016,Frogs.Pond,FP,Ligularia.bigelovii,15,2,20
2016,Frogs.Pond,FP,Ligusticum.porteri,10,2.5999999999999996,26
2016,Frogs.Pond,FP,Ligusticum.porteri,11,1.2,12
2016,Frogs.Pond,FP,Lupinus.bakeri,6,2.7,27
2016,Frogs.Pond,FP,Lupinus.bakeri,7,14.5,145
2016,Frogs.Pond,FP,Lupinus.bakeri,8,21.7,217
2016,Frogs.Pond,FP,Lupinus.bakeri,9,53.8,538
2016,Frogs.Pond,FP,Lupinus.bakeri,10,26.9,269
2016,Frogs.Pond,FP,Lupinus.bakeri,11,15.4,154
2016,Frogs.Pond,FP,Lupinus.bakeri,12,4.1000000000000005,41
2016,Frogs.Pond,FP,Mahonia.repens,4,0.6,6
2016,Frogs.Pond,FP,Mahonia.repens,5,9.5,95
2016,Frogs.Pond,FP,Mahonia.repens,6,3.3000000000000003,33
2016,Frogs.Pond,FP,Mahonia.repens,7,0.1,1
2016,Frogs.Pond,FP,Mertensia.fusiformis,3,51.4,514
2016,Frogs.Pond,FP,Mertensia.fusiformis,4,187.79999999999998,1878
2016,Frogs.Pond,FP,Mertensia.fusiformis,5,175.5,1755
2016,Frogs.Pond,FP,Mertensia.fusiformis,6,37.7,377
2016,Frogs.Pond,FP,Mertensia.fusiformis,7,1.8,18
2016,Frogs.Pond,FP,Mertensia.fusiformis,8,0.1,1
2016,Frogs.Pond,FP,Mertensia.fusiformis,9,0.4,4
2016,Frogs.Pond,FP,Pentaphylloides.floribunda,9,0.1,1
2016,Frogs.Pond,FP,Pentaphylloides.floribunda,10,1.2,12
2016,Frogs.Pond,FP,Pentaphylloides.floribunda,11,1.4,14
2016,Frogs.Pond,FP,Pentaphylloides.floribunda,12,2,20
2016,Frogs.Pond,FP,Pentaphylloides.floribunda,13,3.4,34
2016,Frogs.Pond,FP,Pentaphylloides.floribunda,14,3.6,36
2016,Frogs.Pond,FP,Pentaphylloides.floribunda,15,1.4,14
2016,Frogs.Pond,FP,Pentaphylloides.floribunda,16,1.1,11
2016,Frogs.Pond,FP,Pentaphylloides.floribunda,17,0.4,4
2016,Frogs.Pond,FP,Phacelia.heterophylla,10,3.1,31
2016,Frogs.Pond,FP,Potentilla.pulcherrima,7,0.3,3
2016,Frogs.Pond,FP,Potentilla.pulcherrima,8,6.1000000000000005,61
2016,Frogs.Pond,FP,Potentilla.pulcherrima,9,9.8,98
2016,Frogs.Pond,FP,Potentilla.pulcherrima,10,9.4,94
2016,Frogs.Pond,FP,Potentilla.pulcherrima,11,16.2,162
2016,Frogs.Pond,FP,Potentilla.pulcherrima,12,23.2,232
2016,Frogs.Pond,FP,Potentilla.pulcherrima,13,3.6,36
2016,Frogs.Pond,FP,Potentilla.pulcherrima,14,0.4,4
2016,Frogs.Pond,FP,Potentilla.pulcherrima,15,0.2,2
2016,Frogs.Pond,FP,Potentilla.pulcherrima,16,0.2,2
2016,Frogs.Pond,FP,Pyrrocoma.crocea,12,3,30
2016,Frogs.Pond,FP,Pyrrocoma.crocea,13,0.8,8
2016,Frogs.Pond,FP,Pyrrocoma.crocea,14,0.4,4
2016,Frogs.Pond,FP,Senecio.integerrimus,9,4.5,45
2016,Frogs.Pond,FP,Senecio.serra,6,0.4,4
2016,Frogs.Pond,FP,Senecio.serra,7,3,30
2016,Frogs.Pond,FP,Senecio.serra,8,4.9,49
2016,Frogs.Pond,FP,Senecio.serra,13,0.2,2
2016,Frogs.Pond,FP,Senecio.serra,14,0.7,7
2016,Frogs.Pond,FP,Senecio.serra,15,0.6,6
2016,Frogs.Pond,FP,Solidago.multiradiata,13,0.7,7
2016,Frogs.Pond,FP,Solidago.multiradiata,14,0.1,1
2016,Frogs.Pond,FP,Symphyotrichum.spathulatum,15,1,10
2016,Frogs.Pond,FP,Symphyotrichum.spathulatum,16,0.7,7
2016,Frogs.Pond,FP,Taraxacum.officinale,4,0.5,5
2016,Frogs.Pond,FP,Taraxacum.officinale,5,2.1,21
2016,Frogs.Pond,FP,Taraxacum.officinale,6,3.2,32
2016,Frogs.Pond,FP,Taraxacum.officinale,7,0.30000000000000004,3
2016,Frogs.Pond,FP,Valeriana.occidentalis,4,1.5,15
2016,Frogs.Pond,FP,Valeriana.occidentalis,5,1.2,12
2016,Frogs.Pond,FP,Valeriana.occidentalis,6,1.6,16
2016,Frogs.Pond,FP,Valeriana.occidentalis,7,0.2,2
2016,Frogs.Pond,FP,Vicia.americana,8,11.5,115
2016,Frogs.Pond,FP,Vicia.americana,9,18,180
2016,Frogs.Pond,FP,Vicia.americana,10,14.700000000000001,147
2016,Frogs.Pond,FP,Vicia.americana,11,8.5,85
2016,Frogs.Pond,FP,Vicia.americana,12,4.1,41
2016,Frogs.Pond,FP,Vicia.americana,13,0.4,4
2016,Frogs.Pond,FP,Viola.adunca,5,2.4,24
2016,Frogs.Pond,FP,Viola.adunca,6,2.2,22
2016,Frogs.Pond,FP,Viola.adunca,7,0.8,8
2016,Frogs.Pond,FP,Viola.adunca,8,2.5,25
2016,Frogs.Pond,FP,Viola.praemorsa,4,0.1,1
2016,Frogs.Pond,FP,Viola.praemorsa,5,3,30
2016,Frogs.Pond,FP,Viola.praemorsa,6,1.4000000000000001,14
2016,Gothic.Spires,GS,Achillea.millefolium,12,1.1,11
2016,Gothic.Spires,GS,Achillea.millefolium,13,1.5,15
2016,Gothic.Spires,GS,Achillea.millefolium,14,1.6,16
2016,Gothic.Spires,GS,Achillea.millefolium,15,0.9,9
2016,Gothic.Spires,GS,Achillea.millefolium,16,0.8,8
2016,Gothic.Spires,GS,Achillea.millefolium,17,0.1,1
2016,Gothic.Spires,GS,Achillea.millefolium,18,0.1,1
2016,Gothic.Spires,GS,Aconitum.columbianum,10,14.3,143
2016,Gothic.Spires,GS,Aconitum.columbianum,11,23.099999999999998,231
2016,Gothic.Spires,GS,Aconitum.columbianum,12,35.300000000000004,353
2016,Gothic.Spires,GS,Aconitum.columbianum,13,13.5,135
2016,Gothic.Spires,GS,Aconitum.columbianum,14,2.1,21
2016,Gothic.Spires,GS,Aconitum.columbianum,15,0.30000000000000004,3
2016,Gothic.Spires,GS,Adenolinum.lewisii,9,1.5,15
2016,Gothic.Spires,GS,Adenolinum.lewisii,10,0.1,1
2016,Gothic.Spires,GS,Agoseris.aurantiaca,12,0.1,1
2016,Gothic.Spires,GS,Agoseris.glauca,11,0.1,1
2016,Gothic.Spires,GS,Anticlea.elegans,10,15.7,157
2016,Gothic.Spires,GS,Anticlea.elegans,11,52.5,525
2016,Gothic.Spires,GS,Anticlea.elegans,12,69.2,692
2016,Gothic.Spires,GS,Anticlea.elegans,13,11.4,114
2016,Gothic.Spires,GS,Aquilegia.coerulea,8,1.3,13
2016,Gothic.Spires,GS,Aquilegia.coerulea,9,0.1,1
2016,Gothic.Spires,GS,Aquilegia.coerulea,11,0.2,2
2016,Gothic.Spires,GS,Aster.foliaceus,13,0.2,2
2016,Gothic.Spires,GS,Aster.foliaceus,14,15.5,155
2016,Gothic.Spires,GS,Aster.foliaceus,15,45.6,456
2016,Gothic.Spires,GS,Aster.foliaceus,16,23.1,231
2016,Gothic.Spires,GS,Aster.foliaceus,17,0.5,5
2016,Gothic.Spires,GS,Campanula.rotundifolia,12,0.1,1
2016,Gothic.Spires,GS,Campanula.rotundifolia,13,0.2,2
2016,Gothic.Spires,GS,Campanula.rotundifolia,15,0.1,1
2016,Gothic.Spires,GS,Campanula.rotundifolia,16,0.3,3
2016,Gothic.Spires,GS,Castilleja.sulphurea,10,0.1,1
2016,Gothic.Spires,GS,Castilleja.sulphurea,11,0.4,4
2016,Gothic.Spires,GS,Castilleja.sulphurea,12,0.3,3
2016,Gothic.Spires,GS,Cirsium.parryi,16,0.1,1
2016,Gothic.Spires,GS,Claytonia.lanceolata,3,1.1,11
2016,Gothic.Spires,GS,Claytonia.lanceolata,4,524.8,5248
2016,Gothic.Spires,GS,Claytonia.lanceolata,5,132.3,1323
2016,Gothic.Spires,GS,Claytonia.lanceolata,6,1.9,19
2016,Gothic.Spires,GS,Collomia.linearis,10,5.8,58
2016,Gothic.Spires,GS,Collomia.linearis,11,2.1999999999999997,22
2016,Gothic.Spires,GS,Delphinium.barbeyi,10,0.8,8
2016,Gothic.Spires,GS,Delphinium.barbeyi,11,4.9,49
2016,Gothic.Spires,GS,Delphinium.barbeyi,12,25.3,253
2016,Gothic.Spires,GS,Delphinium.barbeyi,13,10.8,108
2016,Gothic.Spires,GS,Delphinium.nuttallianum,6,24.3,243
2016,Gothic.Spires,GS,Delphinium.nuttallianum,7,54.599999999999994,546
2016,Gothic.Spires,GS,Delphinium.nuttallianum,8,26.5,265
2016,Gothic.Spires,GS,Delphinium.nuttallianum,9,1.1,11
2016,Gothic.Spires,GS,Dodecatheon.pulchellum,8,20.1,201
2016,Gothic.Spires,GS,Dodecatheon.pulchellum,9,25.1,251
2016,Gothic.Spires,GS,Draba.aurea,7,32.9,329
2016,Gothic.Spires,GS,Draba.aurea,8,19.9,199
2016,Gothic.Spires,GS,Draba.aurea,9,2,20
2016,Gothic.Spires,GS,Eremogone.congesta,10,9.4,94
2016,Gothic.Spires,GS,Eremogone.congesta,11,18.4,184
2016,Gothic.Spires,GS,Eremogone.congesta,12,27.4,274
2016,Gothic.Spires,GS,Eremogone.congesta,13,5.1,51
2016,Gothic.Spires,GS,Eremogone.congesta,14,4.3,43
2016,Gothic.Spires,GS,Eremogone.congesta,15,0.3,3
2016,Gothic.Spires,GS,Erigeron.coulteri,15,0.1,1
2016,Gothic.Spires,GS,Erigeron.elatior,11,1,10
2016,Gothic.Spires,GS,Erigeron.elatior,12,5.8999999999999995,59
2016,Gothic.Spires,GS,Erigeron.elatior,13,2.9,29
2016,Gothic.Spires,GS,Erigeron.elatior,14,2.5,25
2016,Gothic.Spires,GS,Erigeron.elatior,15,0.5,5
2016,Gothic.Spires,GS,Erigeron.elatior,16,0.1,1
2016,Gothic.Spires,GS,Erigeron.flagellaris,10,0.6,6
2016,Gothic.Spires,GS,Erigeron.speciosus,11,1.6,16
2016,Gothic.Spires,GS,Erigeron.speciosus,12,5.1,51
2016,Gothic.Spires,GS,Erigeron.speciosus,13,6.8,68
2016,Gothic.Spires,GS,Erigeron.speciosus,14,5.4,54
2016,Gothic.Spires,GS,Erigeron.speciosus,15,2.4,24
2016,Gothic.Spires,GS,Erigeron.speciosus,16,0.2,2
2016,Gothic.Spires,GS,Erythronium.grandiflorum,3,0.30000000000000004,3
2016,Gothic.Spires,GS,Erythronium.grandiflorum,4,11.8,118
2016,Gothic.Spires,GS,Erythronium.grandiflorum,5,39.7,397
2016,Gothic.Spires,GS,Erythronium.grandiflorum,6,0.4,4
2016,Gothic.Spires,GS,Fragaria.virginiana,6,11.5,115
2016,Gothic.Spires,GS,Fragaria.virginiana,7,15.1,151
2016,Gothic.Spires,GS,Fragaria.virginiana,8,10.4,104
2016,Gothic.Spires,GS,Fragaria.virginiana,9,1.7,17
2016,Gothic.Spires,GS,Fragaria.virginiana,10,0.2,2
2016,Gothic.Spires,GS,Fragaria.virginiana,11,0.1,1
2016,Gothic.Spires,GS,Gentianella.acuta,16,0.1,1
2016,Gothic.Spires,GS,Gentianopsis.thermalis,13,0.3,3
2016,Gothic.Spires,GS,Geranium.richardsonii,8,2.1,21
2016,Gothic.Spires,GS,Geranium.richardsonii,9,3.8,38
2016,Gothic.Spires,GS,Geranium.richardsonii,10,6.4,64
2016,Gothic.Spires,GS,Geranium.richardsonii,11,6.2,62
2016,Gothic.Spires,GS,Geranium.richardsonii,12,4,40
2016,Gothic.Spires,GS,Geranium.richardsonii,13,0.7,7
2016,Gothic.Spires,GS,Geranium.richardsonii,16,0.1,1
2016,Gothic.Spires,GS,Helianthella.quinquenervis,10,1.7,17
2016,Gothic.Spires,GS,Helianthella.quinquenervis,11,4.7,47
2016,Gothic.Spires,GS,Helianthella.quinquenervis,12,5.3,53
2016,Gothic.Spires,GS,Helianthella.quinquenervis,13,0.6,6
2016,Gothic.Spires,GS,Heliomeris.multiflora,13,3.9,39
2016,Gothic.Spires,GS,Heliomeris.multiflora,14,21.9,219
2016,Gothic.Spires,GS,Heliomeris.multiflora,15,26,260
2016,Gothic.Spires,GS,Heliomeris.multiflora,16,22.400000000000002,224
2016,Gothic.Spires,GS,Heliomeris.multiflora,17,5.8,58
2016,Gothic.Spires,GS,Heliomeris.multiflora,18,0.2,2
2016,Gothic.Spires,GS,Hydrophyllum.capitatum,5,1,10
2016,Gothic.Spires,GS,Hydrophyllum.capitatum,6,49.1,491
2016,Gothic.Spires,GS,Hydrophyllum.capitatum,7,5.3,53
2016,Gothic.Spires,GS,Hydrophyllum.fendleri,7,0.4,4
2016,Gothic.Spires,GS,Hydrophyllum.fendleri,9,2.0999999999999996,21
2016,Gothic.Spires,GS,Lathyrus.leucanthus,6,0.2,2
2016,Gothic.Spires,GS,Lathyrus.leucanthus,7,0.6,6
2016,Gothic.Spires,GS,Lathyrus.leucanthus,8,32,320
2016,Gothic.Spires,GS,Lathyrus.leucanthus,9,21.4,214
2016,Gothic.Spires,GS,Lathyrus.leucanthus,10,3,30
2016,Gothic.Spires,GS,Ligularia.bigelovii,12,0.7,7
2016,Gothic.Spires,GS,Ligularia.bigelovii,13,5.5,55
2016,Gothic.Spires,GS,Ligularia.bigelovii,14,1.6,16
2016,Gothic.Spires,GS,Ligularia.bigelovii,15,0.1,1
2016,Gothic.Spires,GS,Ligusticum.porteri,8,9,90
2016,Gothic.Spires,GS,Ligusticum.porteri,9,11.2,112
2016,Gothic.Spires,GS,Ligusticum.porteri,10,12.4,124
2016,Gothic.Spires,GS,Ligusticum.porteri,11,1.8,18
2016,Gothic.Spires,GS,Ligusticum.porteri,12,0.1,1
2016,Gothic.Spires,GS,Limnorchis.hyperborea,9,0.7,7
2016,Gothic.Spires,GS,Limnorchis.hyperborea,12,0.8,8
2016,Gothic.Spires,GS,Mertensia.ciliata,7,0.2,2
2016,Gothic.Spires,GS,Mertensia.ciliata,8,22.5,225
2016,Gothic.Spires,GS,Mertensia.ciliata,9,28.799999999999997,288
2016,Gothic.Spires,GS,Mertensia.ciliata,10,34.3,343
2016,Gothic.Spires,GS,Mertensia.ciliata,11,20.599999999999998,206
2016,Gothic.Spires,GS,Mertensia.ciliata,12,7.9,79
2016,Gothic.Spires,GS,Mertensia.fusiformis,5,20.5,205
2016,Gothic.Spires,GS,Mertensia.fusiformis,6,12.700000000000001,127
2016,Gothic.Spires,GS,Mertensia.fusiformis,7,1.9,19
2016,Gothic.Spires,GS,Pentaphylloides.floribunda,9,2.9,29
2016,Gothic.Spires,GS,Pentaphylloides.floribunda,10,1,10
2016,Gothic.Spires,GS,Pentaphylloides.floribunda,11,2.4,24
2016,Gothic.Spires,GS,Pentaphylloides.floribunda,12,7.9,79
2016,Gothic.Spires,GS,Pentaphylloides.floribunda,13,9.4,94
2016,Gothic.Spires,GS,Pentaphylloides.floribunda,14,6.1,61
2016,Gothic.Spires,GS,Pentaphylloides.floribunda,15,2.2,22
2016,Gothic.Spires,GS,Pentaphylloides.floribunda,16,0.9,9
2016,Gothic.Spires,GS,Potentilla.pulcherrima,8,6.2,62
2016,Gothic.Spires,GS,Potentilla.pulcherrima,9,22.8,228
2016,Gothic.Spires,GS,Potentilla.pulcherrima,10,41.7,417
2016,Gothic.Spires,GS,Potentilla.pulcherrima,11,49.9,499
2016,Gothic.Spires,GS,Potentilla.pulcherrima,12,33.6,336
2016,Gothic.Spires,GS,Potentilla.pulcherrima,13,8.7,87
2016,Gothic.Spires,GS,Potentilla.pulcherrima,14,0.30000000000000004,3
2016,Gothic.Spires,GS,Prunella.vulgaris,11,3.2,32
2016,Gothic.Spires,GS,Prunella.vulgaris,12,1.3,13
2016,Gothic.Spires,GS,Ranunculus.inamoenus,5,0.4,4
2016,Gothic.Spires,GS,Ranunculus.inamoenus,7,0.1,1
2016,Gothic.Spires,GS,Salix.sp,4,1,10
2016,Gothic.Spires,GS,Salix.sp,6,0.9,9
2016,Gothic.Spires,GS,Senecio.serra,7,6.4,64
2016,Gothic.Spires,GS,Senecio.serra,8,9.8,98
2016,Gothic.Spires,GS,Senecio.serra,9,5,50
2016,Gothic.Spires,GS,Senecio.serra,13,0.3,3
2016,Gothic.Spires,GS,Solidago.multiradiata,11,0.6000000000000001,6
2016,Gothic.Spires,GS,Solidago.multiradiata,12,1.4,14
2016,Gothic.Spires,GS,Solidago.multiradiata,13,1,10
2016,Gothic.Spires,GS,Solidago.multiradiata,15,2,20
2016,Gothic.Spires,GS,Solidago.multiradiata,16,0.2,2
2016,Gothic.Spires,GS,Taraxacum.officinale,5,2.7,27
2016,Gothic.Spires,GS,Taraxacum.officinale,6,121.6,1216
2016,Gothic.Spires,GS,Taraxacum.officinale,7,104.7,1047
2016,Gothic.Spires,GS,Taraxacum.officinale,8,9.5,95
2016,Gothic.Spires,GS,Taraxacum.officinale,9,0.8,8
2016,Gothic.Spires,GS,Trifolium.pratense,10,0.2,2
2016,Gothic.Spires,GS,Trifolium.pratense,11,1,10
2016,Gothic.Spires,GS,Trifolium.pratense,12,0.4,4
2016,Gothic.Spires,GS,Trifolium.pratense,14,1.6,16
2016,Gothic.Spires,GS,Trifolium.pratense,15,0.1,1
2016,Gothic.Spires,GS,Trifolium.pratense,16,0.2,2
2016,Gothic.Spires,GS,Trifolium.pratense,18,0.1,1
2016,Gothic.Spires,GS,Trifolium.repens,12,3.5,35
2016,Gothic.Spires,GS,Trifolium.repens,13,3.8,38
2016,Gothic.Spires,GS,Trifolium.repens,14,0.3,3
2016,Gothic.Spires,GS,Trifolium.repens,15,0.4,4
2016,Gothic.Spires,GS,Trifolium.repens,16,0.2,2
2016,Gothic.Spires,GS,Trifolium.repens,17,0.2,2
2016,Gothic.Spires,GS,Valeriana.occidentalis,5,0.6000000000000001,6
2016,Gothic.Spires,GS,Valeriana.occidentalis,6,1.5,15
2016,Gothic.Spires,GS,Valeriana.occidentalis,7,1.6,16
2016,Gothic.Spires,GS,Valeriana.occidentalis,8,1.7000000000000002,17
2016,Gothic.Spires,GS,Valeriana.occidentalis,9,0.3,3
2016,Gothic.Spires,GS,Veratrum.tenuipetalum,14,0.5,5
2016,Gothic.Spires,GS,Vicia.americana,8,3.1,31
2016,Gothic.Spires,GS,Vicia.americana,9,4.9,49
2016,Gothic.Spires,GS,Vicia.americana,10,15.1,151
2016,Gothic.Spires,GS,Vicia.americana,11,18.2,182
2016,Gothic.Spires,GS,Vicia.americana,12,1.3,13
2016,Gothic.Spires,GS,Viola.adunca,6,1.9,19
2016,Gothic.Spires,GS,Viola.adunca,7,3.8,38
2016,Gothic.Spires,GS,Viola.praemorsa,5,2.6,26
2016,Gothic.Spires,GS,Viola.praemorsa,6,28.7,287
2016,Gothic.Spires,GS,Viola.praemorsa,7,3.3,33
2016,Rosy.Hills,RH,Achillea.millefolium,12,2.5,25
2016,Rosy.Hills,RH,Achillea.millefolium,13,0.8,8
2016,Rosy.Hills,RH,Achillea.millefolium,14,0.9,9
2016,Rosy.Hills,RH,Achillea.millefolium,15,0.5,5
2016,Rosy.Hills,RH,Aconitum.columbianum,10,13.5,135
2016,Rosy.Hills,RH,Aconitum.columbianum,11,13.1,131
2016,Rosy.Hills,RH,Aconitum.columbianum,12,6.800000000000001,68
2016,Rosy.Hills,RH,Aconitum.columbianum,13,0.2,2
2016,Rosy.Hills,RH,Adenolinum.lewisii,8,0.4,4
2016,Rosy.Hills,RH,Adenolinum.lewisii,9,9.4,94
2016,Rosy.Hills,RH,Adenolinum.lewisii,10,5.1,51
2016,Rosy.Hills,RH,Adenolinum.lewisii,11,1.1,11
2016,Rosy.Hills,RH,Adenolinum.lewisii,12,0.1,1
2016,Rosy.Hills,RH,Agastache.urticifolia,11,4.5,45
2016,Rosy.Hills,RH,Agastache.urticifolia,12,11.6,116
2016,Rosy.Hills,RH,Agastache.urticifolia,14,1.1,11
2016,Rosy.Hills,RH,Agoseris.glauca,12,0.1,1
2016,Rosy.Hills,RH,Calochortus.gunnisonii,12,0.4,4
2016,Rosy.Hills,RH,Campanula.rotundifolia,12,0.2,2
2016,Rosy.Hills,RH,Chrysothamnus.viscidiflorus,13,0.7,7
2016,Rosy.Hills,RH,Chrysothamnus.viscidiflorus,14,3,30
2016,Rosy.Hills,RH,Chrysothamnus.viscidiflorus,15,4.5,45
2016,Rosy.Hills,RH,Chrysothamnus.viscidiflorus,16,3.3,33
2016,Rosy.Hills,RH,Chrysothamnus.viscidiflorus,17,2,20
2016,Rosy.Hills,RH,Chrysothamnus.viscidiflorus,18,1.3,13
2016,Rosy.Hills,RH,Claytonia.lanceolata,4,93.1,931
2016,Rosy.Hills,RH,Claytonia.lanceolata,5,427.90000000000003,4279
2016,Rosy.Hills,RH,Claytonia.lanceolata,6,18.8,188
2016,Rosy.Hills,RH,Collomia.linearis,10,1.6,16
2016,Rosy.Hills,RH,Collomia.linearis,11,5.3,53
2016,Rosy.Hills,RH,Collomia.linearis,12,0.1,1
2016,Rosy.Hills,RH,Delphinium.barbeyi,11,10.1,101
2016,Rosy.Hills,RH,Delphinium.barbeyi,12,67.6,676
2016,Rosy.Hills,RH,Delphinium.barbeyi,13,0.4,4
2016,Rosy.Hills,RH,Delphinium.nuttallianum,6,10.3,103
2016,Rosy.Hills,RH,Delphinium.nuttallianum,7,42.8,428
2016,Rosy.Hills,RH,Delphinium.nuttallianum,8,7.9,79
2016,Rosy.Hills,RH,Delphinium.nuttallianum,9,0.1,1
2016,Rosy.Hills,RH,Draba.aurea,7,0.7,7
2016,Rosy.Hills,RH,Dugaldia.hoopesii,10,3.1,31
2016,Rosy.Hills,RH,Dugaldia.hoopesii,11,4.3,43
2016,Rosy.Hills,RH,Dugaldia.hoopesii,12,14.1,141
2016,Rosy.Hills,RH,Dugaldia.hoopesii,13,0.5,5
2016,Rosy.Hills,RH,Dugaldia.hoopesii,14,0.4,4
2016,Rosy.Hills,RH,Dugaldia.hoopesii,15,0.1,1
2016,Rosy.Hills,RH,Eremogone.congesta,9,22.200000000000003,222
2016,Rosy.Hills,RH,Eremogone.congesta,10,140.7,1407
2016,Rosy.Hills,RH,Eremogone.congesta,11,129,1290
2016,Rosy.Hills,RH,Eremogone.congesta,12,64.3,643
2016,Rosy.Hills,RH,Ericameria.parryi,13,0.30000000000000004,3
2016,Rosy.Hills,RH,Ericameria.parryi,14,2.1,21
2016,Rosy.Hills,RH,Ericameria.parryi,15,4.3,43
2016,Rosy.Hills,RH,Ericameria.parryi,16,11.7,117
2016,Rosy.Hills,RH,Ericameria.parryi,17,15.9,159
2016,Rosy.Hills,RH,Ericameria.parryi,18,3.8,38
2016,Rosy.Hills,RH,Erigeron.elatior,12,11.1,111
2016,Rosy.Hills,RH,Erigeron.elatior,13,3.7,37
2016,Rosy.Hills,RH,Erigeron.elatior,14,4,40
2016,Rosy.Hills,RH,Erigeron.elatior,15,3.4,34
2016,Rosy.Hills,RH,Erigeron.flagellaris,10,0.3,3
2016,Rosy.Hills,RH,Erigeron.flagellaris,12,0.6,6
2016,Rosy.Hills,RH,Erigeron.speciosus,11,1.6,16
2016,Rosy.Hills,RH,Erigeron.speciosus,12,76,760
2016,Rosy.Hills,RH,Erigeron.speciosus,13,14.6,146
2016,Rosy.Hills,RH,Erigeron.speciosus,14,7.9,79
2016,Rosy.Hills,RH,Erigeron.speciosus,15,3.5,35
2016,Rosy.Hills,RH,Eriogonum.umbellatum,9,11.4,114
2016,Rosy.Hills,RH,Eriogonum.umbellatum,10,20.099999999999998,201
2016,Rosy.Hills,RH,Eriogonum.umbellatum,11,10,100
2016,Rosy.Hills,RH,Eriogonum.umbellatum,12,4.8,48
2016,Rosy.Hills,RH,Erythrocoma.triflora,6,0.1,1
2016,Rosy.Hills,RH,Erythrocoma.triflora,7,0.1,1
2016,Rosy.Hills,RH,Erythrocoma.triflora,8,0.2,2
2016,Rosy.Hills,RH,Geranium.richardsonii,8,0.2,2
2016,Rosy.Hills,RH,Geranium.richardsonii,9,2.1,21
2016,Rosy.Hills,RH,Geranium.richardsonii,10,1.9,19
2016,Rosy.Hills,RH,Geranium.richardsonii,11,1.4000000000000001,14
2016,Rosy.Hills,RH,Geranium.richardsonii,12,2,20
2016,Rosy.Hills,RH,Hackelia.floribunda,10,0.3,3
2016,Rosy.Hills,RH,Hackelia.floribunda,11,0.9,9
2016,Rosy.Hills,RH,Helianthella.quinquenervis,10,1,10
2016,Rosy.Hills,RH,Helianthella.quinquenervis,11,16.7,167
2016,Rosy.Hills,RH,Helianthella.quinquenervis,12,41,410
2016,Rosy.Hills,RH,Helianthella.quinquenervis,13,0.30000000000000004,3
2016,Rosy.Hills,RH,Helianthella.quinquenervis,14,0.1,1
2016,Rosy.Hills,RH,Heliomeris.multiflora,10,0.4,4
2016,Rosy.Hills,RH,Heliomeris.multiflora,12,0.1,1
2016,Rosy.Hills,RH,Heliomeris.multiflora,13,2,20
2016,Rosy.Hills,RH,Heliomeris.multiflora,14,3.1,31
2016,Rosy.Hills,RH,Heliomeris.multiflora,15,2.4,24
2016,Rosy.Hills,RH,Heliomeris.multiflora,16,5,50
2016,Rosy.Hills,RH,Heliomeris.multiflora,17,4.4,44
2016,Rosy.Hills,RH,Heliomeris.multiflora,18,2.4,24
2016,Rosy.Hills,RH,Heracleum.sphondylium,11,3.4,34
2016,Rosy.Hills,RH,Heracleum.sphondylium,12,8.6,86
2016,Rosy.Hills,RH,Hydrophyllum.capitatum,7,1.2,12
2016,Rosy.Hills,RH,Hydrophyllum.fendleri,7,1.6,16
2016,Rosy.Hills,RH,Hydrophyllum.fendleri,8,33.3,333
2016,Rosy.Hills,RH,Hydrophyllum.fendleri,9,12.2,122
2016,Rosy.Hills,RH,Hydrophyllum.fendleri,10,0.4,4
2016,Rosy.Hills,RH,Lathyrus.leucanthus,7,11,110
2016,Rosy.Hills,RH,Lathyrus.leucanthus,8,19.2,192
2016,Rosy.Hills,RH,Lathyrus.leucanthus,9,5.1000000000000005,51
2016,Rosy.Hills,RH,Lathyrus.leucanthus,10,1.4,14
2016,Rosy.Hills,RH,Lathyrus.leucanthus,11,0.2,2
2016,Rosy.Hills,RH,Ligusticum.porteri,8,3.8,38
2016,Rosy.Hills,RH,Ligusticum.porteri,9,11.1,111
2016,Rosy.Hills,RH,Ligusticum.porteri,10,9.8,98
2016,Rosy.Hills,RH,Ligusticum.porteri,11,1.8,18
2016,Rosy.Hills,RH,Lupinus.bakeri,7,0.7,7
2016,Rosy.Hills,RH,Lupinus.bakeri,8,14.1,141
2016,Rosy.Hills,RH,Lupinus.bakeri,9,31.3,313
2016,Rosy.Hills,RH,Lupinus.bakeri,10,35.1,351
2016,Rosy.Hills,RH,Lupinus.bakeri,11,8.2,82
2016,Rosy.Hills,RH,Mahonia.repens,6,8.3,83
2016,Rosy.Hills,RH,Mahonia.repens,7,10.4,104
2016,Rosy.Hills,RH,Mertensia.fusiformis,5,63.3,633
2016,Rosy.Hills,RH,Mertensia.fusiformis,6,42,420
2016,Rosy.Hills,RH,Mertensia.fusiformis,7,2.8,28
2016,Rosy.Hills,RH,Noccaea.fendleri,7,2.1,21
2016,Rosy.Hills,RH,Pentaphylloides.floribunda,11,0.1,1
2016,Rosy.Hills,RH,Pentaphylloides.floribunda,12,7.1,71
2016,Rosy.Hills,RH,Pentaphylloides.floribunda,13,1,10
2016,Rosy.Hills,RH,Phacelia.heterophylla,10,0.4,4
2016,Rosy.Hills,RH,Potentilla.pulcherrima,8,1.8,18
2016,Rosy.Hills,RH,Potentilla.pulcherrima,9,4.9,49
2016,Rosy.Hills,RH,Potentilla.pulcherrima,10,12.899999999999999,129
2016,Rosy.Hills,RH,Potentilla.pulcherrima,11,19.5,195
2016,Rosy.Hills,RH,Potentilla.pulcherrima,12,5,50
2016,Rosy.Hills,RH,Pyrrocoma.crocea,12,5.3,53
2016,Rosy.Hills,RH,Pyrrocoma.crocea,13,0.2,2
2016,Rosy.Hills,RH,Ranunculus.inamoenus,7,0.2,2
2016,Rosy.Hills,RH,Rosa.woodsii,11,0.5,5
2016,Rosy.Hills,RH,Senecio.integerrimus,9,0.5,5
2016,Rosy.Hills,RH,Senecio.serra,7,2.7,27
2016,Rosy.Hills,RH,Senecio.serra,8,3.5,35
2016,Rosy.Hills,RH,Senecio.serra,9,0.6000000000000001,6
2016,Rosy.Hills,RH,Symphoricarpos.rotundifolius,9,12.7,127
2016,Rosy.Hills,RH,Symphoricarpos.rotundifolius,10,24.4,244
2016,Rosy.Hills,RH,Symphoricarpos.rotundifolius,11,6.4,64
2016,Rosy.Hills,RH,Taraxacum.officinale,6,0.2,2
2016,Rosy.Hills,RH,Taraxacum.officinale,7,0.2,2
2016,Rosy.Hills,RH,Valeriana.occidentalis,5,3.4,34
2016,Rosy.Hills,RH,Valeriana.occidentalis,6,2.8,28
2016,Rosy.Hills,RH,Valeriana.occidentalis,7,2.5,25
2016,Rosy.Hills,RH,Valeriana.occidentalis,8,0.30000000000000004,3
2016,Rosy.Hills,RH,Vicia.americana,8,1.3,13
2016,Rosy.Hills,RH,Vicia.americana,9,5.800000000000001,58
2016,Rosy.Hills,RH,Vicia.americana,10,18.2,182
2016,Rosy.Hills,RH,Vicia.americana,11,12.2,122
2016,Rosy.Hills,RH,Vicia.americana,12,1.8,18
2016,Rosy.Hills,RH,Viola.adunca,7,0.3,3
2016,Rosy.Hills,RH,Viola.praemorsa,5,1.3,13
2016,Rosy.Hills,RH,Viola.praemorsa,6,3.5,35
2016,Rosy.Hills,RH,Wyethia.arizonica,8,0.9,9
2016,Rosy.Hills,RH,Wyethia.arizonica,9,2.7,27
2016,Rosy.Hills,RH,Wyethia.arizonica,10,1.9,19
2016,Rosy.Hills,RH,Wyethia.arizonica,11,0.6,6
2016,Stormy.Pass,SP,Achillea.millefolium,12,4.5,45
2016,Stormy.Pass,SP,Achillea.millefolium,13,1.7,17
2016,Stormy.Pass,SP,Achillea.millefolium,14,2.2,22
2016,Stormy.Pass,SP,Achillea.millefolium,15,1.2,12
2016,Stormy.Pass,SP,Achillea.millefolium,16,1.2,12
2016,Stormy.Pass,SP,Achillea.millefolium,17,0.4,4
2016,Stormy.Pass,SP,Achillea.millefolium,18,0.1,1
2016,Stormy.Pass,SP,Adenolinum.lewisii,8,1.3,13
2016,Stormy.Pass,SP,Adenolinum.lewisii,9,1.7,17
2016,Stormy.Pass,SP,Adenolinum.lewisii,10,8.8,88
2016,Stormy.Pass,SP,Adenolinum.lewisii,11,6.2,62
2016,Stormy.Pass,SP,Adenolinum.lewisii,12,1.3,13
2016,Stormy.Pass,SP,Agoseris.aurantiaca,12,0.2,2
2016,Stormy.Pass,SP,Aster.foliaceus,14,0.1,1
2016,Stormy.Pass,SP,Cirsium.parryi,14,4,40
2016,Stormy.Pass,SP,Cirsium.parryi,15,0.4,4
2016,Stormy.Pass,SP,Cirsium.parryi,16,0.1,1
2016,Stormy.Pass,SP,Claytonia.lanceolata,3,2.5,25
2016,Stormy.Pass,SP,Claytonia.lanceolata,4,2.5,25
2016,Stormy.Pass,SP,Claytonia.lanceolata,5,0.7,7
2016,Stormy.Pass,SP,Collomia.linearis,10,30.6,306
2016,Stormy.Pass,SP,Collomia.linearis,11,26.2,262
2016,Stormy.Pass,SP,Collomia.linearis,12,10,100
2016,Stormy.Pass,SP,Collomia.linearis,13,4.3,43
2016,Stormy.Pass,SP,Collomia.linearis,15,1.2000000000000002,12
2016,Stormy.Pass,SP,Collomia.linearis,16,3.5,35
2016,Stormy.Pass,SP,Collomia.linearis,17,7.3,73
2016,Stormy.Pass,SP,Collomia.linearis,18,2.1,21
2016,Stormy.Pass,SP,Delphinium.barbeyi,10,4.8999999999999995,49
2016,Stormy.Pass,SP,Delphinium.barbeyi,11,28.2,282
2016,Stormy.Pass,SP,Delphinium.barbeyi,12,56,560
2016,Stormy.Pass,SP,Delphinium.barbeyi,13,24.8,248
2016,Stormy.Pass,SP,Delphinium.barbeyi,14,1.1,11
2016,Stormy.Pass,SP,Delphinium.barbeyi,15,0.1,1
2016,Stormy.Pass,SP,Delphinium.nuttallianum,5,0.1,1
2016,Stormy.Pass,SP,Delphinium.nuttallianum,6,25.8,258
2016,Stormy.Pass,SP,Delphinium.nuttallianum,7,16.9,169
2016,Stormy.Pass,SP,Delphinium.nuttallianum,8,14.6,146
2016,Stormy.Pass,SP,Delphinium.nuttallianum,9,3.1,31
2016,Stormy.Pass,SP,Delphinium.nuttallianum,10,3.4,34
2016,Stormy.Pass,SP,Dugaldia.hoopesii,6,0.2,2
2016,Stormy.Pass,SP,Dugaldia.hoopesii,7,0.30000000000000004,3
2016,Stormy.Pass,SP,Dugaldia.hoopesii,8,0.6000000000000001,6
2016,Stormy.Pass,SP,Dugaldia.hoopesii,9,2.1,21
2016,Stormy.Pass,SP,Dugaldia.hoopesii,10,11.700000000000001,117
2016,Stormy.Pass,SP,Dugaldia.hoopesii,11,10.6,106
2016,Stormy.Pass,SP,Dugaldia.hoopesii,12,18.5,185
2016,Stormy.Pass,SP,Dugaldia.hoopesii,13,19.6,196
2016,Stormy.Pass,SP,Dugaldia.hoopesii,14,8.2,82
2016,Stormy.Pass,SP,Dugaldia.hoopesii,15,3.1,31
2016,Stormy.Pass,SP,Dugaldia.hoopesii,16,0.8,8
2016,Stormy.Pass,SP,Dugaldia.hoopesii,17,0.1,1
2016,Stormy.Pass,SP,Erigeron.elatior,10,0.2,2
2016,Stormy.Pass,SP,Erigeron.elatior,11,2.5,25
2016,Stormy.Pass,SP,Erigeron.elatior,12,17.9,179
2016,Stormy.Pass,SP,Erigeron.elatior,13,36.5,365
2016,Stormy.Pass,SP,Erigeron.elatior,14,47.4,474
2016,Stormy.Pass,SP,Erigeron.elatior,15,17,170
2016,Stormy.Pass,SP,Erigeron.elatior,16,3.3,33
2016,Stormy.Pass,SP,Erigeron.speciosus,12,9.2,92
2016,Stormy.Pass,SP,Erigeron.speciosus,13,30.7,307
2016,Stormy.Pass,SP,Erigeron.speciosus,14,17.7,177
2016,Stormy.Pass,SP,Erigeron.speciosus,15,11.8,118
2016,Stormy.Pass,SP,Erigeron.speciosus,16,1.7000000000000002,17
2016,Stormy.Pass,SP,Fragaria.virginiana,5,0.1,1
2016,Stormy.Pass,SP,Fragaria.virginiana,6,15.3,153
2016,Stormy.Pass,SP,Fragaria.virginiana,7,12.8,128
2016,Stormy.Pass,SP,Fragaria.virginiana,8,4.3,43
2016,Stormy.Pass,SP,Fragaria.virginiana,9,0.6000000000000001,6
2016,Stormy.Pass,SP,Gentiana.parryi,15,0.1,1
2016,Stormy.Pass,SP,Gentiana.parryi,16,0.1,1
2016,Stormy.Pass,SP,Gentiana.parryi,17,0.3,3
2016,Stormy.Pass,SP,Gentianella.acuta,14,3.5,35
2016,Stormy.Pass,SP,Gentianella.acuta,15,2.1,21
2016,Stormy.Pass,SP,Geranium.richardsonii,8,0.5,5
2016,Stormy.Pass,SP,Geranium.richardsonii,9,1.7,17
2016,Stormy.Pass,SP,Geranium.richardsonii,10,3.4,34
2016,Stormy.Pass,SP,Geranium.richardsonii,11,2.4,24
2016,Stormy.Pass,SP,Geranium.richardsonii,12,1.2,12
2016,Stormy.Pass,SP,Geranium.richardsonii,13,0.5,5
2016,Stormy.Pass,SP,Helianthella.quinquenervis,10,0.2,2
2016,Stormy.Pass,SP,Helianthella.quinquenervis,11,0.6,6
2016,Stormy.Pass,SP,Helianthella.quinquenervis,12,0.8999999999999999,9
2016,Stormy.Pass,SP,Heliomeris.multiflora,13,2.9,29
2016,Stormy.Pass,SP,Heliomeris.multiflora,14,22.3,223
2016,Stormy.Pass,SP,Heliomeris.multiflora,15,24.900000000000002,249
2016,Stormy.Pass,SP,Heliomeris.multiflora,16,18.7,187
2016,Stormy.Pass,SP,Heliomeris.multiflora,17,1.8,18
2016,Stormy.Pass,SP,Heliomeris.multiflora,18,0.30000000000000004,3
2016,Stormy.Pass,SP,Heracleum.sphondylium,12,0.6,6
2016,Stormy.Pass,SP,Heterotheca.villosa,10,0.1,1
2016,Stormy.Pass,SP,Hydrophyllum.fendleri,6,0.2,2
2016,Stormy.Pass,SP,Hydrophyllum.fendleri,7,1.1,11
2016,Stormy.Pass,SP,Hydrophyllum.fendleri,8,9.7,97
2016,Stormy.Pass,SP,Hydrophyllum.fendleri,9,7.199999999999999,72
2016,Stormy.Pass,SP,Hydrophyllum.fendleri,10,6,60
2016,Stormy.Pass,SP,Hydrophyllum.fendleri,11,2,20
2016,Stormy.Pass,SP,Lathyrus.leucanthus,6,6.8,68
2016,Stormy.Pass,SP,Lathyrus.leucanthus,7,10.5,105
2016,Stormy.Pass,SP,Lathyrus.leucanthus,8,29.95,299.5
2016,Stormy.Pass,SP,Lathyrus.leucanthus,9,62.4,624
2016,Stormy.Pass,SP,Lathyrus.leucanthus,10,23.1,231
2016,Stormy.Pass,SP,Lathyrus.leucanthus,11,9.9,99
2016,Stormy.Pass,SP,Lathyrus.leucanthus,12,0.4,4
2016,Stormy.Pass,SP,Ligularia.bigelovii,13,36.1,361
2016,Stormy.Pass,SP,Ligularia.bigelovii,14,74.6,746
2016,Stormy.Pass,SP,Ligularia.bigelovii,15,35.3,353
2016,Stormy.Pass,SP,Ligusticum.porteri,8,0.7,7
2016,Stormy.Pass,SP,Ligusticum.porteri,9,1.8,18
2016,Stormy.Pass,SP,Ligusticum.porteri,10,2.1,21
2016,Stormy.Pass,SP,Ligusticum.porteri,11,0.8,8
2016,Stormy.Pass,SP,Maianthemum.stellatum,8,0.4,4
2016,Stormy.Pass,SP,Maianthemum.stellatum,9,0.3,3
2016,Stormy.Pass,SP,Mertensia.ciliata,8,5.7,57
2016,Stormy.Pass,SP,Mertensia.ciliata,9,40.9,409
2016,Stormy.Pass,SP,Mertensia.ciliata,10,91,910
2016,Stormy.Pass,SP,Mertensia.ciliata,11,89.3,893
2016,Stormy.Pass,SP,Mertensia.ciliata,12,27.1,271
2016,Stormy.Pass,SP,Mertensia.ciliata,13,2.6,26
2016,Stormy.Pass,SP,Mertensia.fusiformis,3,10.9,109
2016,Stormy.Pass,SP,Mertensia.fusiformis,4,10.9,109
2016,Stormy.Pass,SP,Mertensia.fusiformis,5,57,570
2016,Stormy.Pass,SP,Mertensia.fusiformis,6,58.9,589
2016,Stormy.Pass,SP,Mertensia.fusiformis,7,9.5,95
2016,Stormy.Pass,SP,Mertensia.fusiformis,8,0.4,4
2016,Stormy.Pass,SP,Pentaphylloides.floribunda,14,0.9,9
2016,Stormy.Pass,SP,Pentaphylloides.floribunda,15,0.5,5
2016,Stormy.Pass,SP,Polygonum.sp,14,2.9,29
2016,Stormy.Pass,SP,Potentilla.pulcherrima,7,0.1,1
2016,Stormy.Pass,SP,Potentilla.pulcherrima,8,1.2000000000000002,12
2016,Stormy.Pass,SP,Potentilla.pulcherrima,9,13.1,131
2016,Stormy.Pass,SP,Potentilla.pulcherrima,10,17.6,176
2016,Stormy.Pass,SP,Potentilla.pulcherrima,11,16.9,169
2016,Stormy.Pass,SP,Potentilla.pulcherrima,12,28,280
2016,Stormy.Pass,SP,Potentilla.pulcherrima,13,7.4,74
2016,Stormy.Pass,SP,Potentilla.pulcherrima,14,1.7,17
2016,Stormy.Pass,SP,Potentilla.pulcherrima,15,0.1,1
2016,Stormy.Pass,SP,Pseudocymopterus.montanus,8,0.4,4
2016,Stormy.Pass,SP,Ranunculus.inamoenus,3,0.1,1
2016,Stormy.Pass,SP,Ranunculus.inamoenus,4,0.1,1
2016,Stormy.Pass,SP,Ranunculus.inamoenus,5,1.3,13
2016,Stormy.Pass,SP,Ranunculus.inamoenus,6,2.2,22
2016,Stormy.Pass,SP,Ranunculus.inamoenus,7,0.30000000000000004,3
2016,Stormy.Pass,SP,Ranunculus.inamoenus,8,0.9,9
2016,Stormy.Pass,SP,Ranunculus.inamoenus,9,0.1,1
2016,Stormy.Pass,SP,Salix.wolfii,6,10.7,107
2016,Stormy.Pass,SP,Sambucus.racemosa,6,0.2,2
2016,Stormy.Pass,SP,Sambucus.racemosa,8,0.1,1
2016,Stormy.Pass,SP,Senecio.serra,13,0.1,1
2016,Stormy.Pass,SP,Senecio.serra,14,0.3,3
2016,Stormy.Pass,SP,Solidago.multiradiata,12,0.2,2
2016,Stormy.Pass,SP,Solidago.multiradiata,13,0.30000000000000004,3
2016,Stormy.Pass,SP,Taraxacum.officinale,3,0.4,4
2016,Stormy.Pass,SP,Taraxacum.officinale,4,0.4,4
2016,Stormy.Pass,SP,Taraxacum.officinale,5,0.2,2
2016,Stormy.Pass,SP,Taraxacum.officinale,6,2.9,29
2016,Stormy.Pass,SP,Taraxacum.officinale,7,2.8,28
2016,Stormy.Pass,SP,Taraxacum.officinale,8,4.8,48
2016,Stormy.Pass,SP,Taraxacum.officinale,9,0.2,2
2016,Stormy.Pass,SP,Taraxacum.officinale,17,0.1,1
2016,Stormy.Pass,SP,Vicia.americana,9,2.7,27
2016,Stormy.Pass,SP,Vicia.americana,10,8.8,88
2016,Stormy.Pass,SP,Vicia.americana,11,3.2,32
2016,Stormy.Pass,SP,Vicia.americana,12,1.7,17
2016,Stormy.Pass,SP,Vicia.americana,13,0.2,2
2016,Stormy.Pass,SP,Viola.praemorsa,5,0.5,5
2016,Stormy.Pass,SP,Viola.praemorsa,6,10.8,108
2016,Stormy.Pass,SP,Viola.praemorsa,7,3.2,32
2016,Stormy.Pass,SP,Viola.praemorsa,8,0.2,2
2017,Avery.Wash,AW,Achillea.millefolium,9,0.1,1
2017,Avery.Wash,AW,Achillea.millefolium,10,0.1,1
2017,Avery.Wash,AW,Achillea.millefolium,11,0.2,2
2017,Avery.Wash,AW,Achillea.millefolium,12,0.4,4
2017,Avery.Wash,AW,Achillea.millefolium,13,0.8,8
2017,Avery.Wash,AW,Achillea.millefolium,14,0.7,7
2017,Avery.Wash,AW,Achillea.millefolium,15,0.7,7
2017,Avery.Wash,AW,Achillea.millefolium,16,0.2,2
2017,Avery.Wash,AW,Adenolinum.lewisii,8,0.2,2
2017,Avery.Wash,AW,Adenolinum.lewisii,9,0.1,1
2017,Avery.Wash,AW,Agoseris.aurantiaca,10,0.8,8
2017,Avery.Wash,AW,Agoseris.aurantiaca,11,2,20
2017,Avery.Wash,AW,Agoseris.aurantiaca,12,1.9000000000000001,19
2017,Avery.Wash,AW,Agoseris.aurantiaca,13,0.2,2
2017,Avery.Wash,AW,Agoseris.aurantiaca,14,0.30000000000000004,3
2017,Avery.Wash,AW,Agoseris.glauca,9,0.8,8
2017,Avery.Wash,AW,Agoseris.glauca,10,0.3,3
2017,Avery.Wash,AW,Agoseris.glauca,11,0.5,5
2017,Avery.Wash,AW,Agoseris.glauca,12,0.5,5
2017,Avery.Wash,AW,Agoseris.glauca,13,0.1,1
2017,Avery.Wash,AW,Agoseris.glauca,14,0.30000000000000004,3
2017,Avery.Wash,AW,Aquilegia.coerulea,7,0.2,2
2017,Avery.Wash,AW,Aquilegia.coerulea,8,1,10
2017,Avery.Wash,AW,Aquilegia.coerulea,9,0.7,7
2017,Avery.Wash,AW,Arnica.parryi,10,0.6,6
2017,Avery.Wash,AW,Arnica.parryi,11,1,10
2017,Avery.Wash,AW,Arnica.parryi,12,1.4,14
2017,Avery.Wash,AW,Arnica.parryi,13,1.1,11
2017,Avery.Wash,AW,Arnica.parryi,14,3.8,38
2017,Avery.Wash,AW,Arnica.parryi,15,0.2,2
2017,Avery.Wash,AW,Claytonia.lanceolata,2,5.800000000000001,58
2017,Avery.Wash,AW,Claytonia.lanceolata,3,233.6,2336
2017,Avery.Wash,AW,Claytonia.lanceolata,4,110.9,1109
2017,Avery.Wash,AW,Claytonia.lanceolata,5,4.6,46
2017,Avery.Wash,AW,Delphinium.barbeyi,8,8.5,85
2017,Avery.Wash,AW,Delphinium.barbeyi,9,15,150
2017,Avery.Wash,AW,Delphinium.barbeyi,10,24.3,243
2017,Avery.Wash,AW,Delphinium.barbeyi,11,31.299999999999997,313
2017,Avery.Wash,AW,Delphinium.barbeyi,12,8.8,88
2017,Avery.Wash,AW,Delphinium.barbeyi,13,0.2,2
2017,Avery.Wash,AW,Delphinium.nuttallianum,4,0.7,7
2017,Avery.Wash,AW,Delphinium.nuttallianum,5,9.9,99
2017,Avery.Wash,AW,Delphinium.nuttallianum,6,19.400000000000002,194
2017,Avery.Wash,AW,Delphinium.nuttallianum,7,4.1,41
2017,Avery.Wash,AW,Delphinium.nuttallianum,8,0.1,1
2017,Avery.Wash,AW,Draba.aurea,5,0.1,1
2017,Avery.Wash,AW,Draba.aurea,6,0.2,2
2017,Avery.Wash,AW,Draba.aurea,7,0.1,1
2017,Avery.Wash,AW,Dugaldia.hoopesii,8,1.3,13
2017,Avery.Wash,AW,Dugaldia.hoopesii,9,4.3,43
2017,Avery.Wash,AW,Dugaldia.hoopesii,10,7.3,73
2017,Avery.Wash,AW,Dugaldia.hoopesii,11,4.6,46
2017,Avery.Wash,AW,Dugaldia.hoopesii,12,3.3,33
2017,Avery.Wash,AW,Dugaldia.hoopesii,13,1.5,15
2017,Avery.Wash,AW,Dugaldia.hoopesii,14,0.6000000000000001,6
2017,Avery.Wash,AW,Erigeron.elatior,9,0.6,6
2017,Avery.Wash,AW,Erigeron.elatior,10,4.5,45
2017,Avery.Wash,AW,Erigeron.elatior,11,11.6,116
2017,Avery.Wash,AW,Erigeron.elatior,12,20.2,202
2017,Avery.Wash,AW,Erigeron.elatior,13,13.8,138
2017,Avery.Wash,AW,Erigeron.elatior,14,5.3,53
2017,Avery.Wash,AW,Erigeron.elatior,15,1.5,15
2017,Avery.Wash,AW,Erigeron.speciosus,9,0.1,1
2017,Avery.Wash,AW,Erigeron.speciosus,10,0.30000000000000004,3
2017,Avery.Wash,AW,Erigeron.speciosus,11,1.9,19
2017,Avery.Wash,AW,Erigeron.speciosus,12,3.3,33
2017,Avery.Wash,AW,Erigeron.speciosus,13,3.1,31
2017,Avery.Wash,AW,Erigeron.speciosus,14,1.6,16
2017,Avery.Wash,AW,Erigeron.speciosus,15,0.1,1
2017,Avery.Wash,AW,Erythronium.grandiflorum,4,0.2,2
2017,Avery.Wash,AW,Fragaria.virginiana,3,0.1,1
2017,Avery.Wash,AW,Fragaria.virginiana,5,35.4,354
2017,Avery.Wash,AW,Fragaria.virginiana,6,23,230
2017,Avery.Wash,AW,Fragaria.virginiana,7,9.1,91
2017,Avery.Wash,AW,Fragaria.virginiana,8,0.8,8
2017,Avery.Wash,AW,Fragaria.virginiana,9,0.4,4
2017,Avery.Wash,AW,Fragaria.virginiana,12,0.1,1
2017,Avery.Wash,AW,Gentiana.parryi,15,0.1,1
2017,Avery.Wash,AW,Geranium.richardsonii,8,0.6,6
2017,Avery.Wash,AW,Geranium.richardsonii,9,2.1999999999999997,22
2017,Avery.Wash,AW,Geranium.richardsonii,10,0.3,3
2017,Avery.Wash,AW,Helianthella.quinquenervis,9,1.2,12
2017,Avery.Wash,AW,Helianthella.quinquenervis,10,1.7,17
2017,Avery.Wash,AW,Helianthella.quinquenervis,11,1,10
2017,Avery.Wash,AW,Helianthella.quinquenervis,12,0.6,6
2017,Avery.Wash,AW,Helianthella.quinquenervis,13,0.3,3
2017,Avery.Wash,AW,Helianthella.quinquenervis,14,0.1,1
2017,Avery.Wash,AW,Heliomeris.multiflora,11,0.5,5
2017,Avery.Wash,AW,Heliomeris.multiflora,12,2.4000000000000004,24
2017,Avery.Wash,AW,Heliomeris.multiflora,13,7.6,76
2017,Avery.Wash,AW,Heliomeris.multiflora,14,13,130
2017,Avery.Wash,AW,Heliomeris.multiflora,15,15.6,156
2017,Avery.Wash,AW,Heliomeris.multiflora,16,0.2,2
2017,Avery.Wash,AW,Heracleum.sphondylium,8,0.8,8
2017,Avery.Wash,AW,Heracleum.sphondylium,9,5.1000000000000005,51
2017,Avery.Wash,AW,Heracleum.sphondylium,10,9.7,97
2017,Avery.Wash,AW,Heracleum.sphondylium,11,4.3,43
2017,Avery.Wash,AW,Heterotheca.villosa,10,1.6,16
2017,Avery.Wash,AW,Heterotheca.villosa,11,2.7,27
2017,Avery.Wash,AW,Heterotheca.villosa,12,3.4000000000000004,34
2017,Avery.Wash,AW,Heterotheca.villosa,13,2.6,26
2017,Avery.Wash,AW,Heterotheca.villosa,14,1.3,13
2017,Avery.Wash,AW,Heterotheca.villosa,15,0.2,2
2017,Avery.Wash,AW,Hydrophyllum.fendleri,5,13.5,135
2017,Avery.Wash,AW,Hydrophyllum.fendleri,6,104.7,1047
2017,Avery.Wash,AW,Hydrophyllum.fendleri,7,165.8,1658
2017,Avery.Wash,AW,Hydrophyllum.fendleri,8,33.8,338
2017,Avery.Wash,AW,Hydrophyllum.fendleri,9,10.4,104
2017,Avery.Wash,AW,Hydrophyllum.fendleri,10,0.7,7
2017,Avery.Wash,AW,Lathyrus.leucanthus,5,3,30
2017,Avery.Wash,AW,Lathyrus.leucanthus,6,17.7,177
2017,Avery.Wash,AW,Lathyrus.leucanthus,7,70.2,702
2017,Avery.Wash,AW,Lathyrus.leucanthus,8,20.5,205
2017,Avery.Wash,AW,Lathyrus.leucanthus,9,2.8,28
2017,Avery.Wash,AW,Ligularia.bigelovii,11,1,10
2017,Avery.Wash,AW,Ligularia.bigelovii,12,3,30
2017,Avery.Wash,AW,Ligularia.bigelovii,13,2.5,25
2017,Avery.Wash,AW,Ligularia.bigelovii,14,0.2,2
2017,Avery.Wash,AW,Ligusticum.porteri,9,6.9,69
2017,Avery.Wash,AW,Ligusticum.porteri,10,7.4,74
2017,Avery.Wash,AW,Ligusticum.porteri,11,9.1,91
2017,Avery.Wash,AW,Ligusticum.porteri,12,4.9,49
2017,Avery.Wash,AW,Lupinus.bakeri,8,0.1,1
2017,Avery.Wash,AW,Lupinus.bakeri,10,1.1,11
2017,Avery.Wash,AW,Maianthemum.stellatum,6,0.1,1
2017,Avery.Wash,AW,Maianthemum.stellatum,7,1.1,11
2017,Avery.Wash,AW,Mertensia.ciliata,7,0.9,9
2017,Avery.Wash,AW,Mertensia.ciliata,8,3.6,36
2017,Avery.Wash,AW,Mertensia.ciliata,9,2,20
2017,Avery.Wash,AW,Mertensia.ciliata,10,0.3,3
2017,Avery.Wash,AW,Mertensia.ciliata,11,0.5,5
2017,Avery.Wash,AW,Mertensia.fusiformis,3,3.8,38
2017,Avery.Wash,AW,Mertensia.fusiformis,4,25.1,251
2017,Avery.Wash,AW,Mertensia.fusiformis,5,57.699999999999996,577
2017,Avery.Wash,AW,Mertensia.fusiformis,6,3,30
2017,Avery.Wash,AW,Mertensia.fusiformis,7,0.3,3
2017,Avery.Wash,AW,Potentilla.pulcherrima,5,0.2,2
2017,Avery.Wash,AW,Potentilla.pulcherrima,6,2.6,26
2017,Avery.Wash,AW,Potentilla.pulcherrima,7,34.3,343
2017,Avery.Wash,AW,Potentilla.pulcherrima,8,127,1270
2017,Avery.Wash,AW,Potentilla.pulcherrima,9,219.9,2199
2017,Avery.Wash,AW,Potentilla.pulcherrima,10,103.6,1036
2017,Avery.Wash,AW,Potentilla.pulcherrima,11,135.2,1352
2017,Avery.Wash,AW,Potentilla.pulcherrima,12,82.9,829
2017,Avery.Wash,AW,Potentilla.pulcherrima,13,26.8,268
2017,Avery.Wash,AW,Potentilla.pulcherrima,14,3.2,32
2017,Avery.Wash,AW,Pseudocymopterus.montanus,4,1,10
2017,Avery.Wash,AW,Pseudocymopterus.montanus,5,2.2,22
2017,Avery.Wash,AW,Pseudocymopterus.montanus,6,3.7,37
2017,Avery.Wash,AW,Pseudocymopterus.montanus,7,5.3999999999999995,54
2017,Avery.Wash,AW,Pseudocymopterus.montanus,8,0.7000000000000001,7
2017,Avery.Wash,AW,Pseudocymopterus.montanus,9,0.1,1
2017,Avery.Wash,AW,Ranunculus.inamoenus,4,9.1,91
2017,Avery.Wash,AW,Ranunculus.inamoenus,5,24.400000000000002,244
2017,Avery.Wash,AW,Ranunculus.inamoenus,6,5.7,57
2017,Avery.Wash,AW,Ranunculus.inamoenus,7,0.7,7
2017,Avery.Wash,AW,Ranunculus.inamoenus,12,0.1,1
2017,Avery.Wash,AW,Ranunculus.inamoenus,13,0.1,1
2017,Avery.Wash,AW,Ranunculus.inamoenus,14,0.30000000000000004,3
2017,Avery.Wash,AW,Senecio.serra,12,0.7,7
2017,Avery.Wash,AW,Senecio.serra,13,1.4,14
2017,Avery.Wash,AW,Senecio.serra,14,0.4,4
2017,Avery.Wash,AW,Senecio.triangularis,9,3.6,36
2017,Avery.Wash,AW,Senecio.triangularis,10,3.9,39
2017,Avery.Wash,AW,Senecio.triangularis,11,0.4,4
2017,Avery.Wash,AW,Solidago.multiradiata,9,1.8,18
2017,Avery.Wash,AW,Solidago.multiradiata,10,12.8,128
2017,Avery.Wash,AW,Solidago.multiradiata,11,53.1,531
2017,Avery.Wash,AW,Solidago.multiradiata,12,85.10000000000001,851
2017,Avery.Wash,AW,Solidago.multiradiata,13,49.9,499
2017,Avery.Wash,AW,Solidago.multiradiata,14,7.6000000000000005,76
2017,Avery.Wash,AW,Taraxacum.officinale,4,0.8,8
2017,Avery.Wash,AW,Taraxacum.officinale,5,13.4,134
2017,Avery.Wash,AW,Taraxacum.officinale,6,1.8,18
2017,Avery.Wash,AW,Taraxacum.officinale,7,0.6,6
2017,Avery.Wash,AW,Taraxacum.officinale,10,0.1,1
2017,Avery.Wash,AW,Taraxacum.officinale,14,0.2,2
2017,Avery.Wash,AW,Trifolium.pratense,10,0.2,2
2017,Avery.Wash,AW,Trifolium.repens,14,0.1,1
2017,Avery.Wash,AW,Valeriana.occidentalis,5,0.1,1
2017,Avery.Wash,AW,Valeriana.occidentalis,6,0.1,1
2017,Avery.Wash,AW,Vicia.americana,7,0.3,3
2017,Avery.Wash,AW,Vicia.americana,8,20.900000000000002,209
2017,Avery.Wash,AW,Vicia.americana,9,14.4,144
2017,Avery.Wash,AW,Vicia.americana,10,3,30
2017,Avery.Wash,AW,Viola.praemorsa,4,1.4,14
2017,Avery.Wash,AW,Viola.praemorsa,5,36.1,361
2017,Avery.Wash,AW,Viola.praemorsa,6,2.3,23
2017,Copper.Creek,CC,Achillea.millefolium,10,0.1,1
2017,Copper.Creek,CC,Achillea.millefolium,11,0.1,1
2017,Copper.Creek,CC,Achillea.millefolium,12,0.30000000000000004,3
2017,Copper.Creek,CC,Achillea.millefolium,13,0.30000000000000004,3
2017,Copper.Creek,CC,Achillea.millefolium,14,0.2,2
2017,Copper.Creek,CC,Achillea.millefolium,15,0.2,2
2017,Copper.Creek,CC,Aconitum.columbianum,9,2,20
2017,Copper.Creek,CC,Aconitum.columbianum,10,2.3,23
2017,Copper.Creek,CC,Aconitum.columbianum,11,1.5,15
2017,Copper.Creek,CC,Aconitum.columbianum,12,1.5,15
2017,Copper.Creek,CC,Aconitum.columbianum,13,0.1,1
2017,Copper.Creek,CC,Adenolinum.lewisii,7,0.6000000000000001,6
2017,Copper.Creek,CC,Adenolinum.lewisii,8,1.6,16
2017,Copper.Creek,CC,Adenolinum.lewisii,9,0.6,6
2017,Copper.Creek,CC,Adenolinum.lewisii,10,1.1,11
2017,Copper.Creek,CC,Adenolinum.lewisii,11,0.2,2
2017,Copper.Creek,CC,Aquilegia.coerulea,7,0.2,2
2017,Copper.Creek,CC,Aquilegia.coerulea,8,0.2,2
2017,Copper.Creek,CC,Aquilegia.coerulea,9,0.30000000000000004,3
2017,Copper.Creek,CC,Calochortus.gunnisonii,9,0.2,2
2017,Copper.Creek,CC,Calochortus.gunnisonii,10,0.2,2
2017,Copper.Creek,CC,Calochortus.gunnisonii,11,0.2,2
2017,Copper.Creek,CC,Campanula.rotundifolia,9,0.1,1
2017,Copper.Creek,CC,Campanula.rotundifolia,10,0.7,7
2017,Copper.Creek,CC,Campanula.rotundifolia,11,0.6,6
2017,Copper.Creek,CC,Campanula.rotundifolia,12,1.4000000000000001,14
2017,Copper.Creek,CC,Campanula.rotundifolia,13,1.2999999999999998,13
2017,Copper.Creek,CC,Campanula.rotundifolia,16,0.1,1
2017,Copper.Creek,CC,Cirsium.parryi,13,0.3,3
2017,Copper.Creek,CC,Cirsium.parryi,15,0.2,2
2017,Copper.Creek,CC,Claytonia.lanceolata,1,47,470
2017,Copper.Creek,CC,Claytonia.lanceolata,2,460.3,4603
2017,Copper.Creek,CC,Claytonia.lanceolata,3,562.5,5625
2017,Copper.Creek,CC,Claytonia.lanceolata,4,42.7,427
2017,Copper.Creek,CC,Claytonia.lanceolata,5,1.3,13
2017,Copper.Creek,CC,Delphinium.barbeyi,8,2.1,21
2017,Copper.Creek,CC,Delphinium.barbeyi,9,19.8,198
2017,Copper.Creek,CC,Delphinium.barbeyi,10,43.3,433
2017,Copper.Creek,CC,Delphinium.barbeyi,11,22.2,222
2017,Copper.Creek,CC,Delphinium.barbeyi,12,3.4000000000000004,34
2017,Copper.Creek,CC,Delphinium.nuttallianum,4,31,310
2017,Copper.Creek,CC,Delphinium.nuttallianum,5,96.4,964
2017,Copper.Creek,CC,Delphinium.nuttallianum,6,21.4,214
2017,Copper.Creek,CC,Delphinium.nuttallianum,7,0.6000000000000001,6
2017,Copper.Creek,CC,Draba.aurea,5,0.1,1
2017,Copper.Creek,CC,Draba.aurea,6,0.2,2
2017,Copper.Creek,CC,Dugaldia.hoopesii,8,0.5,5
2017,Copper.Creek,CC,Dugaldia.hoopesii,9,1.7,17
2017,Copper.Creek,CC,Dugaldia.hoopesii,10,2.1,21
2017,Copper.Creek,CC,Dugaldia.hoopesii,11,4.7,47
2017,Copper.Creek,CC,Dugaldia.hoopesii,12,4,40
2017,Copper.Creek,CC,Dugaldia.hoopesii,13,1.2,12
2017,Copper.Creek,CC,Dugaldia.hoopesii,14,0.2,2
2017,Copper.Creek,CC,Erigeron.elatior,11,0.2,2
2017,Copper.Creek,CC,Erigeron.elatior,15,0.1,1
2017,Copper.Creek,CC,Erigeron.elatior,16,0.1,1
2017,Copper.Creek,CC,Erigeron.speciosus,8,0.2,2
2017,Copper.Creek,CC,Erigeron.speciosus,9,3.7,37
2017,Copper.Creek,CC,Erigeron.speciosus,10,10,100
2017,Copper.Creek,CC,Erigeron.speciosus,11,18.2,182
2017,Copper.Creek,CC,Erigeron.speciosus,12,20,200
2017,Copper.Creek,CC,Erigeron.speciosus,13,11.799999999999999,118
2017,Copper.Creek,CC,Erigeron.speciosus,14,4.9,49
2017,Copper.Creek,CC,Erigeron.speciosus,15,0.6,6
2017,Copper.Creek,CC,Eriogonum.umbellatum,7,0.1,1
2017,Copper.Creek,CC,Eriogonum.umbellatum,8,0.3,3
2017,Copper.Creek,CC,Eriogonum.umbellatum,9,0.4,4
2017,Copper.Creek,CC,Eriogonum.umbellatum,10,0.1,1
2017,Copper.Creek,CC,Eriogonum.umbellatum,11,0.4,4
2017,Copper.Creek,CC,Erysimum.capitatum,5,0.2,2
2017,Copper.Creek,CC,Erysimum.capitatum,6,6,60
2017,Copper.Creek,CC,Erysimum.capitatum,7,3.1,31
2017,Copper.Creek,CC,Erysimum.capitatum,8,1.2,12
2017,Copper.Creek,CC,Erythronium.grandiflorum,3,0.2,2
2017,Copper.Creek,CC,Erythronium.grandiflorum,4,1,10
2017,Copper.Creek,CC,Geranium.richardsonii,6,0.1,1
2017,Copper.Creek,CC,Geranium.richardsonii,7,3.3000000000000003,33
2017,Copper.Creek,CC,Geranium.richardsonii,8,6.7,67
2017,Copper.Creek,CC,Geranium.richardsonii,9,4.5,45
2017,Copper.Creek,CC,Geranium.richardsonii,10,0.9,9
2017,Copper.Creek,CC,Geranium.richardsonii,11,0.8,8
2017,Copper.Creek,CC,Geranium.richardsonii,12,0.1,1
2017,Copper.Creek,CC,Helianthella.quinquenervis,8,0.8,8
2017,Copper.Creek,CC,Helianthella.quinquenervis,9,1.8,18
2017,Copper.Creek,CC,Helianthella.quinquenervis,10,4.5,45
2017,Copper.Creek,CC,Helianthella.quinquenervis,11,2.1,21
2017,Copper.Creek,CC,Helianthella.quinquenervis,12,0.6000000000000001,6
2017,Copper.Creek,CC,Heliomeris.multiflora,10,0.9,9
2017,Copper.Creek,CC,Heliomeris.multiflora,11,3.9,39
2017,Copper.Creek,CC,Heliomeris.multiflora,12,13.3,133
2017,Copper.Creek,CC,Heliomeris.multiflora,13,34.3,343
2017,Copper.Creek,CC,Heliomeris.multiflora,14,78.1,781
2017,Copper.Creek,CC,Heliomeris.multiflora,15,74.4,744
2017,Copper.Creek,CC,Heliomeris.multiflora,16,22.2,222
2017,Copper.Creek,CC,Heracleum.sphondylium,7,0.6,6
2017,Copper.Creek,CC,Heracleum.sphondylium,8,3.2,32
2017,Copper.Creek,CC,Heracleum.sphondylium,9,7.7,77
2017,Copper.Creek,CC,Heracleum.sphondylium,10,8.799999999999999,88
2017,Copper.Creek,CC,Heracleum.sphondylium,11,0.8,8
2017,Copper.Creek,CC,Heterotheca.villosa,8,0.1,1
2017,Copper.Creek,CC,Heterotheca.villosa,9,1.4,14
2017,Copper.Creek,CC,Heterotheca.villosa,10,8.2,82
2017,Copper.Creek,CC,Heterotheca.villosa,11,15.6,156
2017,Copper.Creek,CC,Heterotheca.villosa,12,22.2,222
2017,Copper.Creek,CC,Heterotheca.villosa,13,11.100000000000001,111
2017,Copper.Creek,CC,Heterotheca.villosa,14,6.199999999999999,62
2017,Copper.Creek,CC,Heterotheca.villosa,15,6.6000000000000005,66
2017,Copper.Creek,CC,Heterotheca.villosa,16,1.9,19
2017,Copper.Creek,CC,Hydrophyllum.capitatum,5,17.5,175
2017,Copper.Creek,CC,Hydrophyllum.capitatum,6,0.9,9
2017,Copper.Creek,CC,Hydrophyllum.fendleri,4,33.4,334
2017,Copper.Creek,CC,Hydrophyllum.fendleri,5,0.9,9
2017,Copper.Creek,CC,Hydrophyllum.fendleri,6,19.3,193
2017,Copper.Creek,CC,Hydrophyllum.fendleri,7,19.1,191
2017,Copper.Creek,CC,Hydrophyllum.fendleri,8,2.1,21
2017,Copper.Creek,CC,Hydrophyllum.fendleri,9,1.1,11
2017,Copper.Creek,CC,Hydrophyllum.fendleri,10,0.3,3
2017,Copper.Creek,CC,Lathyrus.leucanthus,5,12.4,124
2017,Copper.Creek,CC,Lathyrus.leucanthus,6,49.5,495
2017,Copper.Creek,CC,Lathyrus.leucanthus,7,19.5,195
2017,Copper.Creek,CC,Lathyrus.leucanthus,8,6.7,67
2017,Copper.Creek,CC,Lathyrus.leucanthus,9,0.1,1
2017,Copper.Creek,CC,Ligularia.bigelovii,12,0.4,4
2017,Copper.Creek,CC,Ligularia.bigelovii,13,0.6,6
2017,Copper.Creek,CC,Ligusticum.porteri,9,2.2,22
2017,Copper.Creek,CC,Ligusticum.porteri,10,4.7,47
2017,Copper.Creek,CC,Ligusticum.porteri,11,5.6,56
2017,Copper.Creek,CC,Ligusticum.porteri,12,0.6000000000000001,6
2017,Copper.Creek,CC,Lupinus.bakeri,6,42.2,422
2017,Copper.Creek,CC,Lupinus.bakeri,7,122.3,1223
2017,Copper.Creek,CC,Lupinus.bakeri,8,100.5,1005
2017,Copper.Creek,CC,Lupinus.bakeri,9,36.4,364
2017,Copper.Creek,CC,Lupinus.bakeri,10,4.8,48
2017,Copper.Creek,CC,Mahonia.repens,4,5.2,52
2017,Copper.Creek,CC,Mahonia.repens,5,6.8,68
2017,Copper.Creek,CC,Maianthemum.stellatum,6,0.8999999999999999,9
2017,Copper.Creek,CC,Maianthemum.stellatum,7,0.3,3
2017,Copper.Creek,CC,Mertensia.fusiformis,2,1.1,11
2017,Copper.Creek,CC,Mertensia.fusiformis,3,34.5,345
2017,Copper.Creek,CC,Mertensia.fusiformis,4,78.9,789
2017,Copper.Creek,CC,Mertensia.fusiformis,5,9.4,94
2017,Copper.Creek,CC,Pedicularis.procera,9,0.4,4
2017,Copper.Creek,CC,Potentilla.pulcherrima,7,1.6,16
2017,Copper.Creek,CC,Potentilla.pulcherrima,8,5.6,56
2017,Copper.Creek,CC,Potentilla.pulcherrima,9,9.4,94
2017,Copper.Creek,CC,Potentilla.pulcherrima,10,15.9,159
2017,Copper.Creek,CC,Potentilla.pulcherrima,11,20.5,205
2017,Copper.Creek,CC,Potentilla.pulcherrima,12,9.3,93
2017,Copper.Creek,CC,Potentilla.pulcherrima,13,0.5,5
2017,Copper.Creek,CC,Potentilla.pulcherrima,14,0.1,1
2017,Copper.Creek,CC,Pseudocymopterus.montanus,7,0.1,1
2017,Copper.Creek,CC,Ranunculus.inamoenus,4,0.30000000000000004,3
2017,Copper.Creek,CC,Ranunculus.inamoenus,5,0.8,8
2017,Copper.Creek,CC,Ranunculus.inamoenus,6,0.6,6
2017,Copper.Creek,CC,Ranunculus.inamoenus,7,0.2,2
2017,Copper.Creek,CC,Salix.wolfii,4,4.8,48
2017,Copper.Creek,CC,Senecio.serra,12,0.6,6
2017,Copper.Creek,CC,Senecio.serra,13,0.5,5
2017,Copper.Creek,CC,Taraxacum.officinale,3,0.2,2
2017,Copper.Creek,CC,Taraxacum.officinale,4,1.5,15
2017,Copper.Creek,CC,Taraxacum.officinale,5,3,30
2017,Copper.Creek,CC,Taraxacum.officinale,6,0.2,2
2017,Copper.Creek,CC,Valeriana.occidentalis,4,3.9,39
2017,Copper.Creek,CC,Valeriana.occidentalis,5,14.8,148
2017,Copper.Creek,CC,Valeriana.occidentalis,6,9.6,96
2017,Copper.Creek,CC,Valeriana.occidentalis,7,6,60
2017,Copper.Creek,CC,Valeriana.occidentalis,8,1.6,16
2017,Copper.Creek,CC,Vicia.americana,7,2.6,26
2017,Copper.Creek,CC,Vicia.americana,8,7.3,73
2017,Copper.Creek,CC,Vicia.americana,9,3.5999999999999996,36
2017,Copper.Creek,CC,Vicia.americana,10,0.1,1
2017,Copper.Creek,CC,Viola.praemorsa,4,0.7,7
2017,Copper.Creek,CC,Viola.praemorsa,5,3.3000000000000003,33
2017,Frogs.Pond,FP,Achillea.millefolium,8,0.1,1
2017,Frogs.Pond,FP,Achillea.millefolium,9,1.2,12
2017,Frogs.Pond,FP,Achillea.millefolium,10,2.6,26
2017,Frogs.Pond,FP,Achillea.millefolium,11,4.3,43
2017,Frogs.Pond,FP,Achillea.millefolium,12,3.8000000000000003,38
2017,Frogs.Pond,FP,Achillea.millefolium,13,4.3,43
2017,Frogs.Pond,FP,Achillea.millefolium,14,2,20
2017,Frogs.Pond,FP,Achillea.millefolium,15,2.6,26
2017,Frogs.Pond,FP,Achillea.millefolium,16,1.4000000000000001,14
2017,Frogs.Pond,FP,Adenolinum.lewisii,6,0.6,6
2017,Frogs.Pond,FP,Adenolinum.lewisii,7,5.7,57
2017,Frogs.Pond,FP,Adenolinum.lewisii,8,0.8,8
2017,Frogs.Pond,FP,Agoseris.aurantiaca,9,0.1,1
2017,Frogs.Pond,FP,Agoseris.glauca,10,0.1,1
2017,Frogs.Pond,FP,Aster.foliaceus,11,0.2,2
2017,Frogs.Pond,FP,Aster.foliaceus,12,2.1,21
2017,Frogs.Pond,FP,Aster.foliaceus,13,3.5,35
2017,Frogs.Pond,FP,Aster.foliaceus,14,2.5,25
2017,Frogs.Pond,FP,Astragalus.alpinus,7,1.1,11
2017,Frogs.Pond,FP,Astragalus.alpinus,8,0.4,4
2017,Frogs.Pond,FP,Calochortus.gunnisonii,8,0.1,1
2017,Frogs.Pond,FP,Calochortus.gunnisonii,9,1.7,17
2017,Frogs.Pond,FP,Calochortus.gunnisonii,10,1.9,19
2017,Frogs.Pond,FP,Calochortus.gunnisonii,11,0.3,3
2017,Frogs.Pond,FP,Campanula.rotundifolia,9,0.1,1
2017,Frogs.Pond,FP,Campanula.rotundifolia,11,0.2,2
2017,Frogs.Pond,FP,Castilleja.linariifolia,9,7.3,73
2017,Frogs.Pond,FP,Castilleja.linariifolia,10,12.600000000000001,126
2017,Frogs.Pond,FP,Castilleja.linariifolia,11,11.4,114
2017,Frogs.Pond,FP,Castilleja.linariifolia,12,12.399999999999999,124
2017,Frogs.Pond,FP,Castilleja.linariifolia,13,9.7,97
2017,Frogs.Pond,FP,Cirsium.parryi,11,0.1,1
2017,Frogs.Pond,FP,Cirsium.parryi,13,0.2,2
2017,Frogs.Pond,FP,Claytonia.lanceolata,1,0.3,3
2017,Frogs.Pond,FP,Claytonia.lanceolata,2,0.6,6
2017,Frogs.Pond,FP,Claytonia.lanceolata,7,3,30
2017,Frogs.Pond,FP,Claytonia.lanceolata,8,5.2,52
2017,Frogs.Pond,FP,Delphinium.barbeyi,8,1.7000000000000002,17
2017,Frogs.Pond,FP,Delphinium.barbeyi,9,28,280
2017,Frogs.Pond,FP,Delphinium.barbeyi,10,32.3,323
2017,Frogs.Pond,FP,Delphinium.barbeyi,11,8.9,89
2017,Frogs.Pond,FP,Delphinium.nuttallianum,4,0.6,6
2017,Frogs.Pond,FP,Delphinium.nuttallianum,5,2.1,21
2017,Frogs.Pond,FP,Delphinium.nuttallianum,6,0.3,3
2017,Frogs.Pond,FP,Draba.aurea,4,0.4,4
2017,Frogs.Pond,FP,Draba.aurea,5,1.6,16
2017,Frogs.Pond,FP,Draba.aurea,6,2.1,21
2017,Frogs.Pond,FP,Draba.aurea,7,1.5,15
2017,Frogs.Pond,FP,Draba.aurea,8,0.2,2
2017,Frogs.Pond,FP,Draba.aurea,9,0.1,1
2017,Frogs.Pond,FP,Ericameria.parryi,13,0.4,4
2017,Frogs.Pond,FP,Ericameria.parryi,14,2.9,29
2017,Frogs.Pond,FP,Ericameria.parryi,15,1,10
2017,Frogs.Pond,FP,Ericameria.parryi,16,0.5,5
2017,Frogs.Pond,FP,Erigeron.elatior,10,0.2,2
2017,Frogs.Pond,FP,Erigeron.elatior,11,0.4,4
2017,Frogs.Pond,FP,Erigeron.elatior,12,0.3,3
2017,Frogs.Pond,FP,Erigeron.elatior,13,0.1,1
2017,Frogs.Pond,FP,Erigeron.speciosus,7,0.1,1
2017,Frogs.Pond,FP,Erigeron.speciosus,8,4.1,41
2017,Frogs.Pond,FP,Erigeron.speciosus,9,36,360
2017,Frogs.Pond,FP,Erigeron.speciosus,10,89.10000000000001,891
2017,Frogs.Pond,FP,Erigeron.speciosus,11,104,1040
2017,Frogs.Pond,FP,Erigeron.speciosus,12,80.4,804
2017,Frogs.Pond,FP,Erigeron.speciosus,13,20.900000000000002,209
2017,Frogs.Pond,FP,Erigeron.speciosus,14,0.8,8
2017,Frogs.Pond,FP,Eriogonum.subalpinum,7,1.9,19
2017,Frogs.Pond,FP,Eriogonum.subalpinum,8,0.6000000000000001,6
2017,Frogs.Pond,FP,Eriogonum.subalpinum,9,0.4,4
2017,Frogs.Pond,FP,Eriogonum.umbellatum,6,0.1,1
2017,Frogs.Pond,FP,Eriogonum.umbellatum,7,0.7,7
2017,Frogs.Pond,FP,Eriogonum.umbellatum,8,0.8,8
2017,Frogs.Pond,FP,Eriogonum.umbellatum,9,0.8,8
2017,Frogs.Pond,FP,Eriogonum.umbellatum,10,0.6000000000000001,6
2017,Frogs.Pond,FP,Eriogonum.umbellatum,11,0.5,5
2017,Frogs.Pond,FP,Eriogonum.umbellatum,12,0.6,6
2017,Frogs.Pond,FP,Erysimum.capitatum,6,0.4,4
2017,Frogs.Pond,FP,Erysimum.capitatum,7,1.4,14
2017,Frogs.Pond,FP,Erysimum.capitatum,8,1.6,16
2017,Frogs.Pond,FP,Erysimum.capitatum,9,0.6,6
2017,Frogs.Pond,FP,Fragaria.virginiana,5,0.1,1
2017,Frogs.Pond,FP,Fragaria.virginiana,6,0.4,4
2017,Frogs.Pond,FP,Gentiana.parryi,14,1.7000000000000002,17
2017,Frogs.Pond,FP,Gentiana.parryi,15,0.4,4
2017,Frogs.Pond,FP,Geranium.richardsonii,6,0.4,4
2017,Frogs.Pond,FP,Geranium.richardsonii,7,1,10
2017,Frogs.Pond,FP,Geranium.richardsonii,8,1,10
2017,Frogs.Pond,FP,Geranium.richardsonii,9,1,10
2017,Frogs.Pond,FP,Geranium.richardsonii,10,0.4,4
2017,Frogs.Pond,FP,Helianthella.quinquenervis,8,1.2,12
2017,Frogs.Pond,FP,Helianthella.quinquenervis,9,2.8,28
2017,Frogs.Pond,FP,Helianthella.quinquenervis,10,0.4,4
2017,Frogs.Pond,FP,Helianthella.quinquenervis,11,0.6,6
2017,Frogs.Pond,FP,Helianthella.quinquenervis,12,0.8,8
2017,Frogs.Pond,FP,Helianthella.quinquenervis,13,0.1,1
2017,Frogs.Pond,FP,Heliomeris.multiflora,10,1.6,16
2017,Frogs.Pond,FP,Heliomeris.multiflora,11,5.4,54
2017,Frogs.Pond,FP,Heliomeris.multiflora,12,16.7,167
2017,Frogs.Pond,FP,Heliomeris.multiflora,13,38.3,383
2017,Frogs.Pond,FP,Heliomeris.multiflora,14,86.7,867
2017,Frogs.Pond,FP,Heliomeris.multiflora,15,39.6,396
2017,Frogs.Pond,FP,Heliomeris.multiflora,16,5.5,55
2017,Frogs.Pond,FP,Heracleum.sphondylium,7,0.4,4
2017,Frogs.Pond,FP,Heracleum.sphondylium,8,2.5,25
2017,Frogs.Pond,FP,Heracleum.sphondylium,9,8,80
2017,Frogs.Pond,FP,Heracleum.sphondylium,10,3.9000000000000004,39
2017,Frogs.Pond,FP,Heracleum.sphondylium,11,0.4,4
2017,Frogs.Pond,FP,Heterotheca.villosa,8,0.5,5
2017,Frogs.Pond,FP,Heterotheca.villosa,9,5.6,56
2017,Frogs.Pond,FP,Heterotheca.villosa,10,17,170
2017,Frogs.Pond,FP,Heterotheca.villosa,11,23.700000000000003,237
2017,Frogs.Pond,FP,Heterotheca.villosa,12,30.099999999999998,301
2017,Frogs.Pond,FP,Heterotheca.villosa,13,25.4,254
2017,Frogs.Pond,FP,Heterotheca.villosa,14,2.8,28
2017,Frogs.Pond,FP,Heterotheca.villosa,15,0.1,1
2017,Frogs.Pond,FP,Hydrophyllum.fendleri,4,5.1,51
2017,Frogs.Pond,FP,Hydrophyllum.fendleri,5,6.8,68
2017,Frogs.Pond,FP,Hydrophyllum.fendleri,6,24.599999999999998,246
2017,Frogs.Pond,FP,Hydrophyllum.fendleri,7,2.4,24
2017,Frogs.Pond,FP,Ipomopsis.aggregata,6,0.30000000000000004,3
2017,Frogs.Pond,FP,Ipomopsis.aggregata,7,6.8,68
2017,Frogs.Pond,FP,Ipomopsis.aggregata,8,24.3,243
2017,Frogs.Pond,FP,Ipomopsis.aggregata,9,23.2,232
2017,Frogs.Pond,FP,Ipomopsis.aggregata,10,6.3999999999999995,64
2017,Frogs.Pond,FP,Ipomopsis.aggregata,11,2.4,24
2017,Frogs.Pond,FP,Ipomopsis.aggregata,12,1.5,15
2017,Frogs.Pond,FP,Ipomopsis.aggregata,13,3.5,35
2017,Frogs.Pond,FP,Ipomopsis.aggregata,14,3.7,37
2017,Frogs.Pond,FP,Ipomopsis.aggregata,15,0.7,7
2017,Frogs.Pond,FP,Lathyrus.leucanthus,4,12.5,125
2017,Frogs.Pond,FP,Lathyrus.leucanthus,5,52.7,527
2017,Frogs.Pond,FP,Lathyrus.leucanthus,6,200,2000
2017,Frogs.Pond,FP,Lathyrus.leucanthus,7,34.4,344
2017,Frogs.Pond,FP,Lathyrus.leucanthus,8,7.5,75
2017,Frogs.Pond,FP,Lathyrus.leucanthus,9,0.2,2
2017,Frogs.Pond,FP,Ligularia.bigelovii,11,1.4,14
2017,Frogs.Pond,FP,Ligularia.bigelovii,12,4.4,44
2017,Frogs.Pond,FP,Ligularia.bigelovii,13,4.7,47
2017,Frogs.Pond,FP,Ligusticum.porteri,11,2.5999999999999996,26
2017,Frogs.Pond,FP,Ligusticum.porteri,12,1.2,12
2017,Frogs.Pond,FP,Lupinus.bakeri,5,3.1,31
2017,Frogs.Pond,FP,Lupinus.bakeri,6,23.7,237
2017,Frogs.Pond,FP,Lupinus.bakeri,7,61.6,616
2017,Frogs.Pond,FP,Lupinus.bakeri,8,52.2,522
2017,Frogs.Pond,FP,Lupinus.bakeri,9,29.7,297
2017,Frogs.Pond,FP,Lupinus.bakeri,10,4.6,46
2017,Frogs.Pond,FP,Mahonia.repens,3,0.7,7
2017,Frogs.Pond,FP,Mahonia.repens,4,2.4,24
2017,Frogs.Pond,FP,Mahonia.repens,5,1.1,11
2017,Frogs.Pond,FP,Mertensia.ciliata,7,0.2,2
2017,Frogs.Pond,FP,Mertensia.fusiformis,1,9.4,94
2017,Frogs.Pond,FP,Mertensia.fusiformis,2,64.7,647
2017,Frogs.Pond,FP,Mertensia.fusiformis,3,257.5,2575
2017,Frogs.Pond,FP,Mertensia.fusiformis,4,184.2,1842
2017,Frogs.Pond,FP,Mertensia.fusiformis,5,9.9,99
2017,Frogs.Pond,FP,Mertensia.fusiformis,6,0.1,1
2017,Frogs.Pond,FP,Pentaphylloides.floribunda,6,3.7,37
2017,Frogs.Pond,FP,Pentaphylloides.floribunda,7,2.8,28
2017,Frogs.Pond,FP,Pentaphylloides.floribunda,8,1.4,14
2017,Frogs.Pond,FP,Pentaphylloides.floribunda,9,1.8,18
2017,Frogs.Pond,FP,Pentaphylloides.floribunda,10,4.2,42
2017,Frogs.Pond,FP,Pentaphylloides.floribunda,11,3.2,32
2017,Frogs.Pond,FP,Pentaphylloides.floribunda,12,3.3,33
2017,Frogs.Pond,FP,Pentaphylloides.floribunda,13,2.8,28
2017,Frogs.Pond,FP,Potentilla.pulcherrima,5,0.4,4
2017,Frogs.Pond,FP,Potentilla.pulcherrima,6,4.4,44
2017,Frogs.Pond,FP,Potentilla.pulcherrima,7,27.6,276
2017,Frogs.Pond,FP,Potentilla.pulcherrima,8,40.9,409
2017,Frogs.Pond,FP,Potentilla.pulcherrima,9,36,360
2017,Frogs.Pond,FP,Potentilla.pulcherrima,10,26.8,268
2017,Frogs.Pond,FP,Potentilla.pulcherrima,11,14.6,146
2017,Frogs.Pond,FP,Potentilla.pulcherrima,12,10.4,104
2017,Frogs.Pond,FP,Potentilla.pulcherrima,13,2.4,24
2017,Frogs.Pond,FP,Potentilla.pulcherrima,14,0.1,1
2017,Frogs.Pond,FP,Pseudocymopterus.montanus,3,0.7,7
2017,Frogs.Pond,FP,Pseudocymopterus.montanus,4,1.2,12
2017,Frogs.Pond,FP,Pseudocymopterus.montanus,5,0.9,9
2017,Frogs.Pond,FP,Pseudocymopterus.montanus,6,1.8,18
2017,Frogs.Pond,FP,Pseudocymopterus.montanus,7,1.7000000000000002,17
2017,Frogs.Pond,FP,Pseudocymopterus.montanus,8,0.8,8
2017,Frogs.Pond,FP,Pseudocymopterus.montanus,9,0.2,2
2017,Frogs.Pond,FP,Pyrrocoma.crocea,9,0.4,4
2017,Frogs.Pond,FP,Pyrrocoma.crocea,10,0.9,9
2017,Frogs.Pond,FP,Pyrrocoma.crocea,11,0.4,4
2017,Frogs.Pond,FP,Pyrrocoma.crocea,12,0.30000000000000004,3
2017,Frogs.Pond,FP,Pyrrocoma.crocea,13,0.30000000000000004,3
2017,Frogs.Pond,FP,Senecio.integerrimus,4,2.7,27
2017,Frogs.Pond,FP,Senecio.integerrimus,5,9.299999999999999,93
2017,Frogs.Pond,FP,Senecio.integerrimus,6,45.1,451
2017,Frogs.Pond,FP,Senecio.integerrimus,7,11.5,115
2017,Frogs.Pond,FP,Senecio.serra,12,0.7,7
2017,Frogs.Pond,FP,Senecio.serra,13,0.3,3
2017,Frogs.Pond,FP,Sidalcea.candida,10,2.3,23
2017,Frogs.Pond,FP,Sidalcea.candida,11,0.9,9
2017,Frogs.Pond,FP,Sidalcea.candida,12,0.2,2
2017,Frogs.Pond,FP,Solidago.multiradiata,10,1.9,19
2017,Frogs.Pond,FP,Solidago.multiradiata,11,3.8,38
2017,Frogs.Pond,FP,Solidago.multiradiata,12,2.2,22
2017,Frogs.Pond,FP,Solidago.multiradiata,13,0.4,4
2017,Frogs.Pond,FP,Symphyotrichum.spathulatum,11,0.2,2
2017,Frogs.Pond,FP,Symphyotrichum.spathulatum,12,0.7,7
2017,Frogs.Pond,FP,Symphyotrichum.spathulatum,14,0.4,4
2017,Frogs.Pond,FP,Symphyotrichum.spathulatum,15,0.3,3
2017,Frogs.Pond,FP,Symphyotrichum.spathulatum,16,0.1,1
2017,Frogs.Pond,FP,Taraxacum.officinale,3,2.7,27
2017,Frogs.Pond,FP,Taraxacum.officinale,4,4.8,48
2017,Frogs.Pond,FP,Taraxacum.officinale,5,3.1,31
2017,Frogs.Pond,FP,Taraxacum.officinale,6,0.1,1
2017,Frogs.Pond,FP,Valeriana.occidentalis,3,1.5,15
2017,Frogs.Pond,FP,Valeriana.occidentalis,4,1.2,12
2017,Frogs.Pond,FP,Valeriana.occidentalis,5,1.6,16
2017,Frogs.Pond,FP,Valeriana.occidentalis,6,0.2,2
2017,Frogs.Pond,FP,Vicia.americana,6,0.5,5
2017,Frogs.Pond,FP,Vicia.americana,7,14.299999999999999,143
2017,Frogs.Pond,FP,Vicia.americana,8,10.6,106
2017,Frogs.Pond,FP,Vicia.americana,9,1.7,17
2017,Frogs.Pond,FP,Vicia.americana,11,0.1,1
2017,Frogs.Pond,FP,Viola.adunca,3,0.1,1
2017,Frogs.Pond,FP,Viola.adunca,4,0.7,7
2017,Frogs.Pond,FP,Viola.adunca,5,0.9,9
2017,Frogs.Pond,FP,Viola.praemorsa,3,4.2,42
2017,Frogs.Pond,FP,Viola.praemorsa,4,2.9,29
2017,Gothic.Spires,GS,Achillea.millefolium,9,0.5,5
2017,Gothic.Spires,GS,Achillea.millefolium,10,0.1,1
2017,Gothic.Spires,GS,Achillea.millefolium,11,0.6,6
2017,Gothic.Spires,GS,Achillea.millefolium,12,1,10
2017,Gothic.Spires,GS,Achillea.millefolium,13,1.8,18
2017,Gothic.Spires,GS,Achillea.millefolium,14,2.1,21
2017,Gothic.Spires,GS,Achillea.millefolium,15,2.1,21
2017,Gothic.Spires,GS,Achillea.millefolium,16,1.5,15
2017,Gothic.Spires,GS,Aconitum.columbianum,8,3.7,37
2017,Gothic.Spires,GS,Aconitum.columbianum,9,31.900000000000002,319
2017,Gothic.Spires,GS,Aconitum.columbianum,10,56.4,564
2017,Gothic.Spires,GS,Aconitum.columbianum,11,59.300000000000004,593
2017,Gothic.Spires,GS,Aconitum.columbianum,12,33.800000000000004,338
2017,Gothic.Spires,GS,Aconitum.columbianum,13,11.6,116
2017,Gothic.Spires,GS,Amerosedum.lanceolatum,11,2.8,28
2017,Gothic.Spires,GS,Amerosedum.lanceolatum,12,1,10
2017,Gothic.Spires,GS,Aster.foliaceus,12,0.8,8
2017,Gothic.Spires,GS,Aster.foliaceus,13,11.7,117
2017,Gothic.Spires,GS,Aster.foliaceus,14,55.6,556
2017,Gothic.Spires,GS,Aster.foliaceus,15,30.1,301
2017,Gothic.Spires,GS,Campanula.rotundifolia,11,0.9,9
2017,Gothic.Spires,GS,Campanula.rotundifolia,12,0.2,2
2017,Gothic.Spires,GS,Campanula.rotundifolia,13,0.2,2
2017,Gothic.Spires,GS,Campanula.rotundifolia,15,0.1,1
2017,Gothic.Spires,GS,Castilleja.sulphurea,7,0.1,1
2017,Gothic.Spires,GS,Castilleja.sulphurea,8,0.3,3
2017,Gothic.Spires,GS,Castilleja.sulphurea,9,0.6,6
2017,Gothic.Spires,GS,Castilleja.sulphurea,10,1,10
2017,Gothic.Spires,GS,Castilleja.sulphurea,11,1.3,13
2017,Gothic.Spires,GS,Castilleja.sulphurea,12,0.8,8
2017,Gothic.Spires,GS,Castilleja.sulphurea,13,1.3,13
2017,Gothic.Spires,GS,Castilleja.sulphurea,14,0.6,6
2017,Gothic.Spires,GS,Cirsium.parryi,12,0.2,2
2017,Gothic.Spires,GS,Claytonia.lanceolata,1,0.1,1
2017,Gothic.Spires,GS,Claytonia.lanceolata,2,0.9,9
2017,Gothic.Spires,GS,Claytonia.lanceolata,3,548.5,5485
2017,Gothic.Spires,GS,Claytonia.lanceolata,4,84.8,848
2017,Gothic.Spires,GS,Claytonia.lanceolata,5,1.2,12
2017,Gothic.Spires,GS,Delphinium.barbeyi,9,1.6,16
2017,Gothic.Spires,GS,Delphinium.barbeyi,10,23.3,233
2017,Gothic.Spires,GS,Delphinium.barbeyi,11,44.1,441
2017,Gothic.Spires,GS,Delphinium.barbeyi,12,42.4,424
2017,Gothic.Spires,GS,Delphinium.barbeyi,13,20.099999999999998,201
2017,Gothic.Spires,GS,Delphinium.barbeyi,14,0.9,9
2017,Gothic.Spires,GS,Delphinium.nuttallianum,5,17.099999999999998,171
2017,Gothic.Spires,GS,Delphinium.nuttallianum,6,52.9,529
2017,Gothic.Spires,GS,Delphinium.nuttallianum,7,17,170
2017,Gothic.Spires,GS,Delphinium.nuttallianum,8,1.2,12
2017,Gothic.Spires,GS,Dodecatheon.pulchellum,6,14.100000000000001,141
2017,Gothic.Spires,GS,Dodecatheon.pulchellum,7,40.1,401
2017,Gothic.Spires,GS,Dodecatheon.pulchellum,8,16.6,166
2017,Gothic.Spires,GS,Dodecatheon.pulchellum,9,0.5,5
2017,Gothic.Spires,GS,Draba.aurea,4,0.4,4
2017,Gothic.Spires,GS,Draba.aurea,5,3.4,34
2017,Gothic.Spires,GS,Draba.aurea,6,8.9,89
2017,Gothic.Spires,GS,Draba.aurea,7,6.3,63
2017,Gothic.Spires,GS,Eremogone.congesta,8,1.2,12
2017,Gothic.Spires,GS,Eremogone.congesta,9,27.9,279
2017,Gothic.Spires,GS,Eremogone.congesta,10,58.1,581
2017,Gothic.Spires,GS,Eremogone.congesta,11,66.8,668
2017,Gothic.Spires,GS,Eremogone.congesta,12,38.4,384
2017,Gothic.Spires,GS,Eremogone.congesta,13,14.6,146
2017,Gothic.Spires,GS,Eremogone.congesta,14,6.3,63
2017,Gothic.Spires,GS,Erigeron.coulteri,10,0.6,6
2017,Gothic.Spires,GS,Erigeron.elatior,9,0.4,4
2017,Gothic.Spires,GS,Erigeron.elatior,10,0.8,8
2017,Gothic.Spires,GS,Erigeron.elatior,11,2.9,29
2017,Gothic.Spires,GS,Erigeron.elatior,12,3.5999999999999996,36
2017,Gothic.Spires,GS,Erigeron.elatior,13,1.8,18
2017,Gothic.Spires,GS,Erigeron.elatior,14,0.2,2
2017,Gothic.Spires,GS,Erigeron.elatior,15,0.1,1
2017,Gothic.Spires,GS,Erigeron.speciosus,9,0.30000000000000004,3
2017,Gothic.Spires,GS,Erigeron.speciosus,10,5.8,58
2017,Gothic.Spires,GS,Erigeron.speciosus,11,14.3,143
2017,Gothic.Spires,GS,Erigeron.speciosus,12,13.4,134
2017,Gothic.Spires,GS,Erigeron.speciosus,13,9.7,97
2017,Gothic.Spires,GS,Erigeron.speciosus,14,2.6,26
2017,Gothic.Spires,GS,Erigeron.speciosus,15,0.30000000000000004,3
2017,Gothic.Spires,GS,Erythronium.grandiflorum,3,25.900000000000002,259
2017,Gothic.Spires,GS,Erythronium.grandiflorum,4,9.1,91
2017,Gothic.Spires,GS,Fragaria.virginiana,4,0.2,2
2017,Gothic.Spires,GS,Fragaria.virginiana,5,15.2,152
2017,Gothic.Spires,GS,Fragaria.virginiana,6,32.2,322
2017,Gothic.Spires,GS,Fragaria.virginiana,7,10.9,109
2017,Gothic.Spires,GS,Fragaria.virginiana,8,0.8,8
2017,Gothic.Spires,GS,Gentianopsis.thermalis,13,0.1,1
2017,Gothic.Spires,GS,Geranium.richardsonii,7,11.4,114
2017,Gothic.Spires,GS,Geranium.richardsonii,8,3.8,38
2017,Gothic.Spires,GS,Geranium.richardsonii,9,3.6999999999999997,37
2017,Gothic.Spires,GS,Geranium.richardsonii,10,1.2,12
2017,Gothic.Spires,GS,Geranium.richardsonii,11,0.5,5
2017,Gothic.Spires,GS,Geranium.richardsonii,12,0.1,1
2017,Gothic.Spires,GS,Geum.aleppicum,7,0.5,5
2017,Gothic.Spires,GS,Geum.aleppicum,8,2.7,27
2017,Gothic.Spires,GS,Geum.aleppicum,9,2.1,21
2017,Gothic.Spires,GS,Helianthella.quinquenervis,9,0.1,1
2017,Gothic.Spires,GS,Helianthella.quinquenervis,10,0.1,1
2017,Gothic.Spires,GS,Helianthella.quinquenervis,11,1.1,11
2017,Gothic.Spires,GS,Helianthella.quinquenervis,12,0.4,4
2017,Gothic.Spires,GS,Heliomeris.multiflora,10,1,10
2017,Gothic.Spires,GS,Heliomeris.multiflora,11,2.8,28
2017,Gothic.Spires,GS,Heliomeris.multiflora,12,5.8,58
2017,Gothic.Spires,GS,Heliomeris.multiflora,13,28.7,287
2017,Gothic.Spires,GS,Heliomeris.multiflora,14,31.700000000000003,317
2017,Gothic.Spires,GS,Heliomeris.multiflora,15,75.7,757
2017,Gothic.Spires,GS,Heliomeris.multiflora,16,5,50
2017,Gothic.Spires,GS,Heracleum.sphondylium,7,0.1,1
2017,Gothic.Spires,GS,Heracleum.sphondylium,8,0.30000000000000004,3
2017,Gothic.Spires,GS,Heracleum.sphondylium,9,1.5,15
2017,Gothic.Spires,GS,Heracleum.sphondylium,10,1.6,16
2017,Gothic.Spires,GS,Heracleum.sphondylium,11,1.1,11
2017,Gothic.Spires,GS,Hydrophyllum.capitatum,4,3.3,33
2017,Gothic.Spires,GS,Hydrophyllum.capitatum,5,29.400000000000002,294
2017,Gothic.Spires,GS,Hydrophyllum.capitatum,6,5.3999999999999995,54
2017,Gothic.Spires,GS,Hydrophyllum.capitatum,7,4.6,46
2017,Gothic.Spires,GS,Hydrophyllum.fendleri,5,0.6,6
2017,Gothic.Spires,GS,Hydrophyllum.fendleri,6,6.699999999999999,67
2017,Gothic.Spires,GS,Hydrophyllum.fendleri,7,5,50
2017,Gothic.Spires,GS,Hydrophyllum.fendleri,8,1.6,16
2017,Gothic.Spires,GS,Hydrophyllum.fendleri,9,0.2,2
2017,Gothic.Spires,GS,Lathyrus.leucanthus,5,0.3,3
2017,Gothic.Spires,GS,Lathyrus.leucanthus,6,16.4,164
2017,Gothic.Spires,GS,Lathyrus.leucanthus,7,44.3,443
2017,Gothic.Spires,GS,Lathyrus.leucanthus,8,20.6,206
2017,Gothic.Spires,GS,Lathyrus.leucanthus,9,2.6,26
2017,Gothic.Spires,GS,Ligularia.bigelovii,11,1.5,15
2017,Gothic.Spires,GS,Ligularia.bigelovii,12,1.5,15
2017,Gothic.Spires,GS,Ligularia.bigelovii,13,1.6,16
2017,Gothic.Spires,GS,Ligusticum.porteri,9,9.8,98
2017,Gothic.Spires,GS,Ligusticum.porteri,10,11.2,112
2017,Gothic.Spires,GS,Ligusticum.porteri,11,12.4,124
2017,Gothic.Spires,GS,Ligusticum.porteri,12,1.8,18
2017,Gothic.Spires,GS,Ligusticum.porteri,13,0.1,1
2017,Gothic.Spires,GS,Limnorchis.hyperborea,8,1.7,17
2017,Gothic.Spires,GS,Limnorchis.hyperborea,10,1.4,14
2017,Gothic.Spires,GS,Lupinus.bakeri,10,0.5,5
2017,Gothic.Spires,GS,Maianthemum.stellatum,7,1,10
2017,Gothic.Spires,GS,Maianthemum.stellatum,8,0.3,3
2017,Gothic.Spires,GS,Mertensia.ciliata,6,9.4,94
2017,Gothic.Spires,GS,Mertensia.ciliata,7,40.199999999999996,402
2017,Gothic.Spires,GS,Mertensia.ciliata,8,54.1,541
2017,Gothic.Spires,GS,Mertensia.ciliata,9,38,380
2017,Gothic.Spires,GS,Mertensia.ciliata,10,25.8,258
2017,Gothic.Spires,GS,Mertensia.ciliata,11,5.7,57
2017,Gothic.Spires,GS,Mertensia.ciliata,12,0.3,3
2017,Gothic.Spires,GS,Mertensia.fusiformis,3,0.1,1
2017,Gothic.Spires,GS,Mertensia.fusiformis,4,44.3,443
2017,Gothic.Spires,GS,Mertensia.fusiformis,5,30.8,308
2017,Gothic.Spires,GS,Mertensia.fusiformis,6,4,40
2017,Gothic.Spires,GS,Pentaphylloides.floribunda,8,2.4,24
2017,Gothic.Spires,GS,Pentaphylloides.floribunda,9,3.7,37
2017,Gothic.Spires,GS,Pentaphylloides.floribunda,10,5.3,53
2017,Gothic.Spires,GS,Pentaphylloides.floribunda,11,5.4,54
2017,Gothic.Spires,GS,Pentaphylloides.floribunda,12,7.5,75
2017,Gothic.Spires,GS,Pentaphylloides.floribunda,13,5.199999999999999,52
2017,Gothic.Spires,GS,Pentaphylloides.floribunda,14,3.5,35
2017,Gothic.Spires,GS,Potentilla.pulcherrima,6,0.5,5
2017,Gothic.Spires,GS,Potentilla.pulcherrima,7,10.200000000000001,102
2017,Gothic.Spires,GS,Potentilla.pulcherrima,8,66.1,661
2017,Gothic.Spires,GS,Potentilla.pulcherrima,9,133.9,1339
2017,Gothic.Spires,GS,Potentilla.pulcherrima,10,128.7,1287
2017,Gothic.Spires,GS,Potentilla.pulcherrima,11,103,1030
2017,Gothic.Spires,GS,Potentilla.pulcherrima,12,37.5,375
2017,Gothic.Spires,GS,Potentilla.pulcherrima,13,10,100
2017,Gothic.Spires,GS,Potentilla.pulcherrima,14,1.1,11
2017,Gothic.Spires,GS,Potentilla.pulcherrima,16,0.1,1
2017,Gothic.Spires,GS,Prunella.vulgaris,9,10.6,106
2017,Gothic.Spires,GS,Prunella.vulgaris,10,3,30
2017,Gothic.Spires,GS,Pseudocymopterus.montanus,4,1.1,11
2017,Gothic.Spires,GS,Pseudocymopterus.montanus,5,1.2999999999999998,13
2017,Gothic.Spires,GS,Pseudocymopterus.montanus,6,2.1,21
2017,Gothic.Spires,GS,Pseudocymopterus.montanus,7,5.6,56
2017,Gothic.Spires,GS,Pseudocymopterus.montanus,8,2,20
2017,Gothic.Spires,GS,Pseudocymopterus.montanus,9,0.2,2
2017,Gothic.Spires,GS,Pseudocymopterus.montanus,14,0.1,1
2017,Gothic.Spires,GS,Pyrrocoma.crocea,9,0.4,4
2017,Gothic.Spires,GS,Ranunculus.inamoenus,4,2.8,28
2017,Gothic.Spires,GS,Ranunculus.inamoenus,5,0.2,2
2017,Gothic.Spires,GS,Salix.sp,3,0.7,7
2017,Gothic.Spires,GS,Salix.sp,4,4.8,48
2017,Gothic.Spires,GS,Senecio.integerrimus,5,0.1,1
2017,Gothic.Spires,GS,Senecio.integerrimus,6,30.099999999999998,301
2017,Gothic.Spires,GS,Senecio.integerrimus,7,42.9,429
2017,Gothic.Spires,GS,Senecio.integerrimus,8,7.2,72
2017,Gothic.Spires,GS,Senecio.integerrimus,9,0.8,8
2017,Gothic.Spires,GS,Senecio.serra,12,0.6,6
2017,Gothic.Spires,GS,Senecio.serra,13,5.5,55
2017,Gothic.Spires,GS,Solidago.multiradiata,9,1.2,12
2017,Gothic.Spires,GS,Solidago.multiradiata,10,12.6,126
2017,Gothic.Spires,GS,Solidago.multiradiata,11,24.9,249
2017,Gothic.Spires,GS,Solidago.multiradiata,12,21.3,213
2017,Gothic.Spires,GS,Solidago.multiradiata,13,25,250
2017,Gothic.Spires,GS,Solidago.multiradiata,14,5.1000000000000005,51
2017,Gothic.Spires,GS,Solidago.multiradiata,15,1.2,12
2017,Gothic.Spires,GS,Solidago.multiradiata,16,0.4,4
2017,Gothic.Spires,GS,Taraxacum.officinale,4,0.7000000000000001,7
2017,Gothic.Spires,GS,Taraxacum.officinale,5,84.2,842
2017,Gothic.Spires,GS,Taraxacum.officinale,6,55.9,559
2017,Gothic.Spires,GS,Taraxacum.officinale,7,5.55,55.5
2017,Gothic.Spires,GS,Taraxacum.officinale,8,0.2,2
2017,Gothic.Spires,GS,Taraxacum.officinale,9,0.1,1
2017,Gothic.Spires,GS,Taraxacum.officinale,14,0.4,4
2017,Gothic.Spires,GS,Trifolium.pratense,10,0.5,5
2017,Gothic.Spires,GS,Trifolium.pratense,11,0.7999999999999999,8
2017,Gothic.Spires,GS,Trifolium.pratense,12,1.5,15
2017,Gothic.Spires,GS,Trifolium.pratense,13,0.8999999999999999,9
2017,Gothic.Spires,GS,Trifolium.pratense,14,2,20
2017,Gothic.Spires,GS,Trifolium.pratense,15,1,10
2017,Gothic.Spires,GS,Trifolium.pratense,16,0.3,3
2017,Gothic.Spires,GS,Trifolium.repens,10,0.1,1
2017,Gothic.Spires,GS,Trifolium.repens,11,0.1,1
2017,Gothic.Spires,GS,Trifolium.repens,12,0.3,3
2017,Gothic.Spires,GS,Trifolium.repens,13,1.4000000000000001,14
2017,Gothic.Spires,GS,Trifolium.repens,15,0.7,7
2017,Gothic.Spires,GS,Trifolium.repens,16,0.4,4
2017,Gothic.Spires,GS,Valeriana.occidentalis,4,0.6000000000000001,6
2017,Gothic.Spires,GS,Valeriana.occidentalis,5,1.5,15
2017,Gothic.Spires,GS,Valeriana.occidentalis,6,1.6,16
2017,Gothic.Spires,GS,Valeriana.occidentalis,7,1.7000000000000002,17
2017,Gothic.Spires,GS,Valeriana.occidentalis,8,0.3,3
2017,Gothic.Spires,GS,Vicia.americana,6,0.1,1
2017,Gothic.Spires,GS,Vicia.americana,7,2.7,27
2017,Gothic.Spires,GS,Vicia.americana,8,10.3,103
2017,Gothic.Spires,GS,Vicia.americana,9,12,120
2017,Gothic.Spires,GS,Vicia.americana,10,16.7,167
2017,Gothic.Spires,GS,Vicia.americana,11,7.7,77
2017,Gothic.Spires,GS,Vicia.americana,12,1.6,16
2017,Gothic.Spires,GS,Vicia.americana,13,0.5,5
2017,Gothic.Spires,GS,Viola.adunca,5,0.4,4
2017,Gothic.Spires,GS,Viola.adunca,6,0.3,3
2017,Gothic.Spires,GS,Viola.praemorsa,4,5.4,54
2017,Gothic.Spires,GS,Viola.praemorsa,5,19.2,192
2017,Gothic.Spires,GS,Viola.praemorsa,6,0.1,1
2017,Rosy.Hills,RH,Achillea.millefolium,8,0.1,1
2017,Rosy.Hills,RH,Achillea.millefolium,9,0.2,2
2017,Rosy.Hills,RH,Achillea.millefolium,10,0.4,4
2017,Rosy.Hills,RH,Achillea.millefolium,11,0.4,4
2017,Rosy.Hills,RH,Achillea.millefolium,12,1,10
2017,Rosy.Hills,RH,Achillea.millefolium,13,0.7,7
2017,Rosy.Hills,RH,Achillea.millefolium,14,0.1,1
2017,Rosy.Hills,RH,Aconitum.columbianum,8,4.6,46
2017,Rosy.Hills,RH,Aconitum.columbianum,9,9.2,92
2017,Rosy.Hills,RH,Aconitum.columbianum,10,6.9,69
2017,Rosy.Hills,RH,Aconitum.columbianum,11,3.1,31
2017,Rosy.Hills,RH,Aconitum.columbianum,12,0.5,5
2017,Rosy.Hills,RH,Adenolinum.lewisii,6,0.7999999999999999,8
2017,Rosy.Hills,RH,Adenolinum.lewisii,7,6.2,62
2017,Rosy.Hills,RH,Adenolinum.lewisii,8,2.9,29
2017,Rosy.Hills,RH,Agastache.urticifolia,9,0.1,1
2017,Rosy.Hills,RH,Agastache.urticifolia,10,0.5,5
2017,Rosy.Hills,RH,Agastache.urticifolia,11,0.4,4
2017,Rosy.Hills,RH,Calochortus.gunnisonii,9,0.1,1
2017,Rosy.Hills,RH,Calochortus.gunnisonii,11,0.2,2
2017,Rosy.Hills,RH,Calochortus.gunnisonii,12,0.1,1
2017,Rosy.Hills,RH,Campanula.rotundifolia,11,0.3,3
2017,Rosy.Hills,RH,Chrysothamnus.viscidiflorus,14,3.5,35
2017,Rosy.Hills,RH,Chrysothamnus.viscidiflorus,15,2.3,23
2017,Rosy.Hills,RH,Cirsium.parryi,13,0.7999999999999999,8
2017,Rosy.Hills,RH,Cirsium.parryi,14,0.3,3
2017,Rosy.Hills,RH,Claytonia.lanceolata,1,3,30
2017,Rosy.Hills,RH,Claytonia.lanceolata,2,198.8,1988
2017,Rosy.Hills,RH,Claytonia.lanceolata,3,392.5,3925
2017,Rosy.Hills,RH,Claytonia.lanceolata,4,1.7,17
2017,Rosy.Hills,RH,Delphinium.barbeyi,8,1.5,15
2017,Rosy.Hills,RH,Delphinium.barbeyi,9,23.6,236
2017,Rosy.Hills,RH,Delphinium.barbeyi,10,42.3,423
2017,Rosy.Hills,RH,Delphinium.barbeyi,11,16.7,167
2017,Rosy.Hills,RH,Delphinium.barbeyi,12,6.7,67
2017,Rosy.Hills,RH,Delphinium.nuttallianum,3,0.1,1
2017,Rosy.Hills,RH,Delphinium.nuttallianum,4,38.199999999999996,382
2017,Rosy.Hills,RH,Delphinium.nuttallianum,5,59.5,595
2017,Rosy.Hills,RH,Delphinium.nuttallianum,6,4,40
2017,Rosy.Hills,RH,Delphinium.nuttallianum,7,0.1,1
2017,Rosy.Hills,RH,Dugaldia.hoopesii,8,1.8,18
2017,Rosy.Hills,RH,Dugaldia.hoopesii,9,2.6,26
2017,Rosy.Hills,RH,Dugaldia.hoopesii,10,2.9,29
2017,Rosy.Hills,RH,Dugaldia.hoopesii,11,0.4,4
2017,Rosy.Hills,RH,Eremogone.congesta,6,0.2,2
2017,Rosy.Hills,RH,Eremogone.congesta,7,29.3,293
2017,Rosy.Hills,RH,Eremogone.congesta,8,245.3,2453
2017,Rosy.Hills,RH,Eremogone.congesta,9,129.7,1297
2017,Rosy.Hills,RH,Eremogone.congesta,10,26.6,266
2017,Rosy.Hills,RH,Eremogone.congesta,11,9.2,92
2017,Rosy.Hills,RH,Eremogone.congesta,12,14.5,145
2017,Rosy.Hills,RH,Eremogone.congesta,13,4,40
2017,Rosy.Hills,RH,Eremogone.congesta,14,0.3,3
2017,Rosy.Hills,RH,Ericameria.parryi,10,1.3,13
2017,Rosy.Hills,RH,Ericameria.parryi,11,1.1,11
2017,Rosy.Hills,RH,Ericameria.parryi,12,7.9,79
2017,Rosy.Hills,RH,Ericameria.parryi,13,23.299999999999997,233
2017,Rosy.Hills,RH,Ericameria.parryi,14,35.2,352
2017,Rosy.Hills,RH,Ericameria.parryi,15,12.2,122
2017,Rosy.Hills,RH,Ericameria.parryi,16,0.2,2
2017,Rosy.Hills,RH,Erigeron.elatior,9,0.1,1
2017,Rosy.Hills,RH,Erigeron.elatior,10,1.9,19
2017,Rosy.Hills,RH,Erigeron.elatior,11,4.6,46
2017,Rosy.Hills,RH,Erigeron.elatior,12,5.6000000000000005,56
2017,Rosy.Hills,RH,Erigeron.elatior,13,1,10
2017,Rosy.Hills,RH,Erigeron.speciosus,8,0.5,5
2017,Rosy.Hills,RH,Erigeron.speciosus,9,4.8,48
2017,Rosy.Hills,RH,Erigeron.speciosus,10,19.7,197
2017,Rosy.Hills,RH,Erigeron.speciosus,11,31.400000000000002,314
2017,Rosy.Hills,RH,Erigeron.speciosus,12,23.2,232
2017,Rosy.Hills,RH,Erigeron.speciosus,13,6.1,61
2017,Rosy.Hills,RH,Eriogonum.subalpinum,7,5,50
2017,Rosy.Hills,RH,Eriogonum.subalpinum,8,4.8,48
2017,Rosy.Hills,RH,Eriogonum.subalpinum,9,4.4,44
2017,Rosy.Hills,RH,Eriogonum.subalpinum,10,3.9,39
2017,Rosy.Hills,RH,Eriogonum.subalpinum,11,3.2,32
2017,Rosy.Hills,RH,Eriogonum.subalpinum,12,2.5,25
2017,Rosy.Hills,RH,Eriogonum.umbellatum,6,12.7,127
2017,Rosy.Hills,RH,Eriogonum.umbellatum,7,34.9,349
2017,Rosy.Hills,RH,Eriogonum.umbellatum,8,40.4,404
2017,Rosy.Hills,RH,Eriogonum.umbellatum,9,37.9,379
2017,Rosy.Hills,RH,Eriogonum.umbellatum,10,38.4,384
2017,Rosy.Hills,RH,Eriogonum.umbellatum,11,32.5,325
2017,Rosy.Hills,RH,Eriogonum.umbellatum,12,20.3,203
2017,Rosy.Hills,RH,Eriogonum.umbellatum,14,0.1,1
2017,Rosy.Hills,RH,Eriogonum.umbellatum,15,0.1,1
2017,Rosy.Hills,RH,Erysimum.capitatum,6,0.1,1
2017,Rosy.Hills,RH,Erysimum.capitatum,7,8.9,89
2017,Rosy.Hills,RH,Erythrocoma.triflora,4,0.1,1
2017,Rosy.Hills,RH,Erythrocoma.triflora,7,0.2,2
2017,Rosy.Hills,RH,Erythrocoma.triflora,8,0.4,4
2017,Rosy.Hills,RH,Erythrocoma.triflora,9,0.9,9
2017,Rosy.Hills,RH,Eucephalus.engelmannii,10,0.30000000000000004,3
2017,Rosy.Hills,RH,Eucephalus.engelmannii,11,0.5,5
2017,Rosy.Hills,RH,Eucephalus.engelmannii,12,0.1,1
2017,Rosy.Hills,RH,Eucephalus.engelmannii,13,0.7,7
2017,Rosy.Hills,RH,Geranium.richardsonii,7,0.3,3
2017,Rosy.Hills,RH,Geranium.richardsonii,8,0.4,4
2017,Rosy.Hills,RH,Geranium.richardsonii,9,0.2,2
2017,Rosy.Hills,RH,Geranium.richardsonii,10,0.2,2
2017,Rosy.Hills,RH,Geum.aleppicum,7,0.1,1
2017,Rosy.Hills,RH,Geum.aleppicum,9,0.1,1
2017,Rosy.Hills,RH,Helianthella.quinquenervis,8,0.6,6
2017,Rosy.Hills,RH,Helianthella.quinquenervis,9,14.5,145
2017,Rosy.Hills,RH,Helianthella.quinquenervis,10,5.2,52
2017,Rosy.Hills,RH,Helianthella.quinquenervis,11,1.6,16
2017,Rosy.Hills,RH,Helianthella.quinquenervis,12,1.1,11
2017,Rosy.Hills,RH,Helianthella.quinquenervis,13,0.30000000000000004,3
2017,Rosy.Hills,RH,Heliomeris.multiflora,13,0.5,5
2017,Rosy.Hills,RH,Heliomeris.multiflora,14,7.7,77
2017,Rosy.Hills,RH,Heliomeris.multiflora,15,8.6,86
2017,Rosy.Hills,RH,Heliomeris.multiflora,16,1.8,18
2017,Rosy.Hills,RH,Heracleum.sphondylium,8,1.5,15
2017,Rosy.Hills,RH,Heracleum.sphondylium,9,4.1,41
2017,Rosy.Hills,RH,Heracleum.sphondylium,10,4.6,46
2017,Rosy.Hills,RH,Heracleum.sphondylium,11,1,10
2017,Rosy.Hills,RH,Hydrophyllum.fendleri,4,1,10
2017,Rosy.Hills,RH,Hydrophyllum.fendleri,5,11.4,114
2017,Rosy.Hills,RH,Hydrophyllum.fendleri,6,25.8,258
2017,Rosy.Hills,RH,Hydrophyllum.fendleri,7,3.9,39
2017,Rosy.Hills,RH,Lathyrus.leucanthus,4,1.1,11
2017,Rosy.Hills,RH,Lathyrus.leucanthus,5,25.299999999999997,253
2017,Rosy.Hills,RH,Lathyrus.leucanthus,6,30.7,307
2017,Rosy.Hills,RH,Lathyrus.leucanthus,7,9.4,94
2017,Rosy.Hills,RH,Lathyrus.leucanthus,8,0.2,2
2017,Rosy.Hills,RH,Ligusticum.porteri,9,3.8,38
2017,Rosy.Hills,RH,Ligusticum.porteri,10,11.1,111
2017,Rosy.Hills,RH,Ligusticum.porteri,11,9.8,98
2017,Rosy.Hills,RH,Ligusticum.porteri,12,1.8,18
2017,Rosy.Hills,RH,Lupinus.bakeri,5,0.30000000000000004,3
2017,Rosy.Hills,RH,Lupinus.bakeri,6,69.6,696
2017,Rosy.Hills,RH,Lupinus.bakeri,7,97.7,977
2017,Rosy.Hills,RH,Lupinus.bakeri,8,50.300000000000004,503
2017,Rosy.Hills,RH,Lupinus.bakeri,9,0.9,9
2017,Rosy.Hills,RH,Mahonia.repens,3,0.5,5
2017,Rosy.Hills,RH,Mahonia.repens,4,1.7,17
2017,Rosy.Hills,RH,Mertensia.fusiformis,2,1.7000000000000002,17
2017,Rosy.Hills,RH,Mertensia.fusiformis,3,150,1500
2017,Rosy.Hills,RH,Mertensia.fusiformis,4,71.7,717
2017,Rosy.Hills,RH,Mertensia.fusiformis,5,6.7,67
2017,Rosy.Hills,RH,Noccaea.fendleri,3,0.8,8
2017,Rosy.Hills,RH,Noccaea.fendleri,4,0.5,5
2017,Rosy.Hills,RH,Noccaea.fendleri,5,0.2,2
2017,Rosy.Hills,RH,Pentaphylloides.floribunda,10,1.4,14
2017,Rosy.Hills,RH,Pentaphylloides.floribunda,11,2.5,25
2017,Rosy.Hills,RH,Pentaphylloides.floribunda,12,1.2,12
2017,Rosy.Hills,RH,Potentilla.pulcherrima,6,1,10
2017,Rosy.Hills,RH,Potentilla.pulcherrima,7,4.1,41
2017,Rosy.Hills,RH,Potentilla.pulcherrima,8,7.3999999999999995,74
2017,Rosy.Hills,RH,Potentilla.pulcherrima,9,4.6,46
2017,Rosy.Hills,RH,Potentilla.pulcherrima,10,3.3,33
2017,Rosy.Hills,RH,Potentilla.pulcherrima,11,1.1,11
2017,Rosy.Hills,RH,Potentilla.pulcherrima,12,0.2,2
2017,Rosy.Hills,RH,Pseudocymopterus.montanus,4,0.4,4
2017,Rosy.Hills,RH,Pseudocymopterus.montanus,5,0.5,5
2017,Rosy.Hills,RH,Pseudocymopterus.montanus,6,0.6000000000000001,6
2017,Rosy.Hills,RH,Pseudocymopterus.montanus,7,0.7,7
2017,Rosy.Hills,RH,Pseudocymopterus.montanus,8,0.2,2
2017,Rosy.Hills,RH,Pyrrocoma.crocea,9,0.1,1
2017,Rosy.Hills,RH,Pyrrocoma.crocea,10,1,10
2017,Rosy.Hills,RH,Pyrrocoma.crocea,11,3.2,32
2017,Rosy.Hills,RH,Pyrrocoma.crocea,12,1.4000000000000001,14
2017,Rosy.Hills,RH,Pyrrocoma.crocea,13,0.1,1
2017,Rosy.Hills,RH,Ranunculus.inamoenus,3,0.7,7
2017,Rosy.Hills,RH,Rosa.woodsii,9,0.1,1
2017,Rosy.Hills,RH,Senecio.integerrimus,4,3.3000000000000003,33
2017,Rosy.Hills,RH,Senecio.integerrimus,5,21.3,213
2017,Rosy.Hills,RH,Senecio.integerrimus,6,24,240
2017,Rosy.Hills,RH,Senecio.integerrimus,7,2.2,22
2017,Rosy.Hills,RH,Senecio.integerrimus,8,0.4,4
2017,Rosy.Hills,RH,Solidago.multiradiata,10,2.3,23
2017,Rosy.Hills,RH,Solidago.multiradiata,11,4.6,46
2017,Rosy.Hills,RH,Solidago.multiradiata,12,3.9,39
2017,Rosy.Hills,RH,Symphoricarpos.rotundifolius,7,34.599999999999994,346
2017,Rosy.Hills,RH,Symphoricarpos.rotundifolius,8,43,430
2017,Rosy.Hills,RH,Taraxacum.officinale,4,0.5,5
2017,Rosy.Hills,RH,Taraxacum.officinale,5,0.1,1
2017,Rosy.Hills,RH,Valeriana.occidentalis,4,3.4,34
2017,Rosy.Hills,RH,Valeriana.occidentalis,5,2.8,28
2017,Rosy.Hills,RH,Valeriana.occidentalis,6,2.5,25
2017,Rosy.Hills,RH,Valeriana.occidentalis,7,0.30000000000000004,3
2017,Rosy.Hills,RH,Vicia.americana,6,0.30000000000000004,3
2017,Rosy.Hills,RH,Vicia.americana,7,5,50
2017,Rosy.Hills,RH,Vicia.americana,8,9.4,94
2017,Rosy.Hills,RH,Vicia.americana,9,0.6000000000000001,6
2017,Rosy.Hills,RH,Vicia.americana,10,0.1,1
2017,Rosy.Hills,RH,Viola.praemorsa,3,0.5,5
2017,Rosy.Hills,RH,Viola.praemorsa,4,0.5,5
2017,Rosy.Hills,RH,Wyethia.arizonica,6,1.5,15
2017,Rosy.Hills,RH,Wyethia.arizonica,7,3.2,32
2017,Rosy.Hills,RH,Wyethia.arizonica,8,1.5,15
2017,Rosy.Hills,RH,Wyethia.arizonica,9,0.3,3
2017,Stormy.Pass,SP,Achillea.millefolium,8,0.1,1
2017,Stormy.Pass,SP,Achillea.millefolium,9,1.2,12
2017,Stormy.Pass,SP,Achillea.millefolium,10,1.8,18
2017,Stormy.Pass,SP,Achillea.millefolium,11,2.8,28
2017,Stormy.Pass,SP,Achillea.millefolium,12,3.3000000000000003,33
2017,Stormy.Pass,SP,Achillea.millefolium,13,2.5,25
2017,Stormy.Pass,SP,Achillea.millefolium,14,3,30
2017,Stormy.Pass,SP,Achillea.millefolium,15,1.8,18
2017,Stormy.Pass,SP,Achillea.millefolium,16,1.2,12
2017,Stormy.Pass,SP,Adenolinum.lewisii,7,0.2,2
2017,Stormy.Pass,SP,Adenolinum.lewisii,8,1.7000000000000002,17
2017,Stormy.Pass,SP,Adenolinum.lewisii,9,0.2,2
2017,Stormy.Pass,SP,Adenolinum.lewisii,10,0.2,2
2017,Stormy.Pass,SP,Adenolinum.lewisii,11,0.1,1
2017,Stormy.Pass,SP,Adenolinum.lewisii,12,0.1,1
2017,Stormy.Pass,SP,Adenolinum.lewisii,13,0.1,1
2017,Stormy.Pass,SP,Adenolinum.lewisii,14,0.1,1
2017,Stormy.Pass,SP,Agoseris.glauca,12,0.3,3
2017,Stormy.Pass,SP,Agoseris.glauca,13,0.3,3
2017,Stormy.Pass,SP,Cirsium.parryi,15,0.1,1
2017,Stormy.Pass,SP,Cirsium.parryi,16,0.2,2
2017,Stormy.Pass,SP,Claytonia.lanceolata,2,0.4,4
2017,Stormy.Pass,SP,Claytonia.lanceolata,3,8.2,82
2017,Stormy.Pass,SP,Claytonia.lanceolata,4,3.8,38
2017,Stormy.Pass,SP,Delphinium.barbeyi,8,3.1,31
2017,Stormy.Pass,SP,Delphinium.barbeyi,9,14.8,148
2017,Stormy.Pass,SP,Delphinium.barbeyi,10,43.9,439
2017,Stormy.Pass,SP,Delphinium.barbeyi,11,19.8,198
2017,Stormy.Pass,SP,Delphinium.barbeyi,12,4.7,47
2017,Stormy.Pass,SP,Delphinium.nuttallianum,4,0.8,8
2017,Stormy.Pass,SP,Delphinium.nuttallianum,5,19.5,195
2017,Stormy.Pass,SP,Delphinium.nuttallianum,6,18.5,185
2017,Stormy.Pass,SP,Delphinium.nuttallianum,7,4.6,46
2017,Stormy.Pass,SP,Delphinium.nuttallianum,8,0.5,5
2017,Stormy.Pass,SP,Dugaldia.hoopesii,7,0.2,2
2017,Stormy.Pass,SP,Dugaldia.hoopesii,8,1.7000000000000002,17
2017,Stormy.Pass,SP,Dugaldia.hoopesii,9,9.2,92
2017,Stormy.Pass,SP,Dugaldia.hoopesii,10,15.8,158
2017,Stormy.Pass,SP,Dugaldia.hoopesii,11,23.8,238
2017,Stormy.Pass,SP,Dugaldia.hoopesii,12,11.8,118
2017,Stormy.Pass,SP,Dugaldia.hoopesii,13,3.1,31
2017,Stormy.Pass,SP,Dugaldia.hoopesii,14,1.8,18
2017,Stormy.Pass,SP,Dugaldia.hoopesii,15,0.7000000000000001,7
2017,Stormy.Pass,SP,Dugaldia.hoopesii,16,0.1,1
2017,Stormy.Pass,SP,Erigeron.coulteri,8,0.1,1
2017,Stormy.Pass,SP,Erigeron.coulteri,10,0.7,7
2017,Stormy.Pass,SP,Erigeron.coulteri,11,1.1,11
2017,Stormy.Pass,SP,Erigeron.coulteri,12,1,10
2017,Stormy.Pass,SP,Erigeron.coulteri,13,0.8999999999999999,9
2017,Stormy.Pass,SP,Erigeron.elatior,9,0.4,4
2017,Stormy.Pass,SP,Erigeron.elatior,10,6.6,66
2017,Stormy.Pass,SP,Erigeron.elatior,11,20.4,204
2017,Stormy.Pass,SP,Erigeron.elatior,12,28.3,283
2017,Stormy.Pass,SP,Erigeron.elatior,13,19.6,196
2017,Stormy.Pass,SP,Erigeron.elatior,14,8.4,84
2017,Stormy.Pass,SP,Erigeron.elatior,15,3.1,31
2017,Stormy.Pass,SP,Erigeron.speciosus,9,0.4,4
2017,Stormy.Pass,SP,Erigeron.speciosus,10,7.3,73
2017,Stormy.Pass,SP,Erigeron.speciosus,11,20.900000000000002,209
2017,Stormy.Pass,SP,Erigeron.speciosus,12,22,220
2017,Stormy.Pass,SP,Erigeron.speciosus,13,14.5,145
2017,Stormy.Pass,SP,Erigeron.speciosus,14,7.4,74
2017,Stormy.Pass,SP,Erigeron.speciosus,15,1,10
2017,Stormy.Pass,SP,Erigeron.speciosus,16,0.2,2
2017,Stormy.Pass,SP,Erythronium.grandiflorum,3,0.2,2
2017,Stormy.Pass,SP,Fragaria.virginiana,4,0.1,1
2017,Stormy.Pass,SP,Fragaria.virginiana,5,1.5,15
2017,Stormy.Pass,SP,Fragaria.virginiana,6,28,280
2017,Stormy.Pass,SP,Fragaria.virginiana,7,6,60
2017,Stormy.Pass,SP,Fragaria.virginiana,8,1.2,12
2017,Stormy.Pass,SP,Fragaria.virginiana,9,0.2,2
2017,Stormy.Pass,SP,Fragaria.virginiana,14,0.1,1
2017,Stormy.Pass,SP,Gentiana.parryi,14,0.1,1
2017,Stormy.Pass,SP,Gentiana.parryi,15,0.30000000000000004,3
2017,Stormy.Pass,SP,Gentiana.parryi,16,0.3,3
2017,Stormy.Pass,SP,Gentianella.acuta,12,1.4,14
2017,Stormy.Pass,SP,Gentianella.acuta,13,0.4,4
2017,Stormy.Pass,SP,Gentianella.acuta,14,6.6,66
2017,Stormy.Pass,SP,Geranium.richardsonii,6,0.5,5
2017,Stormy.Pass,SP,Geranium.richardsonii,7,1.1,11
2017,Stormy.Pass,SP,Geranium.richardsonii,8,2,20
2017,Stormy.Pass,SP,Geranium.richardsonii,9,4.7,47
2017,Stormy.Pass,SP,Geranium.richardsonii,10,1.6,16
2017,Stormy.Pass,SP,Geranium.richardsonii,11,0.9,9
2017,Stormy.Pass,SP,Geranium.richardsonii,12,0.30000000000000004,3
2017,Stormy.Pass,SP,Helianthella.quinquenervis,7,0.2,2
2017,Stormy.Pass,SP,Helianthella.quinquenervis,8,0.4,4
2017,Stormy.Pass,SP,Helianthella.quinquenervis,9,0.7,7
2017,Stormy.Pass,SP,Helianthella.quinquenervis,10,0.6,6
2017,Stormy.Pass,SP,Heliomeris.multiflora,10,0.7,7
2017,Stormy.Pass,SP,Heliomeris.multiflora,11,1.4,14
2017,Stormy.Pass,SP,Heliomeris.multiflora,12,9.7,97
2017,Stormy.Pass,SP,Heliomeris.multiflora,13,24.7,247
2017,Stormy.Pass,SP,Heliomeris.multiflora,14,62.2,622
2017,Stormy.Pass,SP,Heliomeris.multiflora,15,59.599999999999994,596
2017,Stormy.Pass,SP,Heliomeris.multiflora,16,13.8,138
2017,Stormy.Pass,SP,Heracleum.sphondylium,8,0.5,5
2017,Stormy.Pass,SP,Heracleum.sphondylium,9,3.4,34
2017,Stormy.Pass,SP,Heracleum.sphondylium,10,2.3000000000000003,23
2017,Stormy.Pass,SP,Heracleum.sphondylium,11,2.3,23
2017,Stormy.Pass,SP,Hydrophyllum.fendleri,5,0.1,1
2017,Stormy.Pass,SP,Hydrophyllum.fendleri,6,15.4,154
2017,Stormy.Pass,SP,Hydrophyllum.fendleri,7,7.9,79
2017,Stormy.Pass,SP,Hydrophyllum.fendleri,8,1.5,15
2017,Stormy.Pass,SP,Hydrophyllum.fendleri,9,2,20
2017,Stormy.Pass,SP,Lathyrus.leucanthus,5,7.7,77
2017,Stormy.Pass,SP,Lathyrus.leucanthus,6,279.2,2792
2017,Stormy.Pass,SP,Lathyrus.leucanthus,7,324.7,3247
2017,Stormy.Pass,SP,Lathyrus.leucanthus,8,235.5,2355
2017,Stormy.Pass,SP,Lathyrus.leucanthus,9,60.5,605
2017,Stormy.Pass,SP,Lathyrus.leucanthus,10,1.1,11
2017,Stormy.Pass,SP,Ligularia.bigelovii,10,0.1,1
2017,Stormy.Pass,SP,Ligularia.bigelovii,11,7.8,78
2017,Stormy.Pass,SP,Ligularia.bigelovii,12,29.700000000000003,297
2017,Stormy.Pass,SP,Ligularia.bigelovii,13,25.2,252
2017,Stormy.Pass,SP,Ligularia.bigelovii,14,6.3,63
2017,Stormy.Pass,SP,Ligusticum.porteri,9,0.7,7
2017,Stormy.Pass,SP,Ligusticum.porteri,10,1.8,18
2017,Stormy.Pass,SP,Ligusticum.porteri,11,2.1,21
2017,Stormy.Pass,SP,Ligusticum.porteri,12,0.8,8
2017,Stormy.Pass,SP,Maianthemum.stellatum,6,1.7,17
2017,Stormy.Pass,SP,Mertensia.ciliata,6,1,10
2017,Stormy.Pass,SP,Mertensia.ciliata,7,31.7,317
2017,Stormy.Pass,SP,Mertensia.ciliata,8,65.1,651
2017,Stormy.Pass,SP,Mertensia.ciliata,9,106.2,1062
2017,Stormy.Pass,SP,Mertensia.ciliata,10,66.7,667
2017,Stormy.Pass,SP,Mertensia.ciliata,11,16.5,165
2017,Stormy.Pass,SP,Mertensia.ciliata,12,0.7,7
2017,Stormy.Pass,SP,Mertensia.fusiformis,3,24.5,245
2017,Stormy.Pass,SP,Mertensia.fusiformis,4,80.3,803
2017,Stormy.Pass,SP,Mertensia.fusiformis,5,40.1,401
2017,Stormy.Pass,SP,Mertensia.fusiformis,6,4.3,43
2017,Stormy.Pass,SP,Mertensia.fusiformis,7,0.1,1
2017,Stormy.Pass,SP,Noccaea.fendleri,4,4.4,44
2017,Stormy.Pass,SP,Noccaea.fendleri,6,0.3,3
2017,Stormy.Pass,SP,Noccaea.fendleri,7,0.1,1
2017,Stormy.Pass,SP,Pentaphylloides.floribunda,9,0.6,6
2017,Stormy.Pass,SP,Pentaphylloides.floribunda,10,0.6,6
2017,Stormy.Pass,SP,Pentaphylloides.floribunda,14,0.1,1
2017,Stormy.Pass,SP,Potentilla.pulcherrima,6,9.4,94
2017,Stormy.Pass,SP,Potentilla.pulcherrima,7,24.8,248
2017,Stormy.Pass,SP,Potentilla.pulcherrima,8,89.2,892
2017,Stormy.Pass,SP,Potentilla.pulcherrima,9,116.7,1167
2017,Stormy.Pass,SP,Potentilla.pulcherrima,10,123,1230
2017,Stormy.Pass,SP,Potentilla.pulcherrima,11,72,720
2017,Stormy.Pass,SP,Potentilla.pulcherrima,12,39.9,399
2017,Stormy.Pass,SP,Potentilla.pulcherrima,13,12.3,123
2017,Stormy.Pass,SP,Potentilla.pulcherrima,14,2.1,21
2017,Stormy.Pass,SP,Potentilla.pulcherrima,16,0.1,1
2017,Stormy.Pass,SP,Pseudocymopterus.montanus,4,0.7,7
2017,Stormy.Pass,SP,Pseudocymopterus.montanus,5,0.5,5
2017,Stormy.Pass,SP,Pseudocymopterus.montanus,6,3.3,33
2017,Stormy.Pass,SP,Pseudocymopterus.montanus,7,2.5,25
2017,Stormy.Pass,SP,Pseudocymopterus.montanus,8,3.0999999999999996,31
2017,Stormy.Pass,SP,Pseudocymopterus.montanus,9,1.2000000000000002,12
2017,Stormy.Pass,SP,Pseudocymopterus.montanus,10,0.3,3
2017,Stormy.Pass,SP,Ranunculus.inamoenus,3,0.30000000000000004,3
2017,Stormy.Pass,SP,Ranunculus.inamoenus,4,3.5,35
2017,Stormy.Pass,SP,Ranunculus.inamoenus,5,3.8,38
2017,Stormy.Pass,SP,Ranunculus.inamoenus,6,1.1,11
2017,Stormy.Pass,SP,Ranunculus.inamoenus,14,0.1,1
2017,Stormy.Pass,SP,Salix.wolfii,5,10,100
2017,Stormy.Pass,SP,Salix.wolfii,6,1,10
2017,Stormy.Pass,SP,Senecio.serra,12,0.1,1
2017,Stormy.Pass,SP,Solidago.multiradiata,10,2,20
2017,Stormy.Pass,SP,Solidago.multiradiata,11,4,40
2017,Stormy.Pass,SP,Solidago.multiradiata,12,6.6,66
2017,Stormy.Pass,SP,Solidago.multiradiata,13,4.800000000000001,48
2017,Stormy.Pass,SP,Solidago.multiradiata,14,1.8,18
2017,Stormy.Pass,SP,Solidago.multiradiata,16,0.4,4
2017,Stormy.Pass,SP,Taraxacum.officinale,3,0.6,6
2017,Stormy.Pass,SP,Taraxacum.officinale,4,2.4,24
2017,Stormy.Pass,SP,Taraxacum.officinale,5,1.3,13
2017,Stormy.Pass,SP,Taraxacum.officinale,6,1.9,19
2017,Stormy.Pass,SP,Taraxacum.officinale,7,0.8,8
2017,Stormy.Pass,SP,Taraxacum.officinale,8,0.1,1
2017,Stormy.Pass,SP,Vicia.americana,6,0.9,9
2017,Stormy.Pass,SP,Vicia.americana,7,8.1,81
2017,Stormy.Pass,SP,Vicia.americana,8,8.5,85
2017,Stormy.Pass,SP,Vicia.americana,9,8.1,81
2017,Stormy.Pass,SP,Vicia.americana,10,1,10
2017,Stormy.Pass,SP,Vicia.americana,11,0.8,8
2017,Stormy.Pass,SP,Vicia.americana,12,0.2,2
2017,Stormy.Pass,SP,Viola.praemorsa,4,3,30
2017,Stormy.Pass,SP,Viola.praemorsa,5,12.5,125
2017,Stormy.Pass,SP,Viola.praemorsa,6,3,30
2017,Stormy.Pass,SP,Viola.praemorsa,7,0.3,3
2018,Avery.Wash,AW,Achillea.millefolium,12,0.6,6
2018,Avery.Wash,AW,Achillea.millefolium,13,1.6,16
2018,Avery.Wash,AW,Achillea.millefolium,14,1.6,16
2018,Avery.Wash,AW,Achillea.millefolium,15,0.8,8
2018,Avery.Wash,AW,Achillea.millefolium,16,0.6,6
2018,Avery.Wash,AW,Achillea.millefolium,17,0.7,7
2018,Avery.Wash,AW,Achillea.millefolium,18,0.5,5
2018,Avery.Wash,AW,Adenolinum.lewisii,9,0.7,7
2018,Avery.Wash,AW,Adenolinum.lewisii,11,0.2,2
2018,Avery.Wash,AW,Agastache.urticifolia,11,1.1,11
2018,Avery.Wash,AW,Agoseris.aurantiaca,11,0.2,2
2018,Avery.Wash,AW,Agoseris.aurantiaca,12,0.6000000000000001,6
2018,Avery.Wash,AW,Agoseris.aurantiaca,14,2.3,23
2018,Avery.Wash,AW,Agoseris.aurantiaca,16,0.1,1
2018,Avery.Wash,AW,Agoseris.aurantiaca,17,0.1,1
2018,Avery.Wash,AW,Agoseris.glauca,11,0.4,4
2018,Avery.Wash,AW,Agoseris.glauca,12,0.30000000000000004,3
2018,Avery.Wash,AW,Agoseris.glauca,14,0.1,1
2018,Avery.Wash,AW,Aquilegia.coerulea,9,0.7,7
2018,Avery.Wash,AW,Aquilegia.coerulea,10,0.9,9
2018,Avery.Wash,AW,Aquilegia.coerulea,11,0.7000000000000001,7
2018,Avery.Wash,AW,Aquilegia.coerulea,12,0.2,2
2018,Avery.Wash,AW,Aquilegia.coerulea,13,0.1,1
2018,Avery.Wash,AW,Arnica.cordifolia,11,1.7,17
2018,Avery.Wash,AW,Arnica.cordifolia,12,1.7,17
2018,Avery.Wash,AW,Arnica.parryi,9,0.1,1
2018,Avery.Wash,AW,Arnica.parryi,10,0.7,7
2018,Avery.Wash,AW,Arnica.parryi,13,2.4,24
2018,Avery.Wash,AW,Arnica.parryi,14,1.4,14
2018,Avery.Wash,AW,Cirsium.parryi,13,0.1,1
2018,Avery.Wash,AW,Cirsium.parryi,14,0.5,5
2018,Avery.Wash,AW,Cirsium.parryi,15,0.1,1
2018,Avery.Wash,AW,Claytonia.lanceolata,3,90.9,909
2018,Avery.Wash,AW,Claytonia.lanceolata,4,120.1,1201
2018,Avery.Wash,AW,Claytonia.lanceolata,5,23.1,231
2018,Avery.Wash,AW,Claytonia.lanceolata,6,2.5,25
2018,Avery.Wash,AW,Delphinium.barbeyi,11,3.5,35
2018,Avery.Wash,AW,Delphinium.barbeyi,12,35.800000000000004,358
2018,Avery.Wash,AW,Delphinium.barbeyi,13,22.400000000000002,224
2018,Avery.Wash,AW,Delphinium.barbeyi,14,2.7,27
2018,Avery.Wash,AW,Delphinium.nuttallianum,6,1,10
2018,Avery.Wash,AW,Delphinium.nuttallianum,7,6.2,62
2018,Avery.Wash,AW,Delphinium.nuttallianum,8,6,60
2018,Avery.Wash,AW,Delphinium.nuttallianum,9,0.1,1
2018,Avery.Wash,AW,Draba.aurea,6,0.3,3
2018,Avery.Wash,AW,Draba.aurea,7,0.5,5
2018,Avery.Wash,AW,Draba.aurea,8,0.5,5
2018,Avery.Wash,AW,Dugaldia.hoopesii,9,0.6000000000000001,6
2018,Avery.Wash,AW,Dugaldia.hoopesii,10,1.5,15
2018,Avery.Wash,AW,Dugaldia.hoopesii,11,2.8000000000000003,28
2018,Avery.Wash,AW,Dugaldia.hoopesii,12,3.1,31
2018,Avery.Wash,AW,Dugaldia.hoopesii,13,3,30
2018,Avery.Wash,AW,Dugaldia.hoopesii,14,0.8,8
2018,Avery.Wash,AW,Erigeron.elatior,9,0.1,1
2018,Avery.Wash,AW,Erigeron.elatior,10,0.9,9
2018,Avery.Wash,AW,Erigeron.elatior,11,5,50
2018,Avery.Wash,AW,Erigeron.elatior,12,23.9,239
2018,Avery.Wash,AW,Erigeron.elatior,13,22.3,223
2018,Avery.Wash,AW,Erigeron.elatior,14,15.700000000000001,157
2018,Avery.Wash,AW,Erigeron.elatior,15,4.9,49
2018,Avery.Wash,AW,Erigeron.elatior,16,0.30000000000000004,3
2018,Avery.Wash,AW,Erigeron.speciosus,11,0.9,9
2018,Avery.Wash,AW,Erigeron.speciosus,12,3.1,31
2018,Avery.Wash,AW,Erigeron.speciosus,13,7.3999999999999995,74
2018,Avery.Wash,AW,Erigeron.speciosus,14,6.7,67
2018,Avery.Wash,AW,Erigeron.speciosus,15,1.7,17
2018,Avery.Wash,AW,Erigeron.speciosus,16,0.1,1
2018,Avery.Wash,AW,Erythronium.grandiflorum,5,0.2,2
2018,Avery.Wash,AW,Erythronium.grandiflorum,6,0.1,1
2018,Avery.Wash,AW,Fragaria.virginiana,4,0.3,3
2018,Avery.Wash,AW,Fragaria.virginiana,5,12.600000000000001,126
2018,Avery.Wash,AW,Fragaria.virginiana,6,40.1,401
2018,Avery.Wash,AW,Fragaria.virginiana,7,86.9,869
2018,Avery.Wash,AW,Fragaria.virginiana,8,12.4,124
2018,Avery.Wash,AW,Fragaria.virginiana,9,1.4,14
2018,Avery.Wash,AW,Fragaria.virginiana,10,0.1,1
2018,Avery.Wash,AW,Gentiana.parryi,16,0.1,1
2018,Avery.Wash,AW,Geranium.richardsonii,8,0.5,5
2018,Avery.Wash,AW,Geranium.richardsonii,9,1.6,16
2018,Avery.Wash,AW,Geranium.richardsonii,10,1.6,16
2018,Avery.Wash,AW,Geranium.richardsonii,11,1,10
2018,Avery.Wash,AW,Geranium.richardsonii,12,0.5,5
2018,Avery.Wash,AW,Geranium.richardsonii,14,0.1,1
2018,Avery.Wash,AW,Geum.aleppicum,10,0.1,1
2018,Avery.Wash,AW,Geum.aleppicum,11,0.3,3
2018,Avery.Wash,AW,Helianthella.quinquenervis,9,0.3,3
2018,Avery.Wash,AW,Helianthella.quinquenervis,10,0.6,6
2018,Avery.Wash,AW,Helianthella.quinquenervis,11,2.4,24
2018,Avery.Wash,AW,Helianthella.quinquenervis,12,1.9,19
2018,Avery.Wash,AW,Heliomeris.multiflora,11,0.1,1
2018,Avery.Wash,AW,Heliomeris.multiflora,12,0.7,7
2018,Avery.Wash,AW,Heliomeris.multiflora,13,2.7,27
2018,Avery.Wash,AW,Heliomeris.multiflora,14,7.7,77
2018,Avery.Wash,AW,Heliomeris.multiflora,15,8.3,83
2018,Avery.Wash,AW,Heliomeris.multiflora,16,6.9,69
2018,Avery.Wash,AW,Heliomeris.multiflora,17,7.8,78
2018,Avery.Wash,AW,Heracleum.sphondylium,9,0.6,6
2018,Avery.Wash,AW,Heracleum.sphondylium,10,2.4,24
2018,Avery.Wash,AW,Heracleum.sphondylium,11,2.6,26
2018,Avery.Wash,AW,Heracleum.sphondylium,12,2.1,21
2018,Avery.Wash,AW,Heracleum.sphondylium,13,0.7000000000000001,7
2018,Avery.Wash,AW,Heterotheca.villosa,9,0.1,1
2018,Avery.Wash,AW,Heterotheca.villosa,11,1.7,17
2018,Avery.Wash,AW,Heterotheca.villosa,12,4.2,42
2018,Avery.Wash,AW,Heterotheca.villosa,13,2.1,21
2018,Avery.Wash,AW,Heterotheca.villosa,14,16.3,163
2018,Avery.Wash,AW,Heterotheca.villosa,15,3.5,35
2018,Avery.Wash,AW,Heterotheca.villosa,16,1.5,15
2018,Avery.Wash,AW,Heterotheca.villosa,17,0.30000000000000004,3
2018,Avery.Wash,AW,Hydrophyllum.capitatum,8,1,10
2018,Avery.Wash,AW,Hydrophyllum.fendleri,6,0.7,7
2018,Avery.Wash,AW,Hydrophyllum.fendleri,7,36.7,367
2018,Avery.Wash,AW,Hydrophyllum.fendleri,8,151.6,1516
2018,Avery.Wash,AW,Hydrophyllum.fendleri,9,57.9,579
2018,Avery.Wash,AW,Hydrophyllum.fendleri,10,13.5,135
2018,Avery.Wash,AW,Hydrophyllum.fendleri,11,3.1,31
2018,Avery.Wash,AW,Lathyrus.leucanthus,7,3.1,31
2018,Avery.Wash,AW,Lathyrus.leucanthus,8,45.5,455
2018,Avery.Wash,AW,Lathyrus.leucanthus,9,104.5,1045
2018,Avery.Wash,AW,Lathyrus.leucanthus,10,16.6,166
2018,Avery.Wash,AW,Lathyrus.leucanthus,11,0.5,5
2018,Avery.Wash,AW,Ligularia.bigelovii,12,2.8,28
2018,Avery.Wash,AW,Ligularia.bigelovii,13,4.2,42
2018,Avery.Wash,AW,Ligularia.bigelovii,14,4.4,44
2018,Avery.Wash,AW,Ligularia.bigelovii,15,0.6000000000000001,6
2018,Avery.Wash,AW,Ligusticum.porteri,9,6.9,69
2018,Avery.Wash,AW,Ligusticum.porteri,10,7.4,74
2018,Avery.Wash,AW,Ligusticum.porteri,11,9.1,91
2018,Avery.Wash,AW,Ligusticum.porteri,12,4.9,49
2018,Avery.Wash,AW,Mertensia.ciliata,8,0.1,1
2018,Avery.Wash,AW,Mertensia.ciliata,11,0.1,1
2018,Avery.Wash,AW,Mertensia.fusiformis,3,0.1,1
2018,Avery.Wash,AW,Mertensia.fusiformis,4,11.3,113
2018,Avery.Wash,AW,Mertensia.fusiformis,5,60.3,603
2018,Avery.Wash,AW,Mertensia.fusiformis,6,50.300000000000004,503
2018,Avery.Wash,AW,Mertensia.fusiformis,7,10.9,109
2018,Avery.Wash,AW,Mertensia.fusiformis,8,0.3,3
2018,Avery.Wash,AW,Potentilla.pulcherrima,5,0.1,1
2018,Avery.Wash,AW,Potentilla.pulcherrima,7,0.2,2
2018,Avery.Wash,AW,Potentilla.pulcherrima,8,14.3,143
2018,Avery.Wash,AW,Potentilla.pulcherrima,9,159.5,1595
2018,Avery.Wash,AW,Potentilla.pulcherrima,10,153.1,1531
2018,Avery.Wash,AW,Potentilla.pulcherrima,11,168.7,1687
2018,Avery.Wash,AW,Potentilla.pulcherrima,12,132.70000000000002,1327
2018,Avery.Wash,AW,Potentilla.pulcherrima,13,38.2,382
2018,Avery.Wash,AW,Potentilla.pulcherrima,14,7.8,78
2018,Avery.Wash,AW,Potentilla.pulcherrima,15,1.8,18
2018,Avery.Wash,AW,Potentilla.pulcherrima,16,0.1,1
2018,Avery.Wash,AW,Pseudocymopterus.montanus,5,0.6,6
2018,Avery.Wash,AW,Pseudocymopterus.montanus,6,2.1,21
2018,Avery.Wash,AW,Pseudocymopterus.montanus,7,1.8,18
2018,Avery.Wash,AW,Pseudocymopterus.montanus,8,2.5,25
2018,Avery.Wash,AW,Pseudocymopterus.montanus,9,2.4,24
2018,Avery.Wash,AW,Pseudocymopterus.montanus,10,0.6000000000000001,6
2018,Avery.Wash,AW,Pseudocymopterus.montanus,11,0.1,1
2018,Avery.Wash,AW,Pseudocymopterus.montanus,12,0.2,2
2018,Avery.Wash,AW,Pseudocymopterus.montanus,14,0.1,1
2018,Avery.Wash,AW,Ranunculus.inamoenus,4,0.9,9
2018,Avery.Wash,AW,Ranunculus.inamoenus,5,22.4,224
2018,Avery.Wash,AW,Ranunculus.inamoenus,6,19.7,197
2018,Avery.Wash,AW,Ranunculus.inamoenus,7,12.8,128
2018,Avery.Wash,AW,Ranunculus.inamoenus,8,1.5,15
2018,Avery.Wash,AW,Ranunculus.inamoenus,9,0.5,5
2018,Avery.Wash,AW,Senecio.crassulus,9,0.9,9
2018,Avery.Wash,AW,Senecio.crassulus,10,1.7999999999999998,18
2018,Avery.Wash,AW,Senecio.serra,13,1.7,17
2018,Avery.Wash,AW,Senecio.serra,14,10.5,105
2018,Avery.Wash,AW,Senecio.serra,15,8.7,87
2018,Avery.Wash,AW,Senecio.serra,16,3,30
2018,Avery.Wash,AW,Senecio.serra,17,0.3,3
2018,Avery.Wash,AW,Solidago.multiradiata,11,3.4,34
2018,Avery.Wash,AW,Solidago.multiradiata,12,23.400000000000002,234
2018,Avery.Wash,AW,Solidago.multiradiata,13,9.799999999999999,98
2018,Avery.Wash,AW,Solidago.multiradiata,14,10.2,102
2018,Avery.Wash,AW,Solidago.multiradiata,15,2.1,21
2018,Avery.Wash,AW,Solidago.multiradiata,16,0.2,2
2018,Avery.Wash,AW,Taraxacum.officinale,5,2.9,29
2018,Avery.Wash,AW,Taraxacum.officinale,6,11.9,119
2018,Avery.Wash,AW,Taraxacum.officinale,7,22.7,227
2018,Avery.Wash,AW,Taraxacum.officinale,8,3.2,32
2018,Avery.Wash,AW,Taraxacum.officinale,9,0.1,1
2018,Avery.Wash,AW,Taraxacum.officinale,11,0.2,2
2018,Avery.Wash,AW,Taraxacum.officinale,12,0.2,2
2018,Avery.Wash,AW,Trifolium.repens,11,0.1,1
2018,Avery.Wash,AW,Valeriana.occidentalis,8,0.2,2
2018,Avery.Wash,AW,Vicia.americana,9,40.7,407
2018,Avery.Wash,AW,Vicia.americana,10,26.5,265
2018,Avery.Wash,AW,Vicia.americana,11,7.7,77
2018,Avery.Wash,AW,Vicia.americana,12,1.9,19
2018,Avery.Wash,AW,Vicia.americana,13,0.2,2
2018,Avery.Wash,AW,Vicia.americana,14,0.4,4
2018,Avery.Wash,AW,Vicia.americana,15,0.4,4
2018,Avery.Wash,AW,Viola.praemorsa,5,5,50
2018,Avery.Wash,AW,Viola.praemorsa,6,21.6,216
2018,Avery.Wash,AW,Viola.praemorsa,7,15.9,159
2018,Avery.Wash,AW,Viola.praemorsa,8,0.2,2
2018,Copper.Creek,CC,Achillea.millefolium,11,0.2,2
2018,Copper.Creek,CC,Achillea.millefolium,12,0.5,5
2018,Copper.Creek,CC,Achillea.millefolium,13,0.4,4
2018,Copper.Creek,CC,Achillea.millefolium,14,0.6,6
2018,Copper.Creek,CC,Achillea.millefolium,15,0.8,8
2018,Copper.Creek,CC,Achillea.millefolium,16,0.5,5
2018,Copper.Creek,CC,Achillea.millefolium,17,0.30000000000000004,3
2018,Copper.Creek,CC,Achillea.millefolium,19,0.2,2
2018,Copper.Creek,CC,Aconitum.columbianum,10,0.6000000000000001,6
2018,Copper.Creek,CC,Aconitum.columbianum,12,0.9,9
2018,Copper.Creek,CC,Aconitum.columbianum,13,1.6,16
2018,Copper.Creek,CC,Adenolinum.lewisii,9,1.4000000000000001,14
2018,Copper.Creek,CC,Adenolinum.lewisii,10,1.9000000000000001,19
2018,Copper.Creek,CC,Adenolinum.lewisii,11,1.5999999999999999,16
2018,Copper.Creek,CC,Adenolinum.lewisii,12,0.2,2
2018,Copper.Creek,CC,Agoseris.aurantiaca,14,0.3,3
2018,Copper.Creek,CC,Campanula.parryi,12,0.1,1
2018,Copper.Creek,CC,Campanula.parryi,13,1.1,11
2018,Copper.Creek,CC,Campanula.parryi,14,1.4,14
2018,Copper.Creek,CC,Campanula.parryi,15,0.7,7
2018,Copper.Creek,CC,Campanula.parryi,16,0.2,2
2018,Copper.Creek,CC,Campanula.rotundifolia,11,0.2,2
2018,Copper.Creek,CC,Campanula.rotundifolia,14,0.9,9
2018,Copper.Creek,CC,Cirsium.parryi,13,0.1,1
2018,Copper.Creek,CC,Cirsium.parryi,14,0.5,5
2018,Copper.Creek,CC,Cirsium.parryi,15,0.9,9
2018,Copper.Creek,CC,Cirsium.parryi,16,0.1,1
2018,Copper.Creek,CC,Cirsium.parryi,17,0.2,2
2018,Copper.Creek,CC,Claytonia.lanceolata,2,3.7,37
2018,Copper.Creek,CC,Claytonia.lanceolata,3,626.7,6267
2018,Copper.Creek,CC,Claytonia.lanceolata,4,188.9,1889
2018,Copper.Creek,CC,Claytonia.lanceolata,5,53.5,535
2018,Copper.Creek,CC,Claytonia.lanceolata,6,2.2,22
2018,Copper.Creek,CC,Claytonia.lanceolata,7,0.1,1
2018,Copper.Creek,CC,Delphinium.barbeyi,10,1.9000000000000001,19
2018,Copper.Creek,CC,Delphinium.barbeyi,11,44.7,447
2018,Copper.Creek,CC,Delphinium.barbeyi,12,23.099999999999998,231
2018,Copper.Creek,CC,Delphinium.barbeyi,13,6.1000000000000005,61
2018,Copper.Creek,CC,Delphinium.barbeyi,14,0.2,2
2018,Copper.Creek,CC,Delphinium.nuttallianum,6,43.2,432
2018,Copper.Creek,CC,Delphinium.nuttallianum,7,91.5,915
2018,Copper.Creek,CC,Delphinium.nuttallianum,8,6.8,68
2018,Copper.Creek,CC,Draba.aurea,11,0.1,1
2018,Copper.Creek,CC,Dugaldia.hoopesii,10,0.1,1
2018,Copper.Creek,CC,Dugaldia.hoopesii,11,1.6,16
2018,Copper.Creek,CC,Dugaldia.hoopesii,12,2.9,29
2018,Copper.Creek,CC,Dugaldia.hoopesii,13,1.4000000000000001,14
2018,Copper.Creek,CC,Dugaldia.hoopesii,14,1,10
2018,Copper.Creek,CC,Dugaldia.hoopesii,15,0.4,4
2018,Copper.Creek,CC,Erigeron.coulteri,12,0.30000000000000004,3
2018,Copper.Creek,CC,Erigeron.elatior,12,0.30000000000000004,3
2018,Copper.Creek,CC,Erigeron.elatior,13,0.4,4
2018,Copper.Creek,CC,Erigeron.elatior,14,0.6,6
2018,Copper.Creek,CC,Erigeron.elatior,15,0.5,5
2018,Copper.Creek,CC,Erigeron.elatior,16,0.3,3
2018,Copper.Creek,CC,Erigeron.elatior,17,0.2,2
2018,Copper.Creek,CC,Erigeron.speciosus,11,14.5,145
2018,Copper.Creek,CC,Erigeron.speciosus,12,46,460
2018,Copper.Creek,CC,Erigeron.speciosus,13,34.6,346
2018,Copper.Creek,CC,Erigeron.speciosus,14,17.4,174
2018,Copper.Creek,CC,Erigeron.speciosus,15,2.7,27
2018,Copper.Creek,CC,Erigeron.speciosus,16,0.4,4
2018,Copper.Creek,CC,Erigeron.speciosus,17,0.1,1
2018,Copper.Creek,CC,Eriogonum.umbellatum,10,0.1,1
2018,Copper.Creek,CC,Eriogonum.umbellatum,11,0.1,1
2018,Copper.Creek,CC,Erysimum.capitatum,8,4.5,45
2018,Copper.Creek,CC,Erysimum.capitatum,9,14.5,145
2018,Copper.Creek,CC,Erysimum.capitatum,10,2.1,21
2018,Copper.Creek,CC,Erythronium.grandiflorum,4,0.30000000000000004,3
2018,Copper.Creek,CC,Erythronium.grandiflorum,5,1.5999999999999999,16
2018,Copper.Creek,CC,Erythronium.grandiflorum,6,0.4,4
2018,Copper.Creek,CC,Geranium.richardsonii,8,0.2,2
2018,Copper.Creek,CC,Geranium.richardsonii,9,2.6,26
2018,Copper.Creek,CC,Geranium.richardsonii,10,3.3,33
2018,Copper.Creek,CC,Geranium.richardsonii,11,4.2,42
2018,Copper.Creek,CC,Geranium.richardsonii,12,2.1,21
2018,Copper.Creek,CC,Geranium.richardsonii,13,0.7,7
2018,Copper.Creek,CC,Hackelia.floribunda,11,1,10
2018,Copper.Creek,CC,Hackelia.floribunda,12,0.7,7
2018,Copper.Creek,CC,Hackelia.floribunda,13,1,10
2018,Copper.Creek,CC,Hackelia.floribunda,14,0.2,2
2018,Copper.Creek,CC,Hackelia.floribunda,15,0.1,1
2018,Copper.Creek,CC,Helianthella.quinquenervis,10,0.4,4
2018,Copper.Creek,CC,Helianthella.quinquenervis,11,3.9,39
2018,Copper.Creek,CC,Helianthella.quinquenervis,12,1.4,14
2018,Copper.Creek,CC,Helianthella.quinquenervis,13,0.1,1
2018,Copper.Creek,CC,Helianthella.quinquenervis,14,0.1,1
2018,Copper.Creek,CC,Heliomeris.multiflora,12,9.9,99
2018,Copper.Creek,CC,Heliomeris.multiflora,13,28,280
2018,Copper.Creek,CC,Heliomeris.multiflora,14,57,570
2018,Copper.Creek,CC,Heliomeris.multiflora,15,54.699999999999996,547
2018,Copper.Creek,CC,Heliomeris.multiflora,16,62.6,626
2018,Copper.Creek,CC,Heliomeris.multiflora,17,54.6,546
2018,Copper.Creek,CC,Heliomeris.multiflora,18,14.3,143
2018,Copper.Creek,CC,Heliomeris.multiflora,19,5.8,58
2018,Copper.Creek,CC,Heliomeris.multiflora,20,0.5,5
2018,Copper.Creek,CC,Heracleum.sphondylium,9,0.2,2
2018,Copper.Creek,CC,Heracleum.sphondylium,10,0.7,7
2018,Copper.Creek,CC,Heracleum.sphondylium,11,2.4,24
2018,Copper.Creek,CC,Heracleum.sphondylium,12,2.9,29
2018,Copper.Creek,CC,Heracleum.sphondylium,13,0.8,8
2018,Copper.Creek,CC,Heterotheca.villosa,11,6,60
2018,Copper.Creek,CC,Heterotheca.villosa,12,9.3,93
2018,Copper.Creek,CC,Heterotheca.villosa,13,12.1,121
2018,Copper.Creek,CC,Heterotheca.villosa,14,17.3,173
2018,Copper.Creek,CC,Heterotheca.villosa,15,14.7,147
2018,Copper.Creek,CC,Heterotheca.villosa,16,5.1,51
2018,Copper.Creek,CC,Heterotheca.villosa,17,2.4,24
2018,Copper.Creek,CC,Heterotheca.villosa,18,0.1,1
2018,Copper.Creek,CC,Hydrophyllum.capitatum,6,19,190
2018,Copper.Creek,CC,Hydrophyllum.capitatum,7,17.599999999999998,176
2018,Copper.Creek,CC,Hydrophyllum.capitatum,8,1.3,13
2018,Copper.Creek,CC,Hydrophyllum.fendleri,8,9.6,96
2018,Copper.Creek,CC,Hydrophyllum.fendleri,9,24.799999999999997,248
2018,Copper.Creek,CC,Hydrophyllum.fendleri,10,7.3,73
2018,Copper.Creek,CC,Hydrophyllum.fendleri,11,0.5,5
2018,Copper.Creek,CC,Lathyrus.leucanthus,6,0.5,5
2018,Copper.Creek,CC,Lathyrus.leucanthus,7,20.7,207
2018,Copper.Creek,CC,Lathyrus.leucanthus,8,20.5,205
2018,Copper.Creek,CC,Lathyrus.leucanthus,9,9.3,93
2018,Copper.Creek,CC,Lathyrus.leucanthus,10,1.4,14
2018,Copper.Creek,CC,Lathyrus.leucanthus,11,0.3,3
2018,Copper.Creek,CC,Ligularia.bigelovii,14,0.9,9
2018,Copper.Creek,CC,Ligularia.bigelovii,15,0.4,4
2018,Copper.Creek,CC,Ligularia.bigelovii,16,0.2,2
2018,Copper.Creek,CC,Ligularia.bigelovii,17,0.2,2
2018,Copper.Creek,CC,Ligusticum.porteri,9,2.2,22
2018,Copper.Creek,CC,Ligusticum.porteri,10,4.7,47
2018,Copper.Creek,CC,Ligusticum.porteri,11,5.6,56
2018,Copper.Creek,CC,Ligusticum.porteri,12,0.6000000000000001,6
2018,Copper.Creek,CC,Lupinus.bakeri,8,12.700000000000001,127
2018,Copper.Creek,CC,Lupinus.bakeri,9,34.6,346
2018,Copper.Creek,CC,Lupinus.bakeri,10,28.1,281
2018,Copper.Creek,CC,Lupinus.bakeri,11,3.3,33
2018,Copper.Creek,CC,Lupinus.bakeri,12,0.6,6
2018,Copper.Creek,CC,Mahonia.repens,5,4.4,44
2018,Copper.Creek,CC,Mahonia.repens,6,11.2,112
2018,Copper.Creek,CC,Mahonia.repens,7,8.7,87
2018,Copper.Creek,CC,Mertensia.fusiformis,3,14.299999999999999,143
2018,Copper.Creek,CC,Mertensia.fusiformis,4,45.9,459
2018,Copper.Creek,CC,Mertensia.fusiformis,5,75,750
2018,Copper.Creek,CC,Mertensia.fusiformis,6,19.1,191
2018,Copper.Creek,CC,Mertensia.fusiformis,7,0.5,5
2018,Copper.Creek,CC,Phacelia.heterophylla,10,2.7,27
2018,Copper.Creek,CC,Phacelia.heterophylla,11,6,60
2018,Copper.Creek,CC,Phacelia.heterophylla,12,1.4,14
2018,Copper.Creek,CC,Potentilla.pulcherrima,9,1,10
2018,Copper.Creek,CC,Potentilla.pulcherrima,10,4.7,47
2018,Copper.Creek,CC,Potentilla.pulcherrima,11,19.7,197
2018,Copper.Creek,CC,Potentilla.pulcherrima,12,30.8,308
2018,Copper.Creek,CC,Potentilla.pulcherrima,13,13.9,139
2018,Copper.Creek,CC,Potentilla.pulcherrima,14,1.55,15.5
2018,Copper.Creek,CC,Ranunculus.inamoenus,5,0.1,1
2018,Copper.Creek,CC,Ranunculus.inamoenus,6,1,10
2018,Copper.Creek,CC,Ranunculus.inamoenus,7,0.8,8
2018,Copper.Creek,CC,Ranunculus.inamoenus,8,0.4,4
2018,Copper.Creek,CC,Salix.wolfii,5,20,200
2018,Copper.Creek,CC,Salix.wolfii,6,2.3,23
2018,Copper.Creek,CC,Taraxacum.officinale,5,0.3,3
2018,Copper.Creek,CC,Taraxacum.officinale,6,1.8,18
2018,Copper.Creek,CC,Taraxacum.officinale,7,2.2,22
2018,Copper.Creek,CC,Taraxacum.officinale,8,0.2,2
2018,Copper.Creek,CC,Valeriana.occidentalis,6,15.200000000000001,152
2018,Copper.Creek,CC,Valeriana.occidentalis,7,10.6,106
2018,Copper.Creek,CC,Valeriana.occidentalis,8,9.3,93
2018,Copper.Creek,CC,Valeriana.occidentalis,9,3.7,37
2018,Copper.Creek,CC,Valeriana.occidentalis,10,2.1,21
2018,Copper.Creek,CC,Valeriana.occidentalis,11,0.1,1
2018,Copper.Creek,CC,Vicia.americana,8,2.2,22
2018,Copper.Creek,CC,Vicia.americana,9,2.5,25
2018,Copper.Creek,CC,Vicia.americana,10,3.7,37
2018,Copper.Creek,CC,Vicia.americana,11,1.3,13
2018,Copper.Creek,CC,Viola.praemorsa,5,0.1,1
2018,Copper.Creek,CC,Viola.praemorsa,6,0.7000000000000001,7
2018,Copper.Creek,CC,Viola.praemorsa,7,8.3,83
2018,Copper.Creek,CC,Viola.praemorsa,8,0.6,6
2018,Frogs.Pond,FP,Achillea.millefolium,10,0.2,2
2018,Frogs.Pond,FP,Achillea.millefolium,11,1.2,12
2018,Frogs.Pond,FP,Achillea.millefolium,12,2.4,24
2018,Frogs.Pond,FP,Achillea.millefolium,13,2.6,26
2018,Frogs.Pond,FP,Achillea.millefolium,14,3.1,31
2018,Frogs.Pond,FP,Achillea.millefolium,15,3.1,31
2018,Frogs.Pond,FP,Achillea.millefolium,16,1.9000000000000001,19
2018,Frogs.Pond,FP,Achillea.millefolium,17,2.9,29
2018,Frogs.Pond,FP,Achillea.millefolium,18,1.3,13
2018,Frogs.Pond,FP,Achillea.millefolium,19,0.6,6
2018,Frogs.Pond,FP,Adenolinum.lewisii,8,1,10
2018,Frogs.Pond,FP,Adenolinum.lewisii,9,4.2,42
2018,Frogs.Pond,FP,Adenolinum.lewisii,10,2.1,21
2018,Frogs.Pond,FP,Adenolinum.lewisii,11,0.8,8
2018,Frogs.Pond,FP,Agastache.urticifolia,12,0.2,2
2018,Frogs.Pond,FP,Agoseris.aurantiaca,10,0.2,2
2018,Frogs.Pond,FP,Agoseris.aurantiaca,12,0.1,1
2018,Frogs.Pond,FP,Aster.foliaceus,13,0.5,5
2018,Frogs.Pond,FP,Aster.foliaceus,14,1.2000000000000002,12
2018,Frogs.Pond,FP,Aster.foliaceus,15,1.9,19
2018,Frogs.Pond,FP,Aster.foliaceus,16,1.2,12
2018,Frogs.Pond,FP,Aster.foliaceus,17,1.7000000000000002,17
2018,Frogs.Pond,FP,Aster.foliaceus,18,0.2,2
2018,Frogs.Pond,FP,Astragalus.alpinus,10,0.6,6
2018,Frogs.Pond,FP,Calochortus.gunnisonii,11,0.6000000000000001,6
2018,Frogs.Pond,FP,Calochortus.gunnisonii,12,0.9,9
2018,Frogs.Pond,FP,Campanula.parryi,12,0.1,1
2018,Frogs.Pond,FP,Castilleja.linariifolia,8,0.2,2
2018,Frogs.Pond,FP,Castilleja.linariifolia,9,1.2000000000000002,12
2018,Frogs.Pond,FP,Castilleja.linariifolia,10,1.8,18
2018,Frogs.Pond,FP,Castilleja.linariifolia,11,2.8,28
2018,Frogs.Pond,FP,Castilleja.linariifolia,12,2.6,26
2018,Frogs.Pond,FP,Castilleja.linariifolia,13,2.1,21
2018,Frogs.Pond,FP,Castilleja.linariifolia,14,0.6000000000000001,6
2018,Frogs.Pond,FP,Castilleja.linariifolia,15,1.5,15
2018,Frogs.Pond,FP,Castilleja.linariifolia,16,0.9,9
2018,Frogs.Pond,FP,Castilleja.linariifolia,17,0.3,3
2018,Frogs.Pond,FP,Castilleja.linariifolia,18,0.1,1
2018,Frogs.Pond,FP,Castilleja.linariifolia,19,0.1,1
2018,Frogs.Pond,FP,Cirsium.parryi,12,0.1,1
2018,Frogs.Pond,FP,Cirsium.parryi,13,0.9,9
2018,Frogs.Pond,FP,Cirsium.parryi,14,0.4,4
2018,Frogs.Pond,FP,Cirsium.parryi,15,0.1,1
2018,Frogs.Pond,FP,Cirsium.parryi,19,0.1,1
2018,Frogs.Pond,FP,Delphinium.barbeyi,11,2.1,21
2018,Frogs.Pond,FP,Delphinium.barbeyi,12,4,40
2018,Frogs.Pond,FP,Delphinium.barbeyi,13,2,20
2018,Frogs.Pond,FP,Delphinium.nuttallianum,6,1.4,14
2018,Frogs.Pond,FP,Delphinium.nuttallianum,7,2.5,25
2018,Frogs.Pond,FP,Delphinium.nuttallianum,8,0.3,3
2018,Frogs.Pond,FP,Draba.aurea,7,1.3,13
2018,Frogs.Pond,FP,Draba.aurea,8,1,10
2018,Frogs.Pond,FP,Draba.aurea,9,1.7,17
2018,Frogs.Pond,FP,Draba.aurea,10,0.3,3
2018,Frogs.Pond,FP,Ericameria.parryi,14,1.2,12
2018,Frogs.Pond,FP,Ericameria.parryi,15,3.4,34
2018,Frogs.Pond,FP,Ericameria.parryi,16,6.4,64
2018,Frogs.Pond,FP,Ericameria.parryi,17,7.6,76
2018,Frogs.Pond,FP,Ericameria.parryi,18,2.1,21
2018,Frogs.Pond,FP,Ericameria.parryi,19,0.5,5
2018,Frogs.Pond,FP,Ericameria.parryi,20,0.3,3
2018,Frogs.Pond,FP,Erigeron.elatior,11,0.4,4
2018,Frogs.Pond,FP,Erigeron.elatior,12,1.4,14
2018,Frogs.Pond,FP,Erigeron.elatior,13,1.9,19
2018,Frogs.Pond,FP,Erigeron.elatior,14,0.7,7
2018,Frogs.Pond,FP,Erigeron.speciosus,10,1.3,13
2018,Frogs.Pond,FP,Erigeron.speciosus,11,29.6,296
2018,Frogs.Pond,FP,Erigeron.speciosus,12,65,650
2018,Frogs.Pond,FP,Erigeron.speciosus,13,72.8,728
2018,Frogs.Pond,FP,Erigeron.speciosus,14,24.3,243
2018,Frogs.Pond,FP,Erigeron.speciosus,15,3.8000000000000003,38
2018,Frogs.Pond,FP,Erigeron.speciosus,16,0.9,9
2018,Frogs.Pond,FP,Erigeron.speciosus,17,0.4,4
2018,Frogs.Pond,FP,Eriogonum.subalpinum,9,0.9,9
2018,Frogs.Pond,FP,Eriogonum.subalpinum,10,1.5,15
2018,Frogs.Pond,FP,Eriogonum.subalpinum,11,1.4000000000000001,14
2018,Frogs.Pond,FP,Eriogonum.subalpinum,12,0.5,5
2018,Frogs.Pond,FP,Eriogonum.umbellatum,8,0.4,4
2018,Frogs.Pond,FP,Eriogonum.umbellatum,9,0.5,5
2018,Frogs.Pond,FP,Eriogonum.umbellatum,10,1.1,11
2018,Frogs.Pond,FP,Eriogonum.umbellatum,11,0.1,1
2018,Frogs.Pond,FP,Erysimum.capitatum,7,0.3,3
2018,Frogs.Pond,FP,Erysimum.capitatum,8,0.5,5
2018,Frogs.Pond,FP,Erysimum.capitatum,9,1.5,15
2018,Frogs.Pond,FP,Erysimum.capitatum,10,0.9,9
2018,Frogs.Pond,FP,Fragaria.virginiana,8,0.2,2
2018,Frogs.Pond,FP,Gentiana.parryi,16,0.2,2
2018,Frogs.Pond,FP,Gentiana.parryi,17,0.5,5
2018,Frogs.Pond,FP,Geranium.richardsonii,8,0.2,2
2018,Frogs.Pond,FP,Geranium.richardsonii,9,0.1,1
2018,Frogs.Pond,FP,Geranium.richardsonii,10,0.1,1
2018,Frogs.Pond,FP,Geranium.richardsonii,11,0.5,5
2018,Frogs.Pond,FP,Geranium.richardsonii,12,0.7,7
2018,Frogs.Pond,FP,Geranium.richardsonii,13,0.5,5
2018,Frogs.Pond,FP,Geranium.richardsonii,14,0.1,1
2018,Frogs.Pond,FP,Hackelia.floribunda,9,0.1,1
2018,Frogs.Pond,FP,Hackelia.floribunda,10,0.6,6
2018,Frogs.Pond,FP,Hackelia.floribunda,11,2,20
2018,Frogs.Pond,FP,Hackelia.floribunda,12,1.4,14
2018,Frogs.Pond,FP,Hackelia.floribunda,13,1.1,11
2018,Frogs.Pond,FP,Hackelia.floribunda,14,0.2,2
2018,Frogs.Pond,FP,Helianthella.quinquenervis,10,0.1,1
2018,Frogs.Pond,FP,Helianthella.quinquenervis,11,2.5,25
2018,Frogs.Pond,FP,Helianthella.quinquenervis,12,1.4,14
2018,Frogs.Pond,FP,Helianthella.quinquenervis,13,0.1,1
2018,Frogs.Pond,FP,Heliomeris.multiflora,11,0.4,4
2018,Frogs.Pond,FP,Heliomeris.multiflora,12,0.8,8
2018,Frogs.Pond,FP,Heliomeris.multiflora,13,9.4,94
2018,Frogs.Pond,FP,Heliomeris.multiflora,14,23.1,231
2018,Frogs.Pond,FP,Heliomeris.multiflora,15,29,290
2018,Frogs.Pond,FP,Heliomeris.multiflora,16,30.7,307
2018,Frogs.Pond,FP,Heliomeris.multiflora,17,30.4,304
2018,Frogs.Pond,FP,Heliomeris.multiflora,18,10.799999999999999,108
2018,Frogs.Pond,FP,Heliomeris.multiflora,19,5.3,53
2018,Frogs.Pond,FP,Heliomeris.multiflora,20,1,10
2018,Frogs.Pond,FP,Heracleum.sphondylium,9,0.1,1
2018,Frogs.Pond,FP,Heracleum.sphondylium,10,0.8,8
2018,Frogs.Pond,FP,Heracleum.sphondylium,11,1.9000000000000001,19
2018,Frogs.Pond,FP,Heracleum.sphondylium,12,1.4000000000000001,14
2018,Frogs.Pond,FP,Heracleum.sphondylium,13,0.7,7
2018,Frogs.Pond,FP,Heracleum.sphondylium,14,0.1,1
2018,Frogs.Pond,FP,Heterotheca.villosa,10,0.1,1
2018,Frogs.Pond,FP,Heterotheca.villosa,11,1.4,14
2018,Frogs.Pond,FP,Heterotheca.villosa,13,2.1,21
2018,Frogs.Pond,FP,Heterotheca.villosa,14,1.9,19
2018,Frogs.Pond,FP,Heterotheca.villosa,15,1.5,15
2018,Frogs.Pond,FP,Heterotheca.villosa,16,0.3,3
2018,Frogs.Pond,FP,Hydrophyllum.fendleri,6,0.1,1
2018,Frogs.Pond,FP,Hydrophyllum.fendleri,7,0.7000000000000001,7
2018,Frogs.Pond,FP,Hydrophyllum.fendleri,8,3.6,36
2018,Frogs.Pond,FP,Hydrophyllum.fendleri,9,6.7,67
2018,Frogs.Pond,FP,Hydrophyllum.fendleri,10,0.6000000000000001,6
2018,Frogs.Pond,FP,Ipomopsis.aggregata,8,0.7,7
2018,Frogs.Pond,FP,Ipomopsis.aggregata,9,8.4,84
2018,Frogs.Pond,FP,Ipomopsis.aggregata,10,11.6,116
2018,Frogs.Pond,FP,Ipomopsis.aggregata,11,13.9,139
2018,Frogs.Pond,FP,Ipomopsis.aggregata,12,13.6,136
2018,Frogs.Pond,FP,Ipomopsis.aggregata,13,7.5,75
2018,Frogs.Pond,FP,Ipomopsis.aggregata,14,5.8,58
2018,Frogs.Pond,FP,Ipomopsis.aggregata,15,2.4,24
2018,Frogs.Pond,FP,Ipomopsis.aggregata,16,0.5,5
2018,Frogs.Pond,FP,Lathyrus.leucanthus,6,9.7,97
2018,Frogs.Pond,FP,Lathyrus.leucanthus,7,42.3,423
2018,Frogs.Pond,FP,Lathyrus.leucanthus,8,28.6,286
2018,Frogs.Pond,FP,Lathyrus.leucanthus,9,5.4,54
2018,Frogs.Pond,FP,Lathyrus.leucanthus,10,0.7,7
2018,Frogs.Pond,FP,Lathyrus.leucanthus,11,0.1,1
2018,Frogs.Pond,FP,Ligularia.bigelovii,12,0.1,1
2018,Frogs.Pond,FP,Ligularia.bigelovii,13,0.4,4
2018,Frogs.Pond,FP,Ligularia.bigelovii,14,0.1,1
2018,Frogs.Pond,FP,Ligularia.bigelovii,16,0.1,1
2018,Frogs.Pond,FP,Ligularia.bigelovii,17,0.1,1
2018,Frogs.Pond,FP,Ligusticum.porteri,11,2.5999999999999996,26
2018,Frogs.Pond,FP,Ligusticum.porteri,12,1.2,12
2018,Frogs.Pond,FP,Lupinus.bakeri,7,0.4,4
2018,Frogs.Pond,FP,Lupinus.bakeri,8,0.6000000000000001,6
2018,Frogs.Pond,FP,Lupinus.bakeri,9,8.9,89
2018,Frogs.Pond,FP,Lupinus.bakeri,10,6.4,64
2018,Frogs.Pond,FP,Lupinus.bakeri,11,7.6,76
2018,Frogs.Pond,FP,Lupinus.bakeri,12,4.4,44
2018,Frogs.Pond,FP,Lupinus.bakeri,13,0.3,3
2018,Frogs.Pond,FP,Mahonia.repens,3,1.1,11
2018,Frogs.Pond,FP,Mahonia.repens,4,0.7,7
2018,Frogs.Pond,FP,Mahonia.repens,5,6.9,69
2018,Frogs.Pond,FP,Mahonia.repens,6,2.6,26
2018,Frogs.Pond,FP,Mahonia.repens,7,0.3,3
2018,Frogs.Pond,FP,Mertensia.ciliata,9,1.3,13
2018,Frogs.Pond,FP,Mertensia.ciliata,10,2,20
2018,Frogs.Pond,FP,Mertensia.fusiformis,3,169.9,1699
2018,Frogs.Pond,FP,Mertensia.fusiformis,4,140.8,1408
2018,Frogs.Pond,FP,Mertensia.fusiformis,5,97.4,974
2018,Frogs.Pond,FP,Mertensia.fusiformis,6,6.6,66
2018,Frogs.Pond,FP,Mertensia.fusiformis,7,0.5,5
2018,Frogs.Pond,FP,Pentaphylloides.floribunda,8,0.5,5
2018,Frogs.Pond,FP,Pentaphylloides.floribunda,9,0.7,7
2018,Frogs.Pond,FP,Pentaphylloides.floribunda,10,1.4000000000000001,14
2018,Frogs.Pond,FP,Pentaphylloides.floribunda,11,0.6,6
2018,Frogs.Pond,FP,Pentaphylloides.floribunda,12,2.7,27
2018,Frogs.Pond,FP,Pentaphylloides.floribunda,13,2.3,23
2018,Frogs.Pond,FP,Pentaphylloides.floribunda,14,1.4,14
2018,Frogs.Pond,FP,Pentaphylloides.floribunda,15,0.7,7
2018,Frogs.Pond,FP,Pentaphylloides.floribunda,16,0.30000000000000004,3
2018,Frogs.Pond,FP,Pentaphylloides.floribunda,18,0.1,1
2018,Frogs.Pond,FP,Potentilla.pulcherrima,7,0.30000000000000004,3
2018,Frogs.Pond,FP,Potentilla.pulcherrima,8,2.5,25
2018,Frogs.Pond,FP,Potentilla.pulcherrima,9,9.200000000000001,92
2018,Frogs.Pond,FP,Potentilla.pulcherrima,10,10.9,109
2018,Frogs.Pond,FP,Potentilla.pulcherrima,11,27.900000000000002,279
2018,Frogs.Pond,FP,Potentilla.pulcherrima,12,21.4,214
2018,Frogs.Pond,FP,Potentilla.pulcherrima,13,14.4,144
2018,Frogs.Pond,FP,Potentilla.pulcherrima,14,4.4,44
2018,Frogs.Pond,FP,Potentilla.pulcherrima,15,1,10
2018,Frogs.Pond,FP,Pseudocymopterus.montanus,6,0.1,1
2018,Frogs.Pond,FP,Pseudocymopterus.montanus,7,0.1,1
2018,Frogs.Pond,FP,Pseudocymopterus.montanus,8,0.1,1
2018,Frogs.Pond,FP,Pseudocymopterus.montanus,9,2.5,25
2018,Frogs.Pond,FP,Pseudocymopterus.montanus,10,0.3,3
2018,Frogs.Pond,FP,Pseudocymopterus.montanus,11,0.1,1
2018,Frogs.Pond,FP,Pseudocymopterus.montanus,12,0.2,2
2018,Frogs.Pond,FP,Pyrrocoma.crocea,12,0.1,1
2018,Frogs.Pond,FP,Pyrrocoma.crocea,13,0.3,3
2018,Frogs.Pond,FP,Pyrrocoma.crocea,14,0.2,2
2018,Frogs.Pond,FP,Pyrrocoma.crocea,15,0.2,2
2018,Frogs.Pond,FP,Senecio.integerrimus,7,1.9,19
2018,Frogs.Pond,FP,Senecio.integerrimus,8,5.4,54
2018,Frogs.Pond,FP,Senecio.integerrimus,9,0.4,4
2018,Frogs.Pond,FP,Senecio.serra,14,0.5,5
2018,Frogs.Pond,FP,Senecio.serra,15,0.2,2
2018,Frogs.Pond,FP,Senecio.serra,16,0.2,2
2018,Frogs.Pond,FP,Senecio.serra,17,0.1,1
2018,Frogs.Pond,FP,Solidago.multiradiata,13,0.7,7
2018,Frogs.Pond,FP,Solidago.multiradiata,14,1.9,19
2018,Frogs.Pond,FP,Solidago.multiradiata,15,0.7,7
2018,Frogs.Pond,FP,Taraxacum.officinale,5,1.2,12
2018,Frogs.Pond,FP,Taraxacum.officinale,6,1.7,17
2018,Frogs.Pond,FP,Taraxacum.officinale,7,5.9,59
2018,Frogs.Pond,FP,Taraxacum.officinale,8,0.4,4
2018,Frogs.Pond,FP,Valeriana.occidentalis,5,0.4,4
2018,Frogs.Pond,FP,Valeriana.occidentalis,6,6.1,61
2018,Frogs.Pond,FP,Valeriana.occidentalis,7,2.6,26
2018,Frogs.Pond,FP,Valeriana.occidentalis,8,1,10
2018,Frogs.Pond,FP,Valeriana.occidentalis,9,0.4,4
2018,Frogs.Pond,FP,Valeriana.occidentalis,10,0.3,3
2018,Frogs.Pond,FP,Vicia.americana,8,2.6,26
2018,Frogs.Pond,FP,Vicia.americana,9,5.9,59
2018,Frogs.Pond,FP,Vicia.americana,10,2.5,25
2018,Frogs.Pond,FP,Vicia.americana,11,1.5,15
2018,Frogs.Pond,FP,Vicia.americana,12,0.1,1
2018,Frogs.Pond,FP,Vicia.americana,14,0.1,1
2018,Frogs.Pond,FP,Viola.adunca,6,0.2,2
2018,Frogs.Pond,FP,Viola.adunca,7,1,10
2018,Frogs.Pond,FP,Viola.adunca,8,0.7,7
2018,Frogs.Pond,FP,Viola.praemorsa,5,2.7,27
2018,Frogs.Pond,FP,Viola.praemorsa,6,1.5,15
2018,Frogs.Pond,FP,Viola.praemorsa,7,0.1,1
2018,Gothic.Spires,GS,Achillea.millefolium,9,0.1,1
2018,Gothic.Spires,GS,Achillea.millefolium,10,0.2,2
2018,Gothic.Spires,GS,Achillea.millefolium,11,0.3,3
2018,Gothic.Spires,GS,Achillea.millefolium,12,0.3,3
2018,Gothic.Spires,GS,Achillea.millefolium,13,0.6000000000000001,6
2018,Gothic.Spires,GS,Achillea.millefolium,14,0.5,5
2018,Gothic.Spires,GS,Achillea.millefolium,15,0.30000000000000004,3
2018,Gothic.Spires,GS,Achillea.millefolium,16,0.1,1
2018,Gothic.Spires,GS,Achillea.millefolium,17,0.1,1
2018,Gothic.Spires,GS,Aconitum.columbianum,9,0.5,5
2018,Gothic.Spires,GS,Aconitum.columbianum,10,3.5,35
2018,Gothic.Spires,GS,Aconitum.columbianum,11,12.1,121
2018,Gothic.Spires,GS,Aconitum.columbianum,12,20.4,204
2018,Gothic.Spires,GS,Aconitum.columbianum,13,13.8,138
2018,Gothic.Spires,GS,Aconitum.columbianum,14,6.1,61
2018,Gothic.Spires,GS,Adenolinum.lewisii,9,0.4,4
2018,Gothic.Spires,GS,Agoseris.aurantiaca,9,0.1,1
2018,Gothic.Spires,GS,Agoseris.aurantiaca,11,0.1,1
2018,Gothic.Spires,GS,Amerosedum.lanceolatum,11,0.1,1
2018,Gothic.Spires,GS,Amerosedum.lanceolatum,12,0.3,3
2018,Gothic.Spires,GS,Anticlea.elegans,10,2.7,27
2018,Gothic.Spires,GS,Anticlea.elegans,11,25.3,253
2018,Gothic.Spires,GS,Anticlea.elegans,12,39,390
2018,Gothic.Spires,GS,Anticlea.elegans,13,21.7,217
2018,Gothic.Spires,GS,Anticlea.elegans,14,1.2,12
2018,Gothic.Spires,GS,Arnica.cordifolia,13,0.3,3
2018,Gothic.Spires,GS,Arnica.cordifolia,14,0.1,1
2018,Gothic.Spires,GS,Aster.foliaceus,13,0.5,5
2018,Gothic.Spires,GS,Aster.foliaceus,14,2.5,25
2018,Gothic.Spires,GS,Aster.foliaceus,15,5.6,56
2018,Gothic.Spires,GS,Aster.foliaceus,16,3.6,36
2018,Gothic.Spires,GS,Aster.foliaceus,17,2,20
2018,Gothic.Spires,GS,Campanula.parryi,12,0.4,4
2018,Gothic.Spires,GS,Campanula.parryi,13,1.4,14
2018,Gothic.Spires,GS,Campanula.parryi,14,0.8,8
2018,Gothic.Spires,GS,Campanula.parryi,15,0.2,2
2018,Gothic.Spires,GS,Campanula.parryi,16,0.1,1
2018,Gothic.Spires,GS,Campanula.parryi,17,0.1,1
2018,Gothic.Spires,GS,Castilleja.sulphurea,10,0.1,1
2018,Gothic.Spires,GS,Castilleja.sulphurea,11,0.1,1
2018,Gothic.Spires,GS,Castilleja.sulphurea,12,0.1,1
2018,Gothic.Spires,GS,Castilleja.sulphurea,13,1.6,16
2018,Gothic.Spires,GS,Cirsium.parryi,14,0.1,1
2018,Gothic.Spires,GS,Claytonia.lanceolata,3,60.5,605
2018,Gothic.Spires,GS,Claytonia.lanceolata,4,265.3,2653
2018,Gothic.Spires,GS,Claytonia.lanceolata,5,81.3,813
2018,Gothic.Spires,GS,Claytonia.lanceolata,6,0.2,2
2018,Gothic.Spires,GS,Delphinium.barbeyi,11,12.7,127
2018,Gothic.Spires,GS,Delphinium.barbeyi,12,20.9,209
2018,Gothic.Spires,GS,Delphinium.barbeyi,13,1.2,12
2018,Gothic.Spires,GS,Delphinium.barbeyi,14,1.4000000000000001,14
2018,Gothic.Spires,GS,Delphinium.nuttallianum,6,0.8,8
2018,Gothic.Spires,GS,Delphinium.nuttallianum,7,43.9,439
2018,Gothic.Spires,GS,Delphinium.nuttallianum,8,4.3,43
2018,Gothic.Spires,GS,Distegia.involucrata,7,0.8,8
2018,Gothic.Spires,GS,Distegia.involucrata,8,0.8,8
2018,Gothic.Spires,GS,Dodecatheon.pulchellum,8,12.8,128
2018,Gothic.Spires,GS,Dodecatheon.pulchellum,9,22.5,225
2018,Gothic.Spires,GS,Dodecatheon.pulchellum,10,2.4000000000000004,24
2018,Gothic.Spires,GS,Draba.aurea,6,2.1,21
2018,Gothic.Spires,GS,Draba.aurea,7,4.1,41
2018,Gothic.Spires,GS,Draba.aurea,8,1.9000000000000001,19
2018,Gothic.Spires,GS,Draba.aurea,9,0.4,4
2018,Gothic.Spires,GS,Draba.aurea,10,0.1,1
2018,Gothic.Spires,GS,Eremogone.congesta,11,3.1,31
2018,Gothic.Spires,GS,Eremogone.congesta,12,1,10
2018,Gothic.Spires,GS,Eremogone.congesta,13,4.4,44
2018,Gothic.Spires,GS,Eremogone.congesta,14,0.5,5
2018,Gothic.Spires,GS,Erigeron.elatior,10,0.2,2
2018,Gothic.Spires,GS,Erigeron.elatior,11,0.1,1
2018,Gothic.Spires,GS,Erigeron.elatior,12,1.3,13
2018,Gothic.Spires,GS,Erigeron.elatior,13,2.5,25
2018,Gothic.Spires,GS,Erigeron.elatior,14,2.4,24
2018,Gothic.Spires,GS,Erigeron.speciosus,10,0.1,1
2018,Gothic.Spires,GS,Erigeron.speciosus,11,2.6,26
2018,Gothic.Spires,GS,Erigeron.speciosus,12,8.7,87
2018,Gothic.Spires,GS,Erigeron.speciosus,13,5.3,53
2018,Gothic.Spires,GS,Erigeron.speciosus,14,2.1,21
2018,Gothic.Spires,GS,Erigeron.speciosus,15,0.2,2
2018,Gothic.Spires,GS,Erythronium.grandiflorum,3,0.5,5
2018,Gothic.Spires,GS,Erythronium.grandiflorum,4,14.7,147
2018,Gothic.Spires,GS,Erythronium.grandiflorum,5,44.1,441
2018,Gothic.Spires,GS,Erythronium.grandiflorum,6,3.3000000000000003,33
2018,Gothic.Spires,GS,Eucephalus.engelmannii,14,0.4,4
2018,Gothic.Spires,GS,Fragaria.virginiana,6,6.1000000000000005,61
2018,Gothic.Spires,GS,Fragaria.virginiana,7,59.6,596
2018,Gothic.Spires,GS,Fragaria.virginiana,8,6.2,62
2018,Gothic.Spires,GS,Fragaria.virginiana,9,1.2,12
2018,Gothic.Spires,GS,Geranium.richardsonii,8,0.3,3
2018,Gothic.Spires,GS,Geranium.richardsonii,9,1.7000000000000002,17
2018,Gothic.Spires,GS,Geranium.richardsonii,10,3.5,35
2018,Gothic.Spires,GS,Geranium.richardsonii,11,3.3000000000000003,33
2018,Gothic.Spires,GS,Geranium.richardsonii,12,2.5,25
2018,Gothic.Spires,GS,Geranium.richardsonii,13,1,10
2018,Gothic.Spires,GS,Geranium.richardsonii,14,0.4,4
2018,Gothic.Spires,GS,Geum.aleppicum,9,0.8,8
2018,Gothic.Spires,GS,Geum.aleppicum,10,1.25,12.5
2018,Gothic.Spires,GS,Geum.aleppicum,11,0.1,1
2018,Gothic.Spires,GS,Helianthella.quinquenervis,10,0.4,4
2018,Gothic.Spires,GS,Helianthella.quinquenervis,11,1.8,18
2018,Gothic.Spires,GS,Helianthella.quinquenervis,12,0.4,4
2018,Gothic.Spires,GS,Helianthella.quinquenervis,13,0.2,2
2018,Gothic.Spires,GS,Heliomeris.multiflora,10,0.1,1
2018,Gothic.Spires,GS,Heliomeris.multiflora,12,0.8999999999999999,9
2018,Gothic.Spires,GS,Heliomeris.multiflora,13,4,40
2018,Gothic.Spires,GS,Heliomeris.multiflora,14,7.8,78
2018,Gothic.Spires,GS,Heliomeris.multiflora,15,8.1,81
2018,Gothic.Spires,GS,Heliomeris.multiflora,16,6.8,68
2018,Gothic.Spires,GS,Heliomeris.multiflora,17,3.8,38
2018,Gothic.Spires,GS,Heracleum.sphondylium,9,0.2,2
2018,Gothic.Spires,GS,Heracleum.sphondylium,10,0.2,2
2018,Gothic.Spires,GS,Heracleum.sphondylium,11,0.2,2
2018,Gothic.Spires,GS,Heracleum.sphondylium,12,0.1,1
2018,Gothic.Spires,GS,Heterotheca.villosa,11,0.3,3
2018,Gothic.Spires,GS,Heterotheca.villosa,12,0.5,5
2018,Gothic.Spires,GS,Hydrophyllum.capitatum,6,7,70
2018,Gothic.Spires,GS,Hydrophyllum.capitatum,7,3.2,32
2018,Gothic.Spires,GS,Hydrophyllum.fendleri,7,0.2,2
2018,Gothic.Spires,GS,Hydrophyllum.fendleri,8,0.3,3
2018,Gothic.Spires,GS,Hydrophyllum.fendleri,9,5.1,51
2018,Gothic.Spires,GS,Lathyrus.leucanthus,7,10,100
2018,Gothic.Spires,GS,Lathyrus.leucanthus,8,45.1,451
2018,Gothic.Spires,GS,Lathyrus.leucanthus,9,40.9,409
2018,Gothic.Spires,GS,Lathyrus.leucanthus,10,4.5,45
2018,Gothic.Spires,GS,Ligularia.bigelovii,13,0.4,4
2018,Gothic.Spires,GS,Ligularia.bigelovii,14,0.3,3
2018,Gothic.Spires,GS,Ligusticum.porteri,9,9.8,98
2018,Gothic.Spires,GS,Ligusticum.porteri,10,11.2,112
2018,Gothic.Spires,GS,Ligusticum.porteri,11,12.4,124
2018,Gothic.Spires,GS,Ligusticum.porteri,12,1.8,18
2018,Gothic.Spires,GS,Ligusticum.porteri,13,0.1,1
2018,Gothic.Spires,GS,Mertensia.ciliata,8,17.2,172
2018,Gothic.Spires,GS,Mertensia.ciliata,9,72.7,727
2018,Gothic.Spires,GS,Mertensia.ciliata,10,19,190
2018,Gothic.Spires,GS,Mertensia.ciliata,11,8.4,84
2018,Gothic.Spires,GS,Mertensia.ciliata,12,2.3,23
2018,Gothic.Spires,GS,Mertensia.ciliata,13,0.3,3
2018,Gothic.Spires,GS,Mertensia.fusiformis,5,19,190
2018,Gothic.Spires,GS,Mertensia.fusiformis,6,18.5,185
2018,Gothic.Spires,GS,Mertensia.fusiformis,7,8.1,81
2018,Gothic.Spires,GS,Pentaphylloides.floribunda,9,2.7,27
2018,Gothic.Spires,GS,Pentaphylloides.floribunda,10,3.7,37
2018,Gothic.Spires,GS,Pentaphylloides.floribunda,11,4.9,49
2018,Gothic.Spires,GS,Pentaphylloides.floribunda,12,6.1,61
2018,Gothic.Spires,GS,Pentaphylloides.floribunda,13,8.4,84
2018,Gothic.Spires,GS,Pentaphylloides.floribunda,14,5.1,51
2018,Gothic.Spires,GS,Pentaphylloides.floribunda,15,3,30
2018,Gothic.Spires,GS,Pentaphylloides.floribunda,16,0.6,6
2018,Gothic.Spires,GS,Pentaphylloides.floribunda,17,0.1,1
2018,Gothic.Spires,GS,Potentilla.pulcherrima,8,3.1999999999999997,32
2018,Gothic.Spires,GS,Potentilla.pulcherrima,9,27.599999999999998,276
2018,Gothic.Spires,GS,Potentilla.pulcherrima,10,42.9,429
2018,Gothic.Spires,GS,Potentilla.pulcherrima,11,34,340
2018,Gothic.Spires,GS,Potentilla.pulcherrima,12,29.1,291
2018,Gothic.Spires,GS,Potentilla.pulcherrima,13,6.8,68
2018,Gothic.Spires,GS,Potentilla.pulcherrima,14,2,20
2018,Gothic.Spires,GS,Potentilla.pulcherrima,15,0.2,2
2018,Gothic.Spires,GS,Pseudocymopterus.montanus,5,0.5,5
2018,Gothic.Spires,GS,Pseudocymopterus.montanus,6,0.2,2
2018,Gothic.Spires,GS,Pseudocymopterus.montanus,7,3.2,32
2018,Gothic.Spires,GS,Pseudocymopterus.montanus,8,1.1,11
2018,Gothic.Spires,GS,Pseudocymopterus.montanus,9,1.3,13
2018,Gothic.Spires,GS,Pseudocymopterus.montanus,10,0.4,4
2018,Gothic.Spires,GS,Pseudocymopterus.montanus,11,0.2,2
2018,Gothic.Spires,GS,Ranunculus.inamoenus,5,0.30000000000000004,3
2018,Gothic.Spires,GS,Ranunculus.inamoenus,6,0.7,7
2018,Gothic.Spires,GS,Ranunculus.inamoenus,7,0.1,1
2018,Gothic.Spires,GS,Salix.sp,3,0.1,1
2018,Gothic.Spires,GS,Salix.sp,4,0.1,1
2018,Gothic.Spires,GS,Senecio.integerrimus,7,10.5,105
2018,Gothic.Spires,GS,Senecio.integerrimus,8,22.2,222
2018,Gothic.Spires,GS,Senecio.integerrimus,9,8,80
2018,Gothic.Spires,GS,Senecio.integerrimus,10,0.6,6
2018,Gothic.Spires,GS,Solidago.multiradiata,11,5.7,57
2018,Gothic.Spires,GS,Solidago.multiradiata,12,12.4,124
2018,Gothic.Spires,GS,Solidago.multiradiata,13,10,100
2018,Gothic.Spires,GS,Solidago.multiradiata,14,1.3,13
2018,Gothic.Spires,GS,Solidago.multiradiata,15,1.8,18
2018,Gothic.Spires,GS,Taraxacum.officinale,6,27.4,274
2018,Gothic.Spires,GS,Taraxacum.officinale,7,118.2,1182
2018,Gothic.Spires,GS,Taraxacum.officinale,8,18,180
2018,Gothic.Spires,GS,Taraxacum.officinale,9,1.2,12
2018,Gothic.Spires,GS,Trifolium.pratense,11,1.4,14
2018,Gothic.Spires,GS,Trifolium.pratense,12,3.2,32
2018,Gothic.Spires,GS,Trifolium.pratense,13,3.0999999999999996,31
2018,Gothic.Spires,GS,Trifolium.pratense,14,2,20
2018,Gothic.Spires,GS,Trifolium.pratense,15,1.4,14
2018,Gothic.Spires,GS,Trifolium.pratense,17,0.1,1
2018,Gothic.Spires,GS,Trifolium.repens,15,0.1,1
2018,Gothic.Spires,GS,Valeriana.occidentalis,6,1.3,13
2018,Gothic.Spires,GS,Valeriana.occidentalis,7,1.1,11
2018,Gothic.Spires,GS,Valeriana.occidentalis,8,0.6,6
2018,Gothic.Spires,GS,Valeriana.occidentalis,9,0.6,6
2018,Gothic.Spires,GS,Valeriana.occidentalis,10,0.1,1
2018,Gothic.Spires,GS,Valeriana.occidentalis,11,0.1,1
2018,Gothic.Spires,GS,Vicia.americana,8,1.2,12
2018,Gothic.Spires,GS,Vicia.americana,9,67.7,677
2018,Gothic.Spires,GS,Vicia.americana,10,34.7,347
2018,Gothic.Spires,GS,Vicia.americana,11,1.8,18
2018,Gothic.Spires,GS,Viola.adunca,6,1.5999999999999999,16
2018,Gothic.Spires,GS,Viola.adunca,7,1.7000000000000002,17
2018,Gothic.Spires,GS,Viola.praemorsa,5,0.1,1
2018,Gothic.Spires,GS,Viola.praemorsa,6,24,240
2018,Gothic.Spires,GS,Viola.praemorsa,7,3.2,32
2018,Rosy.Hills,RH,Achillea.millefolium,10,0.4,4
2018,Rosy.Hills,RH,Achillea.millefolium,11,0.7,7
2018,Rosy.Hills,RH,Achillea.millefolium,12,1.3,13
2018,Rosy.Hills,RH,Achillea.millefolium,13,1,10
2018,Rosy.Hills,RH,Achillea.millefolium,14,0.9,9
2018,Rosy.Hills,RH,Achillea.millefolium,15,0.7,7
2018,Rosy.Hills,RH,Achillea.millefolium,16,0.4,4
2018,Rosy.Hills,RH,Achillea.millefolium,17,0.2,2
2018,Rosy.Hills,RH,Aconitum.columbianum,10,2.7,27
2018,Rosy.Hills,RH,Aconitum.columbianum,11,8.4,84
2018,Rosy.Hills,RH,Aconitum.columbianum,12,7.800000000000001,78
2018,Rosy.Hills,RH,Aconitum.columbianum,13,3,30
2018,Rosy.Hills,RH,Adenolinum.lewisii,8,0.3,3
2018,Rosy.Hills,RH,Adenolinum.lewisii,9,1.3,13
2018,Rosy.Hills,RH,Adenolinum.lewisii,10,1.3,13
2018,Rosy.Hills,RH,Adenolinum.lewisii,11,0.30000000000000004,3
2018,Rosy.Hills,RH,Agastache.urticifolia,12,0.2,2
2018,Rosy.Hills,RH,Agastache.urticifolia,13,3.1,31
2018,Rosy.Hills,RH,Agastache.urticifolia,14,0.9,9
2018,Rosy.Hills,RH,Agastache.urticifolia,15,2.5,25
2018,Rosy.Hills,RH,Agastache.urticifolia,16,1.1,11
2018,Rosy.Hills,RH,Agastache.urticifolia,17,0.5,5
2018,Rosy.Hills,RH,Anticlea.elegans,12,0.3,3
2018,Rosy.Hills,RH,Aquilegia.coerulea,9,0.1,1
2018,Rosy.Hills,RH,Campanula.parryi,13,0.1,1
2018,Rosy.Hills,RH,Castilleja.linariifolia,13,0.1,1
2018,Rosy.Hills,RH,Chrysothamnus.viscidiflorus,14,0.3,3
2018,Rosy.Hills,RH,Chrysothamnus.viscidiflorus,15,1.7,17
2018,Rosy.Hills,RH,Chrysothamnus.viscidiflorus,16,0.4,4
2018,Rosy.Hills,RH,Chrysothamnus.viscidiflorus,17,0.8,8
2018,Rosy.Hills,RH,Chrysothamnus.viscidiflorus,18,0.6,6
2018,Rosy.Hills,RH,Cirsium.parryi,13,0.3,3
2018,Rosy.Hills,RH,Cirsium.parryi,14,0.1,1
2018,Rosy.Hills,RH,Cirsium.parryi,15,0.1,1
2018,Rosy.Hills,RH,Cirsium.parryi,16,0.1,1
2018,Rosy.Hills,RH,Claytonia.lanceolata,3,11.799999999999999,118
2018,Rosy.Hills,RH,Claytonia.lanceolata,4,75.39999999999999,754
2018,Rosy.Hills,RH,Claytonia.lanceolata,5,42.300000000000004,423
2018,Rosy.Hills,RH,Claytonia.lanceolata,6,1.8,18
2018,Rosy.Hills,RH,Delphinium.barbeyi,10,3.7,37
2018,Rosy.Hills,RH,Delphinium.barbeyi,11,9.9,99
2018,Rosy.Hills,RH,Delphinium.barbeyi,12,10.5,105
2018,Rosy.Hills,RH,Delphinium.barbeyi,13,1.5,15
2018,Rosy.Hills,RH,Delphinium.nuttallianum,6,3.1,31
2018,Rosy.Hills,RH,Delphinium.nuttallianum,7,9.7,97
2018,Rosy.Hills,RH,Delphinium.nuttallianum,8,1,10
2018,Rosy.Hills,RH,Eremogone.congesta,8,3.2,32
2018,Rosy.Hills,RH,Eremogone.congesta,9,172.3,1723
2018,Rosy.Hills,RH,Eremogone.congesta,10,203.4,2034
2018,Rosy.Hills,RH,Eremogone.congesta,11,127.6,1276
2018,Rosy.Hills,RH,Eremogone.congesta,12,4.2,42
2018,Rosy.Hills,RH,Eremogone.congesta,13,0.9,9
2018,Rosy.Hills,RH,Eremogone.congesta,14,1.3,13
2018,Rosy.Hills,RH,Ericameria.parryi,13,0.2,2
2018,Rosy.Hills,RH,Ericameria.parryi,14,2.1999999999999997,22
2018,Rosy.Hills,RH,Ericameria.parryi,15,14.299999999999999,143
2018,Rosy.Hills,RH,Ericameria.parryi,16,18,180
2018,Rosy.Hills,RH,Ericameria.parryi,17,9,90
2018,Rosy.Hills,RH,Ericameria.parryi,18,2.1999999999999997,22
2018,Rosy.Hills,RH,Erigeron.elatior,11,1.7000000000000002,17
2018,Rosy.Hills,RH,Erigeron.elatior,12,4.6000000000000005,46
2018,Rosy.Hills,RH,Erigeron.elatior,13,8.2,82
2018,Rosy.Hills,RH,Erigeron.elatior,14,5.3,53
2018,Rosy.Hills,RH,Erigeron.elatior,15,0.1,1
2018,Rosy.Hills,RH,Erigeron.speciosus,10,0.3,3
2018,Rosy.Hills,RH,Erigeron.speciosus,11,12.1,121
2018,Rosy.Hills,RH,Erigeron.speciosus,12,19.5,195
2018,Rosy.Hills,RH,Erigeron.speciosus,13,19.2,192
2018,Rosy.Hills,RH,Erigeron.speciosus,14,7.7,77
2018,Rosy.Hills,RH,Erigeron.speciosus,15,0.2,2
2018,Rosy.Hills,RH,Erigeron.speciosus,16,0.1,1
2018,Rosy.Hills,RH,Eriogonum.subalpinum,8,1.1,11
2018,Rosy.Hills,RH,Eriogonum.subalpinum,9,4.8999999999999995,49
2018,Rosy.Hills,RH,Eriogonum.subalpinum,10,2.7,27
2018,Rosy.Hills,RH,Eriogonum.subalpinum,11,0.9,9
2018,Rosy.Hills,RH,Eriogonum.subalpinum,12,0.3,3
2018,Rosy.Hills,RH,Eriogonum.umbellatum,8,15,150
2018,Rosy.Hills,RH,Eriogonum.umbellatum,9,20.3,203
2018,Rosy.Hills,RH,Eriogonum.umbellatum,10,15.4,154
2018,Rosy.Hills,RH,Eriogonum.umbellatum,11,7.7,77
2018,Rosy.Hills,RH,Eriogonum.umbellatum,12,0.1,1
2018,Rosy.Hills,RH,Eriogonum.umbellatum,13,0.1,1
2018,Rosy.Hills,RH,Erysimum.capitatum,7,0.3,3
2018,Rosy.Hills,RH,Erythrocoma.triflora,8,0.2,2
2018,Rosy.Hills,RH,Eucephalus.engelmannii,11,0.2,2
2018,Rosy.Hills,RH,Eucephalus.engelmannii,12,0.3,3
2018,Rosy.Hills,RH,Eucephalus.engelmannii,13,7,70
2018,Rosy.Hills,RH,Eucephalus.engelmannii,14,4,40
2018,Rosy.Hills,RH,Eucephalus.engelmannii,15,0.8,8
2018,Rosy.Hills,RH,Geranium.richardsonii,8,0.4,4
2018,Rosy.Hills,RH,Geranium.richardsonii,9,0.2,2
2018,Rosy.Hills,RH,Geranium.richardsonii,10,0.2,2
2018,Rosy.Hills,RH,Geranium.richardsonii,11,0.4,4
2018,Rosy.Hills,RH,Geranium.richardsonii,12,0.2,2
2018,Rosy.Hills,RH,Helianthella.quinquenervis,10,0.7,7
2018,Rosy.Hills,RH,Helianthella.quinquenervis,11,10.6,106
2018,Rosy.Hills,RH,Helianthella.quinquenervis,12,10.1,101
2018,Rosy.Hills,RH,Helianthella.quinquenervis,13,3.8000000000000003,38
2018,Rosy.Hills,RH,Helianthella.quinquenervis,14,0.8,8
2018,Rosy.Hills,RH,Heliomeris.multiflora,15,0.4,4
2018,Rosy.Hills,RH,Heliomeris.multiflora,16,0.6,6
2018,Rosy.Hills,RH,Heliomeris.multiflora,17,1.6,16
2018,Rosy.Hills,RH,Heliomeris.multiflora,18,1.1,11
2018,Rosy.Hills,RH,Heliomeris.multiflora,19,0.6,6
2018,Rosy.Hills,RH,Heracleum.sphondylium,10,0.2,2
2018,Rosy.Hills,RH,Heracleum.sphondylium,11,0.7000000000000001,7
2018,Rosy.Hills,RH,Heracleum.sphondylium,12,0.9500000000000001,9.5
2018,Rosy.Hills,RH,Heracleum.sphondylium,13,0.6000000000000001,6
2018,Rosy.Hills,RH,Heracleum.sphondylium,14,0.2,2
2018,Rosy.Hills,RH,Hydrophyllum.fendleri,7,1.2,12
2018,Rosy.Hills,RH,Hydrophyllum.fendleri,8,7,70
2018,Rosy.Hills,RH,Hydrophyllum.fendleri,9,2.8,28
2018,Rosy.Hills,RH,Ipomopsis.aggregata,8,0.1,1
2018,Rosy.Hills,RH,Ipomopsis.aggregata,9,1.4,14
2018,Rosy.Hills,RH,Ipomopsis.aggregata,10,0.7,7
2018,Rosy.Hills,RH,Ipomopsis.aggregata,11,1,10
2018,Rosy.Hills,RH,Ipomopsis.aggregata,16,0.1,1
2018,Rosy.Hills,RH,Lathyrus.leucanthus,7,1.5,15
2018,Rosy.Hills,RH,Lathyrus.leucanthus,8,4.4,44
2018,Rosy.Hills,RH,Lathyrus.leucanthus,9,1.1,11
2018,Rosy.Hills,RH,Lathyrus.leucanthus,10,0.2,2
2018,Rosy.Hills,RH,Ligusticum.porteri,9,3.8,38
2018,Rosy.Hills,RH,Ligusticum.porteri,10,11.1,111
2018,Rosy.Hills,RH,Ligusticum.porteri,11,9.8,98
2018,Rosy.Hills,RH,Ligusticum.porteri,12,1.8,18
2018,Rosy.Hills,RH,Lupinus.bakeri,8,0.1,1
2018,Rosy.Hills,RH,Lupinus.bakeri,9,2.9000000000000004,29
2018,Rosy.Hills,RH,Lupinus.bakeri,10,2.5,25
2018,Rosy.Hills,RH,Mahonia.repens,7,1.8,18
2018,Rosy.Hills,RH,Mertensia.fusiformis,4,32.2,322
2018,Rosy.Hills,RH,Mertensia.fusiformis,5,45.5,455
2018,Rosy.Hills,RH,Mertensia.fusiformis,6,10.7,107
2018,Rosy.Hills,RH,Mertensia.fusiformis,7,0.5,5
2018,Rosy.Hills,RH,Noccaea.fendleri,5,0.5,5
2018,Rosy.Hills,RH,Noccaea.fendleri,6,0.1,1
2018,Rosy.Hills,RH,Noccaea.fendleri,7,0.1,1
2018,Rosy.Hills,RH,Pentaphylloides.floribunda,8,0.1,1
2018,Rosy.Hills,RH,Pentaphylloides.floribunda,9,1,10
2018,Rosy.Hills,RH,Pentaphylloides.floribunda,10,0.6,6
2018,Rosy.Hills,RH,Pentaphylloides.floribunda,11,0.2,2
2018,Rosy.Hills,RH,Pentaphylloides.floribunda,12,0.6,6
2018,Rosy.Hills,RH,Pentaphylloides.floribunda,13,0.4,4
2018,Rosy.Hills,RH,Pentaphylloides.floribunda,14,0.5,5
2018,Rosy.Hills,RH,Potentilla.pulcherrima,7,1,10
2018,Rosy.Hills,RH,Potentilla.pulcherrima,8,0.1,1
2018,Rosy.Hills,RH,Potentilla.pulcherrima,9,1.2,12
2018,Rosy.Hills,RH,Potentilla.pulcherrima,10,2.5,25
2018,Rosy.Hills,RH,Potentilla.pulcherrima,11,1.7999999999999998,18
2018,Rosy.Hills,RH,Potentilla.pulcherrima,12,1.5,15
2018,Rosy.Hills,RH,Potentilla.pulcherrima,13,0.6000000000000001,6
2018,Rosy.Hills,RH,Potentilla.pulcherrima,14,0.1,1
2018,Rosy.Hills,RH,Pseudocymopterus.montanus,6,0.1,1
2018,Rosy.Hills,RH,Pseudocymopterus.montanus,7,0.5,5
2018,Rosy.Hills,RH,Pseudocymopterus.montanus,8,0.6,6
2018,Rosy.Hills,RH,Pseudocymopterus.montanus,9,0.5,5
2018,Rosy.Hills,RH,Pseudocymopterus.montanus,10,0.30000000000000004,3
2018,Rosy.Hills,RH,Pseudocymopterus.montanus,11,0.1,1
2018,Rosy.Hills,RH,Pseudocymopterus.montanus,12,0.1,1
2018,Rosy.Hills,RH,Pyrrocoma.crocea,12,0.3,3
2018,Rosy.Hills,RH,Pyrrocoma.crocea,13,0.7999999999999999,8
2018,Rosy.Hills,RH,Pyrrocoma.crocea,14,0.3,3
2018,Rosy.Hills,RH,Pyrrocoma.crocea,15,0.1,1
2018,Rosy.Hills,RH,Ranunculus.inamoenus,7,0.1,1
2018,Rosy.Hills,RH,Rosa.woodsii,10,0.2,2
2018,Rosy.Hills,RH,Senecio.integerrimus,6,0.1,1
2018,Rosy.Hills,RH,Senecio.integerrimus,7,1,10
2018,Rosy.Hills,RH,Senecio.integerrimus,8,10.5,105
2018,Rosy.Hills,RH,Senecio.integerrimus,9,1.9,19
2018,Rosy.Hills,RH,Senecio.serra,13,0.1,1
2018,Rosy.Hills,RH,Senecio.serra,14,0.1,1
2018,Rosy.Hills,RH,Symphoricarpos.rotundifolius,9,19.8,198
2018,Rosy.Hills,RH,Symphoricarpos.rotundifolius,10,8.9,89
2018,Rosy.Hills,RH,Symphoricarpos.rotundifolius,11,0.30000000000000004,3
2018,Rosy.Hills,RH,Symphoricarpos.rotundifolius,12,0.2,2
2018,Rosy.Hills,RH,Taraxacum.officinale,7,0.1,1
2018,Rosy.Hills,RH,Valeriana.occidentalis,5,0.7,7
2018,Rosy.Hills,RH,Valeriana.occidentalis,6,2.5,25
2018,Rosy.Hills,RH,Valeriana.occidentalis,7,2.3000000000000003,23
2018,Rosy.Hills,RH,Valeriana.occidentalis,8,2.2,22
2018,Rosy.Hills,RH,Valeriana.occidentalis,9,0.7999999999999999,8
2018,Rosy.Hills,RH,Valeriana.occidentalis,10,0.1,1
2018,Rosy.Hills,RH,Vicia.americana,8,0.3,3
2018,Rosy.Hills,RH,Vicia.americana,9,2.4,24
2018,Rosy.Hills,RH,Vicia.americana,10,1.8,18
2018,Rosy.Hills,RH,Vicia.americana,11,0.8,8
2018,Rosy.Hills,RH,Viola.praemorsa,5,0.2,2
2018,Rosy.Hills,RH,Viola.praemorsa,6,0.9,9
2018,Rosy.Hills,RH,Wyethia.arizonica,8,0.4,4
2018,Rosy.Hills,RH,Wyethia.arizonica,9,2.1,21
2018,Rosy.Hills,RH,Wyethia.arizonica,10,1.8,18
2018,Rosy.Hills,RH,Wyethia.arizonica,11,1.2,12
2018,Rosy.Hills,RH,Wyethia.arizonica,12,0.1,1
2018,Stormy.Pass,SP,Achillea.millefolium,10,0.5,5
2018,Stormy.Pass,SP,Achillea.millefolium,11,1,10
2018,Stormy.Pass,SP,Achillea.millefolium,12,2.5,25
2018,Stormy.Pass,SP,Achillea.millefolium,13,3.1,31
2018,Stormy.Pass,SP,Achillea.millefolium,14,4.3,43
2018,Stormy.Pass,SP,Achillea.millefolium,15,3.9,39
2018,Stormy.Pass,SP,Achillea.millefolium,16,3.4,34
2018,Stormy.Pass,SP,Achillea.millefolium,17,3.4,34
2018,Stormy.Pass,SP,Achillea.millefolium,18,1.5,15
2018,Stormy.Pass,SP,Achillea.millefolium,19,0.4,4
2018,Stormy.Pass,SP,Adenolinum.lewisii,8,0.4,4
2018,Stormy.Pass,SP,Adenolinum.lewisii,9,2.9,29
2018,Stormy.Pass,SP,Adenolinum.lewisii,10,3.1,31
2018,Stormy.Pass,SP,Adenolinum.lewisii,11,1,10
2018,Stormy.Pass,SP,Adenolinum.lewisii,12,0.1,1
2018,Stormy.Pass,SP,Adenolinum.lewisii,13,0.1,1
2018,Stormy.Pass,SP,Agoseris.aurantiaca,10,0.1,1
2018,Stormy.Pass,SP,Agoseris.aurantiaca,13,0.1,1
2018,Stormy.Pass,SP,Agoseris.aurantiaca,15,0.2,2
2018,Stormy.Pass,SP,Agoseris.glauca,12,0.30000000000000004,3
2018,Stormy.Pass,SP,Agoseris.glauca,13,0.3,3
2018,Stormy.Pass,SP,Aster.foliaceus,15,0.2,2
2018,Stormy.Pass,SP,Aster.foliaceus,16,0.1,1
2018,Stormy.Pass,SP,Cirsium.parryi,12,0.1,1
2018,Stormy.Pass,SP,Cirsium.parryi,14,0.7,7
2018,Stormy.Pass,SP,Cirsium.parryi,15,0.4,4
2018,Stormy.Pass,SP,Cirsium.parryi,16,0.2,2
2018,Stormy.Pass,SP,Claytonia.lanceolata,3,0.9,9
2018,Stormy.Pass,SP,Claytonia.lanceolata,4,1.1,11
2018,Stormy.Pass,SP,Claytonia.lanceolata,5,0.1,1
2018,Stormy.Pass,SP,Delphinium.barbeyi,10,0.6,6
2018,Stormy.Pass,SP,Delphinium.barbeyi,11,2.5,25
2018,Stormy.Pass,SP,Delphinium.barbeyi,12,9,90
2018,Stormy.Pass,SP,Delphinium.barbeyi,13,6.7,67
2018,Stormy.Pass,SP,Delphinium.barbeyi,14,2.4,24
2018,Stormy.Pass,SP,Delphinium.nuttallianum,5,0.1,1
2018,Stormy.Pass,SP,Delphinium.nuttallianum,6,2.9,29
2018,Stormy.Pass,SP,Delphinium.nuttallianum,7,10.1,101
2018,Stormy.Pass,SP,Delphinium.nuttallianum,8,2.1,21
2018,Stormy.Pass,SP,Delphinium.nuttallianum,9,0.1,1
2018,Stormy.Pass,SP,Delphinium.nuttallianum,10,0.1,1
2018,Stormy.Pass,SP,Dugaldia.hoopesii,8,0.6,6
2018,Stormy.Pass,SP,Dugaldia.hoopesii,9,1.1,11
2018,Stormy.Pass,SP,Dugaldia.hoopesii,10,3.4,34
2018,Stormy.Pass,SP,Dugaldia.hoopesii,11,4.9,49
2018,Stormy.Pass,SP,Dugaldia.hoopesii,12,6.6000000000000005,66
2018,Stormy.Pass,SP,Dugaldia.hoopesii,13,6.3,63
2018,Stormy.Pass,SP,Dugaldia.hoopesii,14,3.1,31
2018,Stormy.Pass,SP,Dugaldia.hoopesii,15,0.7,7
2018,Stormy.Pass,SP,Dugaldia.hoopesii,19,0.1,1
2018,Stormy.Pass,SP,Erigeron.coulteri,13,0.3,3
2018,Stormy.Pass,SP,Erigeron.elatior,10,0.1,1
2018,Stormy.Pass,SP,Erigeron.elatior,11,1.7000000000000002,17
2018,Stormy.Pass,SP,Erigeron.elatior,12,16.8,168
2018,Stormy.Pass,SP,Erigeron.elatior,13,20.9,209
2018,Stormy.Pass,SP,Erigeron.elatior,14,20.6,206
2018,Stormy.Pass,SP,Erigeron.elatior,15,6.3,63
2018,Stormy.Pass,SP,Erigeron.elatior,16,0.4,4
2018,Stormy.Pass,SP,Erigeron.elatior,17,0.4,4
2018,Stormy.Pass,SP,Erigeron.speciosus,10,0.1,1
2018,Stormy.Pass,SP,Erigeron.speciosus,11,0.1,1
2018,Stormy.Pass,SP,Erigeron.speciosus,12,6,60
2018,Stormy.Pass,SP,Erigeron.speciosus,13,20.7,207
2018,Stormy.Pass,SP,Erigeron.speciosus,14,24.2,242
2018,Stormy.Pass,SP,Erigeron.speciosus,15,7,70
2018,Stormy.Pass,SP,Erigeron.speciosus,16,2.6,26
2018,Stormy.Pass,SP,Erigeron.speciosus,17,0.9,9
2018,Stormy.Pass,SP,Erigeron.speciosus,18,0.1,1
2018,Stormy.Pass,SP,Fragaria.virginiana,4,0.5,5
2018,Stormy.Pass,SP,Fragaria.virginiana,5,2.1,21
2018,Stormy.Pass,SP,Fragaria.virginiana,6,5,50
2018,Stormy.Pass,SP,Fragaria.virginiana,7,14.2,142
2018,Stormy.Pass,SP,Fragaria.virginiana,8,19.7,197
2018,Stormy.Pass,SP,Fragaria.virginiana,9,8.2,82
2018,Stormy.Pass,SP,Fragaria.virginiana,10,1.4000000000000001,14
2018,Stormy.Pass,SP,Fragaria.virginiana,11,0.3,3
2018,Stormy.Pass,SP,Gentiana.parryi,16,0.4,4
2018,Stormy.Pass,SP,Gentiana.parryi,17,1,10
2018,Stormy.Pass,SP,Gentiana.parryi,18,0.4,4
2018,Stormy.Pass,SP,Geranium.richardsonii,8,0.1,1
2018,Stormy.Pass,SP,Geranium.richardsonii,9,2,20
2018,Stormy.Pass,SP,Geranium.richardsonii,10,2.6,26
2018,Stormy.Pass,SP,Geranium.richardsonii,11,3.4000000000000004,34
2018,Stormy.Pass,SP,Geranium.richardsonii,12,1.4,14
2018,Stormy.Pass,SP,Geranium.richardsonii,13,0.4,4
2018,Stormy.Pass,SP,Geranium.richardsonii,14,0.1,1
2018,Stormy.Pass,SP,Helianthella.quinquenervis,11,0.1,1
2018,Stormy.Pass,SP,Helianthella.quinquenervis,12,0.1,1
2018,Stormy.Pass,SP,Helianthella.quinquenervis,13,0.2,2
2018,Stormy.Pass,SP,Helianthella.quinquenervis,14,0.2,2
2018,Stormy.Pass,SP,Heliomeris.multiflora,13,0.2,2
2018,Stormy.Pass,SP,Heliomeris.multiflora,14,1.6,16
2018,Stormy.Pass,SP,Heliomeris.multiflora,15,7.9,79
2018,Stormy.Pass,SP,Heliomeris.multiflora,16,14.2,142
2018,Stormy.Pass,SP,Heliomeris.multiflora,17,16.5,165
2018,Stormy.Pass,SP,Heliomeris.multiflora,18,3.3,33
2018,Stormy.Pass,SP,Heliomeris.multiflora,19,0.30000000000000004,3
2018,Stormy.Pass,SP,Heracleum.sphondylium,9,0.2,2
2018,Stormy.Pass,SP,Heracleum.sphondylium,10,0.2,2
2018,Stormy.Pass,SP,Heracleum.sphondylium,11,0.7,7
2018,Stormy.Pass,SP,Heracleum.sphondylium,12,0.8,8
2018,Stormy.Pass,SP,Heracleum.sphondylium,13,0.5,5
2018,Stormy.Pass,SP,Hydrophyllum.fendleri,7,0.7,7
2018,Stormy.Pass,SP,Hydrophyllum.fendleri,8,4.5,45
2018,Stormy.Pass,SP,Hydrophyllum.fendleri,9,10.3,103
2018,Stormy.Pass,SP,Hydrophyllum.fendleri,10,8.5,85
2018,Stormy.Pass,SP,Hydrophyllum.fendleri,11,0.9,9
2018,Stormy.Pass,SP,Hydrophyllum.fendleri,12,0.2,2
2018,Stormy.Pass,SP,Lathyrus.leucanthus,6,2,20
2018,Stormy.Pass,SP,Lathyrus.leucanthus,7,28,280
2018,Stormy.Pass,SP,Lathyrus.leucanthus,8,77.7,777
2018,Stormy.Pass,SP,Lathyrus.leucanthus,9,167.6,1676
2018,Stormy.Pass,SP,Lathyrus.leucanthus,10,78.1,781
2018,Stormy.Pass,SP,Lathyrus.leucanthus,11,9.7,97
2018,Stormy.Pass,SP,Lathyrus.leucanthus,12,1.9,19
2018,Stormy.Pass,SP,Lathyrus.leucanthus,13,0.4,4
2018,Stormy.Pass,SP,Ligularia.bigelovii,12,0.1,1
2018,Stormy.Pass,SP,Ligularia.bigelovii,13,1.9000000000000001,19
2018,Stormy.Pass,SP,Ligularia.bigelovii,14,1.8,18
2018,Stormy.Pass,SP,Ligularia.bigelovii,15,0.7,7
2018,Stormy.Pass,SP,Ligularia.bigelovii,17,0.2,2
2018,Stormy.Pass,SP,Ligusticum.porteri,9,0.7,7
2018,Stormy.Pass,SP,Ligusticum.porteri,10,1.8,18
2018,Stormy.Pass,SP,Ligusticum.porteri,11,2.1,21
2018,Stormy.Pass,SP,Ligusticum.porteri,12,0.8,8
2018,Stormy.Pass,SP,Mertensia.ciliata,8,0.1,1
2018,Stormy.Pass,SP,Mertensia.ciliata,9,8.799999999999999,88
2018,Stormy.Pass,SP,Mertensia.ciliata,10,18.5,185
2018,Stormy.Pass,SP,Mertensia.ciliata,11,22.400000000000002,224
2018,Stormy.Pass,SP,Mertensia.ciliata,12,10.8,108
2018,Stormy.Pass,SP,Mertensia.ciliata,13,0.4,4
2018,Stormy.Pass,SP,Mertensia.fusiformis,3,6.9,69
2018,Stormy.Pass,SP,Mertensia.fusiformis,4,57.800000000000004,578
2018,Stormy.Pass,SP,Mertensia.fusiformis,5,43.4,434
2018,Stormy.Pass,SP,Mertensia.fusiformis,6,31.2,312
2018,Stormy.Pass,SP,Mertensia.fusiformis,7,6.3,63
2018,Stormy.Pass,SP,Mertensia.fusiformis,8,0.7,7
2018,Stormy.Pass,SP,Noccaea.fendleri,3,0.3,3
2018,Stormy.Pass,SP,Noccaea.fendleri,4,1.9,19
2018,Stormy.Pass,SP,Noccaea.fendleri,5,2,20
2018,Stormy.Pass,SP,Noccaea.fendleri,6,1.5,15
2018,Stormy.Pass,SP,Noccaea.fendleri,7,1.2,12
2018,Stormy.Pass,SP,Pentaphylloides.floribunda,11,0.3,3
2018,Stormy.Pass,SP,Pentaphylloides.floribunda,15,0.1,1
2018,Stormy.Pass,SP,Potentilla.pulcherrima,8,12.5,125
2018,Stormy.Pass,SP,Potentilla.pulcherrima,9,89.3,893
2018,Stormy.Pass,SP,Potentilla.pulcherrima,10,137.5,1375
2018,Stormy.Pass,SP,Potentilla.pulcherrima,11,219.7,2197
2018,Stormy.Pass,SP,Potentilla.pulcherrima,12,193.1,1931
2018,Stormy.Pass,SP,Potentilla.pulcherrima,13,51.6,516
2018,Stormy.Pass,SP,Potentilla.pulcherrima,14,33.2,332
2018,Stormy.Pass,SP,Potentilla.pulcherrima,15,0.30000000000000004,3
2018,Stormy.Pass,SP,Potentilla.pulcherrima,16,0.2,2
2018,Stormy.Pass,SP,Pseudocymopterus.montanus,6,1.2,12
2018,Stormy.Pass,SP,Pseudocymopterus.montanus,7,1.4,14
2018,Stormy.Pass,SP,Pseudocymopterus.montanus,8,2.6999999999999997,27
2018,Stormy.Pass,SP,Pseudocymopterus.montanus,9,3,30
2018,Stormy.Pass,SP,Pseudocymopterus.montanus,10,1.8,18
2018,Stormy.Pass,SP,Pseudocymopterus.montanus,11,1.6,16
2018,Stormy.Pass,SP,Pseudocymopterus.montanus,12,0.1,1
2018,Stormy.Pass,SP,Ranunculus.inamoenus,3,0.4,4
2018,Stormy.Pass,SP,Ranunculus.inamoenus,4,1.3,13
2018,Stormy.Pass,SP,Ranunculus.inamoenus,5,5.1000000000000005,51
2018,Stormy.Pass,SP,Ranunculus.inamoenus,6,6.3999999999999995,64
2018,Stormy.Pass,SP,Ranunculus.inamoenus,7,3.1,31
2018,Stormy.Pass,SP,Ranunculus.inamoenus,8,1,10
2018,Stormy.Pass,SP,Salix.wolfii,5,3.7,37
2018,Stormy.Pass,SP,Salix.wolfii,6,9.3,93
2018,Stormy.Pass,SP,Taraxacum.officinale,4,0.5,5
2018,Stormy.Pass,SP,Taraxacum.officinale,5,1.7000000000000002,17
2018,Stormy.Pass,SP,Taraxacum.officinale,6,2.7,27
2018,Stormy.Pass,SP,Taraxacum.officinale,7,3.3,33
2018,Stormy.Pass,SP,Taraxacum.officinale,8,4.7,47
2018,Stormy.Pass,SP,Taraxacum.officinale,9,0.4,4
2018,Stormy.Pass,SP,Vicia.americana,8,3.1999999999999997,32
2018,Stormy.Pass,SP,Vicia.americana,9,17.7,177
2018,Stormy.Pass,SP,Vicia.americana,10,16.8,168
2018,Stormy.Pass,SP,Vicia.americana,11,10.8,108
2018,Stormy.Pass,SP,Vicia.americana,12,2.2,22
2018,Stormy.Pass,SP,Vicia.americana,13,0.1,1
2018,Stormy.Pass,SP,Viola.praemorsa,5,0.4,4
2018,Stormy.Pass,SP,Viola.praemorsa,6,9.1,91
2018,Stormy.Pass,SP,Viola.praemorsa,7,16,160
2018,Stormy.Pass,SP,Viola.praemorsa,8,2.4,24
2019,Avery.Wash,AW,Achillea.millefolium,8,0.1,1
2019,Avery.Wash,AW,Achillea.millefolium,9,0.6000000000000001,6
2019,Avery.Wash,AW,Achillea.millefolium,10,0.9,9
2019,Avery.Wash,AW,Achillea.millefolium,11,1,10
2019,Avery.Wash,AW,Achillea.millefolium,12,1.3,13
2019,Avery.Wash,AW,Achillea.millefolium,13,1.2,12
2019,Avery.Wash,AW,Achillea.millefolium,14,1,10
2019,Avery.Wash,AW,Achillea.millefolium,15,1,10
2019,Avery.Wash,AW,Achillea.millefolium,16,1.1,11
2019,Avery.Wash,AW,Achillea.millefolium,17,0.30000000000000004,3
2019,Avery.Wash,AW,Adenolinum.lewisii,9,0.1,1
2019,Avery.Wash,AW,Agoseris.aurantiaca,9,1.1,11
2019,Avery.Wash,AW,Agoseris.aurantiaca,10,4.2,42
2019,Avery.Wash,AW,Agoseris.aurantiaca,11,0.1,1
2019,Avery.Wash,AW,Agoseris.aurantiaca,12,0.2,2
2019,Avery.Wash,AW,Agoseris.glauca,9,0.8,8
2019,Avery.Wash,AW,Agoseris.glauca,10,1.1,11
2019,Avery.Wash,AW,Agoseris.glauca,11,0.1,1
2019,Avery.Wash,AW,Aquilegia.coerulea,8,0.4,4
2019,Avery.Wash,AW,Aquilegia.coerulea,9,0.6,6
2019,Avery.Wash,AW,Aquilegia.coerulea,10,0.3,3
2019,Avery.Wash,AW,Arnica.parryi,9,0.3,3
2019,Avery.Wash,AW,Arnica.parryi,10,0.8,8
2019,Avery.Wash,AW,Arnica.parryi,11,0.5,5
2019,Avery.Wash,AW,Arnica.parryi,13,0.2,2
2019,Avery.Wash,AW,Aster.foliaceus,14,0.2,2
2019,Avery.Wash,AW,Aster.foliaceus,15,0.3,3
2019,Avery.Wash,AW,Cirsium.parryi,12,0.4,4
2019,Avery.Wash,AW,Cirsium.parryi,13,0.6,6
2019,Avery.Wash,AW,Cirsium.parryi,14,0.4,4
2019,Avery.Wash,AW,Claytonia.lanceolata,1,0.6,6
2019,Avery.Wash,AW,Claytonia.lanceolata,2,78,780
2019,Avery.Wash,AW,Claytonia.lanceolata,3,290,2900
2019,Avery.Wash,AW,Claytonia.lanceolata,4,92.9,929
2019,Avery.Wash,AW,Claytonia.lanceolata,5,4.2,42
2019,Avery.Wash,AW,Delphinium.barbeyi,9,12.6,126
2019,Avery.Wash,AW,Delphinium.barbeyi,10,35,350
2019,Avery.Wash,AW,Delphinium.barbeyi,11,34.5,345
2019,Avery.Wash,AW,Delphinium.barbeyi,12,46.9,469
2019,Avery.Wash,AW,Delphinium.barbeyi,13,14.299999999999999,143
2019,Avery.Wash,AW,Delphinium.barbeyi,14,2.5,25
2019,Avery.Wash,AW,Delphinium.nuttallianum,4,0.8,8
2019,Avery.Wash,AW,Delphinium.nuttallianum,5,6.7,67
2019,Avery.Wash,AW,Delphinium.nuttallianum,6,42,420
2019,Avery.Wash,AW,Delphinium.nuttallianum,7,22.8,228
2019,Avery.Wash,AW,Delphinium.nuttallianum,8,0.4,4
2019,Avery.Wash,AW,Draba.aurea,5,0.2,2
2019,Avery.Wash,AW,Draba.aurea,6,0.7,7
2019,Avery.Wash,AW,Draba.aurea,7,0.9,9
2019,Avery.Wash,AW,Draba.aurea,8,0.3,3
2019,Avery.Wash,AW,Draba.aurea,9,0.3,3
2019,Avery.Wash,AW,Dugaldia.hoopesii,8,0.2,2
2019,Avery.Wash,AW,Erigeron.elatior,9,1.9000000000000001,19
2019,Avery.Wash,AW,Erigeron.elatior,10,10.2,102
2019,Avery.Wash,AW,Erigeron.elatior,11,24.2,242
2019,Avery.Wash,AW,Erigeron.elatior,12,22.3,223
2019,Avery.Wash,AW,Erigeron.elatior,13,20.6,206
2019,Avery.Wash,AW,Erigeron.elatior,14,9.8,98
2019,Avery.Wash,AW,Erigeron.elatior,15,4.2,42
2019,Avery.Wash,AW,Erigeron.speciosus,10,2.4,24
2019,Avery.Wash,AW,Erigeron.speciosus,11,3.1999999999999997,32
2019,Avery.Wash,AW,Erigeron.speciosus,12,10.4,104
2019,Avery.Wash,AW,Erigeron.speciosus,13,14.1,141
2019,Avery.Wash,AW,Erigeron.speciosus,14,5.7,57
2019,Avery.Wash,AW,Erigeron.speciosus,15,0.7,7
2019,Avery.Wash,AW,Erigeron.speciosus,16,0.3,3
2019,Avery.Wash,AW,Erythronium.grandiflorum,3,0.1,1
2019,Avery.Wash,AW,Fragaria.virginiana,4,0.4,4
2019,Avery.Wash,AW,Fragaria.virginiana,5,32.6,326
2019,Avery.Wash,AW,Fragaria.virginiana,6,43.8,438
2019,Avery.Wash,AW,Fragaria.virginiana,7,10.5,105
2019,Avery.Wash,AW,Fragaria.virginiana,8,1,10
2019,Avery.Wash,AW,Fragaria.virginiana,11,0.1,1
2019,Avery.Wash,AW,Frasera.speciosa,6,1.8,18
2019,Avery.Wash,AW,Frasera.speciosa,7,8.1,81
2019,Avery.Wash,AW,Frasera.speciosa,8,18.2,182
2019,Avery.Wash,AW,Frasera.speciosa,9,7.5,75
2019,Avery.Wash,AW,Frasera.speciosa,10,5.7,57
2019,Avery.Wash,AW,Frasera.speciosa,11,0.1,1
2019,Avery.Wash,AW,Frasera.speciosa,12,0.1,1
2019,Avery.Wash,AW,Geranium.richardsonii,8,0.5,5
2019,Avery.Wash,AW,Geranium.richardsonii,9,0.30000000000000004,3
2019,Avery.Wash,AW,Geranium.richardsonii,10,0.30000000000000004,3
2019,Avery.Wash,AW,Geranium.richardsonii,11,0.1,1
2019,Avery.Wash,AW,Helianthella.quinquenervis,9,1.7000000000000002,17
2019,Avery.Wash,AW,Helianthella.quinquenervis,10,3.3,33
2019,Avery.Wash,AW,Helianthella.quinquenervis,11,3.75,37.5
2019,Avery.Wash,AW,Helianthella.quinquenervis,12,0.30000000000000004,3
2019,Avery.Wash,AW,Heliomeris.multiflora,10,0.3,3
2019,Avery.Wash,AW,Heliomeris.multiflora,11,3.4000000000000004,34
2019,Avery.Wash,AW,Heliomeris.multiflora,12,6.2,62
2019,Avery.Wash,AW,Heliomeris.multiflora,13,25.7,257
2019,Avery.Wash,AW,Heliomeris.multiflora,14,26.299999999999997,263
2019,Avery.Wash,AW,Heliomeris.multiflora,15,13,130
2019,Avery.Wash,AW,Heliomeris.multiflora,16,4,40
2019,Avery.Wash,AW,Heracleum.sphondylium,8,0.2,2
2019,Avery.Wash,AW,Heracleum.sphondylium,9,2.6,26
2019,Avery.Wash,AW,Heracleum.sphondylium,10,4.5,45
2019,Avery.Wash,AW,Heracleum.sphondylium,11,5.6,56
2019,Avery.Wash,AW,Heracleum.sphondylium,12,1.1,11
2019,Avery.Wash,AW,Heterotheca.villosa,8,0.2,2
2019,Avery.Wash,AW,Heterotheca.villosa,9,0.9,9
2019,Avery.Wash,AW,Heterotheca.villosa,10,3.8,38
2019,Avery.Wash,AW,Heterotheca.villosa,11,2.6,26
2019,Avery.Wash,AW,Heterotheca.villosa,12,5.8999999999999995,59
2019,Avery.Wash,AW,Heterotheca.villosa,13,6,60
2019,Avery.Wash,AW,Heterotheca.villosa,14,3.1,31
2019,Avery.Wash,AW,Heterotheca.villosa,15,1.6,16
2019,Avery.Wash,AW,Heterotheca.villosa,16,0.1,1
2019,Avery.Wash,AW,Hydrophyllum.fendleri,5,0.9,9
2019,Avery.Wash,AW,Hydrophyllum.fendleri,6,28.1,281
2019,Avery.Wash,AW,Hydrophyllum.fendleri,7,76.1,761
2019,Avery.Wash,AW,Hydrophyllum.fendleri,8,39.8,398
2019,Avery.Wash,AW,Hydrophyllum.fendleri,9,8,80
2019,Avery.Wash,AW,Hydrophyllum.fendleri,10,0.2,2
2019,Avery.Wash,AW,Lathyrus.leucanthus,5,0.1,1
2019,Avery.Wash,AW,Lathyrus.leucanthus,6,7,70
2019,Avery.Wash,AW,Lathyrus.leucanthus,7,35.2,352
2019,Avery.Wash,AW,Lathyrus.leucanthus,8,31.4,314
2019,Avery.Wash,AW,Lathyrus.leucanthus,9,5.9,59
2019,Avery.Wash,AW,Lathyrus.leucanthus,10,0.30000000000000004,3
2019,Avery.Wash,AW,Ligularia.bigelovii,10,0.5,5
2019,Avery.Wash,AW,Ligularia.bigelovii,11,4,40
2019,Avery.Wash,AW,Ligularia.bigelovii,12,6.5,65
2019,Avery.Wash,AW,Ligularia.bigelovii,13,6.8,68
2019,Avery.Wash,AW,Ligularia.bigelovii,14,2.7,27
2019,Avery.Wash,AW,Ligularia.bigelovii,15,0.4,4
2019,Avery.Wash,AW,Ligusticum.porteri,8,8.6,86
2019,Avery.Wash,AW,Ligusticum.porteri,9,21.3,213
2019,Avery.Wash,AW,Ligusticum.porteri,10,9.3,93
2019,Avery.Wash,AW,Ligusticum.porteri,11,2,20
2019,Avery.Wash,AW,Mertensia.ciliata,10,0.1,1
2019,Avery.Wash,AW,Mertensia.fusiformis,3,1.7,17
2019,Avery.Wash,AW,Mertensia.fusiformis,4,47.3,473
2019,Avery.Wash,AW,Mertensia.fusiformis,5,77.2,772
2019,Avery.Wash,AW,Mertensia.fusiformis,6,14.4,144
2019,Avery.Wash,AW,Mertensia.fusiformis,7,3.9000000000000004,39
2019,Avery.Wash,AW,Mertensia.fusiformis,8,0.1,1
2019,Avery.Wash,AW,Potentilla.pulcherrima,6,1.6,16
2019,Avery.Wash,AW,Potentilla.pulcherrima,7,21.8,218
2019,Avery.Wash,AW,Potentilla.pulcherrima,8,99.10000000000001,991
2019,Avery.Wash,AW,Potentilla.pulcherrima,9,173.7,1737
2019,Avery.Wash,AW,Potentilla.pulcherrima,10,98.4,984
2019,Avery.Wash,AW,Potentilla.pulcherrima,11,75.9,759
2019,Avery.Wash,AW,Potentilla.pulcherrima,12,79,790
2019,Avery.Wash,AW,Potentilla.pulcherrima,13,29.3,293
2019,Avery.Wash,AW,Potentilla.pulcherrima,14,3.5,35
2019,Avery.Wash,AW,Potentilla.pulcherrima,15,0.4,4
2019,Avery.Wash,AW,Pseudocymopterus.montanus,5,0.6,6
2019,Avery.Wash,AW,Pseudocymopterus.montanus,6,1.1,11
2019,Avery.Wash,AW,Pseudocymopterus.montanus,7,1.0999999999999999,11
2019,Avery.Wash,AW,Pseudocymopterus.montanus,8,0.8999999999999999,9
2019,Avery.Wash,AW,Pseudocymopterus.montanus,9,0.1,1
2019,Avery.Wash,AW,Pseudocymopterus.montanus,10,0.1,1
2019,Avery.Wash,AW,Pseudocymopterus.montanus,11,0.1,1
2019,Avery.Wash,AW,Pseudocymopterus.montanus,12,0.1,1
2019,Avery.Wash,AW,Ranunculus.inamoenus,3,0.1,1
2019,Avery.Wash,AW,Ranunculus.inamoenus,4,4,40
2019,Avery.Wash,AW,Ranunculus.inamoenus,5,13.3,133
2019,Avery.Wash,AW,Ranunculus.inamoenus,6,7.2,72
2019,Avery.Wash,AW,Ranunculus.inamoenus,7,3.1,31
2019,Avery.Wash,AW,Ranunculus.inamoenus,8,0.1,1
2019,Avery.Wash,AW,Senecio.crassulus,8,0.7,7
2019,Avery.Wash,AW,Senecio.crassulus,9,6.3999999999999995,64
2019,Avery.Wash,AW,Senecio.crassulus,10,5.8,58
2019,Avery.Wash,AW,Senecio.crassulus,11,1,10
2019,Avery.Wash,AW,Senecio.crassulus,12,0.3,3
2019,Avery.Wash,AW,Senecio.serra,11,0.2,2
2019,Avery.Wash,AW,Senecio.serra,12,6,60
2019,Avery.Wash,AW,Senecio.serra,13,56.3,563
2019,Avery.Wash,AW,Senecio.serra,14,51.6,516
2019,Avery.Wash,AW,Senecio.serra,15,28.8,288
2019,Avery.Wash,AW,Senecio.serra,16,3.6,36
2019,Avery.Wash,AW,Senecio.serra,17,0.8,8
2019,Avery.Wash,AW,Solidago.multiradiata,9,0.2,2
2019,Avery.Wash,AW,Solidago.multiradiata,10,10,100
2019,Avery.Wash,AW,Solidago.multiradiata,11,12,120
2019,Avery.Wash,AW,Solidago.multiradiata,12,4.9,49
2019,Avery.Wash,AW,Solidago.multiradiata,13,1.5,15
2019,Avery.Wash,AW,Solidago.multiradiata,14,0.3,3
2019,Avery.Wash,AW,Taraxacum.officinale,4,0.30000000000000004,3
2019,Avery.Wash,AW,Taraxacum.officinale,5,4.4,44
2019,Avery.Wash,AW,Taraxacum.officinale,6,7.6,76
2019,Avery.Wash,AW,Taraxacum.officinale,7,1.9,19
2019,Avery.Wash,AW,Taraxacum.officinale,8,0.1,1
2019,Avery.Wash,AW,Taraxacum.officinale,9,0.1,1
2019,Avery.Wash,AW,Taraxacum.officinale,10,0.1,1
2019,Avery.Wash,AW,Taraxacum.officinale,12,0.1,1
2019,Avery.Wash,AW,Vicia.americana,8,13.8,138
2019,Avery.Wash,AW,Vicia.americana,9,25.6,256
2019,Avery.Wash,AW,Vicia.americana,10,10.8,108
2019,Avery.Wash,AW,Vicia.americana,11,2.9,29
2019,Avery.Wash,AW,Vicia.americana,12,1.7,17
2019,Avery.Wash,AW,Vicia.americana,14,0.2,2
2019,Avery.Wash,AW,Viola.praemorsa,4,12.2,122
2019,Avery.Wash,AW,Viola.praemorsa,5,55.6,556
2019,Avery.Wash,AW,Viola.praemorsa,6,5.5,55
2019,Avery.Wash,AW,Viola.praemorsa,7,0.1,1
2019,Copper.Creek,CC,Achillea.millefolium,10,0.3,3
2019,Copper.Creek,CC,Achillea.millefolium,11,0.3,3
2019,Copper.Creek,CC,Achillea.millefolium,12,0.7000000000000001,7
2019,Copper.Creek,CC,Achillea.millefolium,13,0.7,7
2019,Copper.Creek,CC,Achillea.millefolium,14,0.7,7
2019,Copper.Creek,CC,Achillea.millefolium,15,0.3,3
2019,Copper.Creek,CC,Achillea.millefolium,16,0.6,6
2019,Copper.Creek,CC,Aconitum.columbianum,8,0.9,9
2019,Copper.Creek,CC,Aconitum.columbianum,9,3.6,36
2019,Copper.Creek,CC,Aconitum.columbianum,10,11.7,117
2019,Copper.Creek,CC,Aconitum.columbianum,11,7.2,72
2019,Copper.Creek,CC,Aconitum.columbianum,12,1.9,19
2019,Copper.Creek,CC,Adenolinum.lewisii,8,1.1,11
2019,Copper.Creek,CC,Adenolinum.lewisii,9,3.0999999999999996,31
2019,Copper.Creek,CC,Adenolinum.lewisii,10,1,10
2019,Copper.Creek,CC,Adenolinum.lewisii,11,2.4000000000000004,24
2019,Copper.Creek,CC,Adenolinum.lewisii,12,0.2,2
2019,Copper.Creek,CC,Agoseris.aurantiaca,11,0.2,2
2019,Copper.Creek,CC,Aquilegia.coerulea,7,0.1,1
2019,Copper.Creek,CC,Aquilegia.coerulea,8,0.30000000000000004,3
2019,Copper.Creek,CC,Aquilegia.coerulea,9,0.6,6
2019,Copper.Creek,CC,Aquilegia.coerulea,10,0.5,5
2019,Copper.Creek,CC,Aquilegia.coerulea,11,0.6,6
2019,Copper.Creek,CC,Aster.foliaceus,15,0.2,2
2019,Copper.Creek,CC,Aster.foliaceus,16,0.2,2
2019,Copper.Creek,CC,Calochortus.gunnisonii,9,0.2,2
2019,Copper.Creek,CC,Calochortus.gunnisonii,10,0.7,7
2019,Copper.Creek,CC,Calochortus.gunnisonii,11,0.4,4
2019,Copper.Creek,CC,Campanula.rotundifolia,10,0.4,4
2019,Copper.Creek,CC,Campanula.rotundifolia,11,0.6,6
2019,Copper.Creek,CC,Campanula.rotundifolia,12,1.1,11
2019,Copper.Creek,CC,Campanula.rotundifolia,14,1,10
2019,Copper.Creek,CC,Campanula.rotundifolia,15,0.2,2
2019,Copper.Creek,CC,Campanula.rotundifolia,16,0.1,1
2019,Copper.Creek,CC,Cirsium.parryi,10,0.3,3
2019,Copper.Creek,CC,Cirsium.parryi,13,0.6,6
2019,Copper.Creek,CC,Cirsium.parryi,14,1.8,18
2019,Copper.Creek,CC,Claytonia.lanceolata,1,48.9,489
2019,Copper.Creek,CC,Claytonia.lanceolata,2,498.6,4986
2019,Copper.Creek,CC,Claytonia.lanceolata,3,131.20000000000002,1312
2019,Copper.Creek,CC,Claytonia.lanceolata,4,41.7,417
2019,Copper.Creek,CC,Claytonia.lanceolata,5,1.4,14
2019,Copper.Creek,CC,Delphinium.barbeyi,8,5.4,54
2019,Copper.Creek,CC,Delphinium.barbeyi,9,88.3,883
2019,Copper.Creek,CC,Delphinium.barbeyi,10,132.8,1328
2019,Copper.Creek,CC,Delphinium.barbeyi,11,126.7,1267
2019,Copper.Creek,CC,Delphinium.barbeyi,12,20.5,205
2019,Copper.Creek,CC,Delphinium.barbeyi,13,17.5,175
2019,Copper.Creek,CC,Delphinium.barbeyi,14,4.800000000000001,48
2019,Copper.Creek,CC,Delphinium.nuttallianum,3,3.9,39
2019,Copper.Creek,CC,Delphinium.nuttallianum,4,36.7,367
2019,Copper.Creek,CC,Delphinium.nuttallianum,5,144.5,1445
2019,Copper.Creek,CC,Delphinium.nuttallianum,6,129.8,1298
2019,Copper.Creek,CC,Delphinium.nuttallianum,7,22.599999999999998,226
2019,Copper.Creek,CC,Delphinium.nuttallianum,8,0.5,5
2019,Copper.Creek,CC,Dugaldia.hoopesii,8,0.1,1
2019,Copper.Creek,CC,Dugaldia.hoopesii,9,0.8,8
2019,Copper.Creek,CC,Dugaldia.hoopesii,10,1.9,19
2019,Copper.Creek,CC,Dugaldia.hoopesii,11,2.4,24
2019,Copper.Creek,CC,Dugaldia.hoopesii,12,0.3,3
2019,Copper.Creek,CC,Dugaldia.hoopesii,13,0.4,4
2019,Copper.Creek,CC,Erigeron.coulteri,11,1,10
2019,Copper.Creek,CC,Erigeron.elatior,10,0.2,2
2019,Copper.Creek,CC,Erigeron.elatior,11,1.4000000000000001,14
2019,Copper.Creek,CC,Erigeron.elatior,12,1.7,17
2019,Copper.Creek,CC,Erigeron.elatior,13,3,30
2019,Copper.Creek,CC,Erigeron.elatior,14,1.9,19
2019,Copper.Creek,CC,Erigeron.elatior,15,0.4,4
2019,Copper.Creek,CC,Erigeron.elatior,16,0.1,1
2019,Copper.Creek,CC,Erigeron.speciosus,9,4.5,45
2019,Copper.Creek,CC,Erigeron.speciosus,10,38.4,384
2019,Copper.Creek,CC,Erigeron.speciosus,11,57.9,579
2019,Copper.Creek,CC,Erigeron.speciosus,12,47,470
2019,Copper.Creek,CC,Erigeron.speciosus,13,62,620
2019,Copper.Creek,CC,Erigeron.speciosus,14,23.7,237
2019,Copper.Creek,CC,Erigeron.speciosus,15,2.1,21
2019,Copper.Creek,CC,Erigeron.speciosus,16,0.5,5
2019,Copper.Creek,CC,Eriogonum.umbellatum,8,0.1,1
2019,Copper.Creek,CC,Eriogonum.umbellatum,9,0.1,1
2019,Copper.Creek,CC,Erysimum.capitatum,7,1.5,15
2019,Copper.Creek,CC,Erysimum.capitatum,8,5.8,58
2019,Copper.Creek,CC,Erysimum.capitatum,9,4.3,43
2019,Copper.Creek,CC,Erythronium.grandiflorum,2,0.4,4
2019,Copper.Creek,CC,Erythronium.grandiflorum,3,2.6,26
2019,Copper.Creek,CC,Erythronium.grandiflorum,4,0.1,1
2019,Copper.Creek,CC,Eucephalus.engelmannii,12,0.3,3
2019,Copper.Creek,CC,Fragaria.virginiana,7,0.3,3
2019,Copper.Creek,CC,Frasera.speciosa,6,1.2,12
2019,Copper.Creek,CC,Frasera.speciosa,7,20.8,208
2019,Copper.Creek,CC,Frasera.speciosa,8,17.4,174
2019,Copper.Creek,CC,Frasera.speciosa,9,11.399999999999999,114
2019,Copper.Creek,CC,Frasera.speciosa,10,1.2,12
2019,Copper.Creek,CC,Geranium.richardsonii,7,0.1,1
2019,Copper.Creek,CC,Geranium.richardsonii,8,1,10
2019,Copper.Creek,CC,Geranium.richardsonii,9,2,20
2019,Copper.Creek,CC,Geranium.richardsonii,10,0.7,7
2019,Copper.Creek,CC,Geranium.richardsonii,11,0.6,6
2019,Copper.Creek,CC,Hackelia.floribunda,9,0.1,1
2019,Copper.Creek,CC,Hackelia.floribunda,10,0.1,1
2019,Copper.Creek,CC,Helianthella.quinquenervis,8,0.8,8
2019,Copper.Creek,CC,Helianthella.quinquenervis,9,3.5,35
2019,Copper.Creek,CC,Helianthella.quinquenervis,10,7.5,75
2019,Copper.Creek,CC,Helianthella.quinquenervis,11,7.6000000000000005,76
2019,Copper.Creek,CC,Helianthella.quinquenervis,12,1,10
2019,Copper.Creek,CC,Helianthella.quinquenervis,13,0.5,5
2019,Copper.Creek,CC,Helianthella.quinquenervis,14,0.3,3
2019,Copper.Creek,CC,Heliomeris.multiflora,9,0.2,2
2019,Copper.Creek,CC,Heliomeris.multiflora,10,4,40
2019,Copper.Creek,CC,Heliomeris.multiflora,11,15,150
2019,Copper.Creek,CC,Heliomeris.multiflora,12,69.39999999999999,694
2019,Copper.Creek,CC,Heliomeris.multiflora,13,157.1,1571
2019,Copper.Creek,CC,Heliomeris.multiflora,14,138.9,1389
2019,Copper.Creek,CC,Heliomeris.multiflora,15,53.9,539
2019,Copper.Creek,CC,Heliomeris.multiflora,16,31.3,313
2019,Copper.Creek,CC,Heliomeris.multiflora,17,0.5,5
2019,Copper.Creek,CC,Heracleum.sphondylium,8,0.2,2
2019,Copper.Creek,CC,Heracleum.sphondylium,9,2,20
2019,Copper.Creek,CC,Heracleum.sphondylium,10,4.8,48
2019,Copper.Creek,CC,Heracleum.sphondylium,11,3.4000000000000004,34
2019,Copper.Creek,CC,Heracleum.sphondylium,12,0.1,1
2019,Copper.Creek,CC,Heterotheca.villosa,10,3.7,37
2019,Copper.Creek,CC,Heterotheca.villosa,11,5,50
2019,Copper.Creek,CC,Heterotheca.villosa,12,7.800000000000001,78
2019,Copper.Creek,CC,Heterotheca.villosa,13,13,130
2019,Copper.Creek,CC,Heterotheca.villosa,14,9.899999999999999,99
2019,Copper.Creek,CC,Heterotheca.villosa,15,1.3,13
2019,Copper.Creek,CC,Heterotheca.villosa,16,1.3,13
2019,Copper.Creek,CC,Heterotheca.villosa,17,0.1,1
2019,Copper.Creek,CC,Hydrophyllum.capitatum,3,5.199999999999999,52
2019,Copper.Creek,CC,Hydrophyllum.capitatum,4,36.8,368
2019,Copper.Creek,CC,Hydrophyllum.capitatum,5,39.3,393
2019,Copper.Creek,CC,Hydrophyllum.capitatum,6,9.4,94
2019,Copper.Creek,CC,Hydrophyllum.fendleri,6,14.799999999999999,148
2019,Copper.Creek,CC,Hydrophyllum.fendleri,7,37.8,378
2019,Copper.Creek,CC,Hydrophyllum.fendleri,8,26,260
2019,Copper.Creek,CC,Hydrophyllum.fendleri,9,2.8,28
2019,Copper.Creek,CC,Lathyrus.leucanthus,5,1.2,12
2019,Copper.Creek,CC,Lathyrus.leucanthus,6,8.1,81
2019,Copper.Creek,CC,Lathyrus.leucanthus,7,6.2,62
2019,Copper.Creek,CC,Lathyrus.leucanthus,8,1.9000000000000001,19
2019,Copper.Creek,CC,Lathyrus.leucanthus,9,0.8999999999999999,9
2019,Copper.Creek,CC,Ligularia.bigelovii,11,0.4,4
2019,Copper.Creek,CC,Ligularia.bigelovii,12,1.7000000000000002,17
2019,Copper.Creek,CC,Ligularia.bigelovii,13,4.7,47
2019,Copper.Creek,CC,Ligularia.bigelovii,14,2.6999999999999997,27
2019,Copper.Creek,CC,Ligusticum.porteri,7,1.1,11
2019,Copper.Creek,CC,Ligusticum.porteri,8,9.4,94
2019,Copper.Creek,CC,Ligusticum.porteri,9,15.6,156
2019,Copper.Creek,CC,Ligusticum.porteri,10,6.3,63
2019,Copper.Creek,CC,Ligusticum.porteri,11,0.4,4
2019,Copper.Creek,CC,Ligusticum.porteri,12,0.1,1
2019,Copper.Creek,CC,Lomatium.dissectum,4,0.2,2
2019,Copper.Creek,CC,Lupinus.bakeri,6,24.5,245
2019,Copper.Creek,CC,Lupinus.bakeri,7,441,4410
2019,Copper.Creek,CC,Lupinus.bakeri,8,305.8,3058
2019,Copper.Creek,CC,Lupinus.bakeri,9,63.05,630.5
2019,Copper.Creek,CC,Lupinus.bakeri,10,13,130
2019,Copper.Creek,CC,Lupinus.bakeri,11,3.5999999999999996,36
2019,Copper.Creek,CC,Mahonia.repens,3,2.6999999999999997,27
2019,Copper.Creek,CC,Mahonia.repens,4,10.1,101
2019,Copper.Creek,CC,Mahonia.repens,5,6.9,69
2019,Copper.Creek,CC,Maianthemum.stellatum,7,5.3,53
2019,Copper.Creek,CC,Mertensia.fusiformis,2,7.5,75
2019,Copper.Creek,CC,Mertensia.fusiformis,3,77.6,776
2019,Copper.Creek,CC,Mertensia.fusiformis,4,112.6,1126
2019,Copper.Creek,CC,Mertensia.fusiformis,5,35.9,359
2019,Copper.Creek,CC,Mertensia.fusiformis,6,0.2,2
2019,Copper.Creek,CC,Pedicularis.procera,11,1.2,12
2019,Copper.Creek,CC,Phacelia.heterophylla,8,9.700000000000001,97
2019,Copper.Creek,CC,Phacelia.heterophylla,9,19.1,191
2019,Copper.Creek,CC,Phacelia.heterophylla,10,10.3,103
2019,Copper.Creek,CC,Phacelia.heterophylla,11,1.7000000000000002,17
2019,Copper.Creek,CC,Potentilla.pulcherrima,7,0.6,6
2019,Copper.Creek,CC,Potentilla.pulcherrima,8,8.1,81
2019,Copper.Creek,CC,Potentilla.pulcherrima,9,24.3,243
2019,Copper.Creek,CC,Potentilla.pulcherrima,10,41.1,411
2019,Copper.Creek,CC,Potentilla.pulcherrima,11,35.9,359
2019,Copper.Creek,CC,Potentilla.pulcherrima,12,11.9,119
2019,Copper.Creek,CC,Potentilla.pulcherrima,13,3.2,32
2019,Copper.Creek,CC,Potentilla.pulcherrima,14,0.2,2
2019,Copper.Creek,CC,Pseudocymopterus.montanus,6,0.1,1
2019,Copper.Creek,CC,Pseudocymopterus.montanus,7,0.1,1
2019,Copper.Creek,CC,Pseudocymopterus.montanus,8,0.1,1
2019,Copper.Creek,CC,Pseudocymopterus.montanus,9,0.2,2
2019,Copper.Creek,CC,Ranunculus.inamoenus,4,0.6,6
2019,Copper.Creek,CC,Ranunculus.inamoenus,5,0.5,5
2019,Copper.Creek,CC,Ranunculus.inamoenus,7,0.30000000000000004,3
2019,Copper.Creek,CC,Salix.wolfii,4,34.3,343
2019,Copper.Creek,CC,Salix.wolfii,5,17.2,172
2019,Copper.Creek,CC,Senecio.serra,11,1.3,13
2019,Copper.Creek,CC,Senecio.serra,12,10.1,101
2019,Copper.Creek,CC,Senecio.serra,13,17.3,173
2019,Copper.Creek,CC,Senecio.serra,14,12.1,121
2019,Copper.Creek,CC,Senecio.serra,15,4.9,49
2019,Copper.Creek,CC,Taraxacum.officinale,4,0.6,6
2019,Copper.Creek,CC,Taraxacum.officinale,5,1.3,13
2019,Copper.Creek,CC,Taraxacum.officinale,6,0.8,8
2019,Copper.Creek,CC,Taraxacum.officinale,7,0.1,1
2019,Copper.Creek,CC,Valeriana.occidentalis,4,1.7,17
2019,Copper.Creek,CC,Valeriana.occidentalis,5,7.5,75
2019,Copper.Creek,CC,Valeriana.occidentalis,6,6.6000000000000005,66
2019,Copper.Creek,CC,Valeriana.occidentalis,7,5.7,57
2019,Copper.Creek,CC,Valeriana.occidentalis,8,1.1,11
2019,Copper.Creek,CC,Valeriana.occidentalis,9,0.30000000000000004,3
2019,Copper.Creek,CC,Valeriana.occidentalis,11,0.1,1
2019,Copper.Creek,CC,Vicia.americana,7,4.9,49
2019,Copper.Creek,CC,Vicia.americana,8,2.3,23
2019,Copper.Creek,CC,Vicia.americana,9,4.2,42
2019,Copper.Creek,CC,Vicia.americana,10,1,10
2019,Copper.Creek,CC,Vicia.americana,11,0.4,4
2019,Copper.Creek,CC,Viola.praemorsa,3,0.7,7
2019,Copper.Creek,CC,Viola.praemorsa,4,0.8,8
2019,Copper.Creek,CC,Viola.praemorsa,5,7.9,79
2019,Copper.Creek,CC,Viola.praemorsa,6,0.30000000000000004,3
2019,Frogs.Pond,FP,Achillea.millefolium,7,0.1,1
2019,Frogs.Pond,FP,Achillea.millefolium,8,0.2,2
2019,Frogs.Pond,FP,Achillea.millefolium,9,2,20
2019,Frogs.Pond,FP,Achillea.millefolium,10,3.4000000000000004,34
2019,Frogs.Pond,FP,Achillea.millefolium,11,4.1000000000000005,41
2019,Frogs.Pond,FP,Achillea.millefolium,12,3.5,35
2019,Frogs.Pond,FP,Achillea.millefolium,13,2.8,28
2019,Frogs.Pond,FP,Achillea.millefolium,14,3.7,37
2019,Frogs.Pond,FP,Achillea.millefolium,15,3.3000000000000003,33
2019,Frogs.Pond,FP,Achillea.millefolium,16,1,10
2019,Frogs.Pond,FP,Adenolinum.lewisii,6,1.3,13
2019,Frogs.Pond,FP,Adenolinum.lewisii,7,23.2,232
2019,Frogs.Pond,FP,Adenolinum.lewisii,8,20.599999999999998,206
2019,Frogs.Pond,FP,Adenolinum.lewisii,9,7.4,74
2019,Frogs.Pond,FP,Adenolinum.lewisii,10,1.3,13
2019,Frogs.Pond,FP,Adenolinum.lewisii,11,0.7,7
2019,Frogs.Pond,FP,Adenolinum.lewisii,12,0.4,4
2019,Frogs.Pond,FP,Adenolinum.lewisii,13,0.1,1
2019,Frogs.Pond,FP,Adenolinum.lewisii,14,0.4,4
2019,Frogs.Pond,FP,Agoseris.glauca,10,0.5,5
2019,Frogs.Pond,FP,Agoseris.glauca,11,0.4,4
2019,Frogs.Pond,FP,Agoseris.glauca,12,0.1,1
2019,Frogs.Pond,FP,Agoseris.glauca,13,0.6000000000000001,6
2019,Frogs.Pond,FP,Aster.foliaceus,11,1.4,14
2019,Frogs.Pond,FP,Aster.foliaceus,12,2.1,21
2019,Frogs.Pond,FP,Aster.foliaceus,13,4,40
2019,Frogs.Pond,FP,Aster.foliaceus,14,1.1,11
2019,Frogs.Pond,FP,Aster.foliaceus,15,0.3,3
2019,Frogs.Pond,FP,Calochortus.gunnisonii,9,2.8,28
2019,Frogs.Pond,FP,Calochortus.gunnisonii,10,7.5,75
2019,Frogs.Pond,FP,Calochortus.gunnisonii,11,0.5,5
2019,Frogs.Pond,FP,Campanula.rotundifolia,9,0.1,1
2019,Frogs.Pond,FP,Campanula.rotundifolia,10,1.3,13
2019,Frogs.Pond,FP,Campanula.rotundifolia,11,1,10
2019,Frogs.Pond,FP,Castilleja.linariifolia,6,0.30000000000000004,3
2019,Frogs.Pond,FP,Castilleja.linariifolia,7,4.3,43
2019,Frogs.Pond,FP,Castilleja.linariifolia,8,3.8,38
2019,Frogs.Pond,FP,Castilleja.linariifolia,9,2.7,27
2019,Frogs.Pond,FP,Castilleja.linariifolia,10,4,40
2019,Frogs.Pond,FP,Castilleja.linariifolia,11,2.1,21
2019,Frogs.Pond,FP,Castilleja.linariifolia,12,0.2,2
2019,Frogs.Pond,FP,Castilleja.linariifolia,13,3.2,32
2019,Frogs.Pond,FP,Castilleja.linariifolia,14,2.8,28
2019,Frogs.Pond,FP,Castilleja.linariifolia,15,1.3,13
2019,Frogs.Pond,FP,Castilleja.linariifolia,16,0.3,3
2019,Frogs.Pond,FP,Cirsium.parryi,10,0.3,3
2019,Frogs.Pond,FP,Cirsium.parryi,12,0.4,4
2019,Frogs.Pond,FP,Cirsium.parryi,14,1.2,12
2019,Frogs.Pond,FP,Cirsium.parryi,15,0.3,3
2019,Frogs.Pond,FP,Claytonia.lanceolata,2,1,10
2019,Frogs.Pond,FP,Claytonia.lanceolata,3,0.2,2
2019,Frogs.Pond,FP,Collomia.linearis,7,0.1,1
2019,Frogs.Pond,FP,Delphinium.barbeyi,8,5.1,51
2019,Frogs.Pond,FP,Delphinium.barbeyi,9,57.5,575
2019,Frogs.Pond,FP,Delphinium.barbeyi,10,121.2,1212
2019,Frogs.Pond,FP,Delphinium.barbeyi,11,102.2,1022
2019,Frogs.Pond,FP,Delphinium.barbeyi,12,32.9,329
2019,Frogs.Pond,FP,Delphinium.barbeyi,13,16.1,161
2019,Frogs.Pond,FP,Delphinium.barbeyi,14,1.2,12
2019,Frogs.Pond,FP,Delphinium.barbeyi,15,0.5,5
2019,Frogs.Pond,FP,Delphinium.nuttallianum,4,0.4,4
2019,Frogs.Pond,FP,Delphinium.nuttallianum,5,3.1,31
2019,Frogs.Pond,FP,Delphinium.nuttallianum,6,4.4,44
2019,Frogs.Pond,FP,Delphinium.nuttallianum,7,0.7,7
2019,Frogs.Pond,FP,Draba.aurea,5,0.2,2
2019,Frogs.Pond,FP,Draba.aurea,6,1.2,12
2019,Frogs.Pond,FP,Draba.aurea,7,1.2,12
2019,Frogs.Pond,FP,Draba.aurea,8,0.9,9
2019,Frogs.Pond,FP,Draba.aurea,9,0.7,7
2019,Frogs.Pond,FP,Ericameria.parryi,13,1.2,12
2019,Frogs.Pond,FP,Ericameria.parryi,14,2.9,29
2019,Frogs.Pond,FP,Ericameria.parryi,15,2.9,29
2019,Frogs.Pond,FP,Ericameria.parryi,16,1,10
2019,Frogs.Pond,FP,Ericameria.parryi,17,1.2,12
2019,Frogs.Pond,FP,Ericameria.parryi,18,1.5,15
2019,Frogs.Pond,FP,Ericameria.parryi,19,0.7,7
2019,Frogs.Pond,FP,Erigeron.elatior,10,0.4,4
2019,Frogs.Pond,FP,Erigeron.elatior,11,0.5,5
2019,Frogs.Pond,FP,Erigeron.elatior,12,0.3,3
2019,Frogs.Pond,FP,Erigeron.speciosus,9,22.900000000000002,229
2019,Frogs.Pond,FP,Erigeron.speciosus,10,153.9,1539
2019,Frogs.Pond,FP,Erigeron.speciosus,11,119.10000000000001,1191
2019,Frogs.Pond,FP,Erigeron.speciosus,12,67.5,675
2019,Frogs.Pond,FP,Erigeron.speciosus,13,46.2,462
2019,Frogs.Pond,FP,Erigeron.speciosus,14,22.400000000000002,224
2019,Frogs.Pond,FP,Erigeron.speciosus,15,5.1,51
2019,Frogs.Pond,FP,Erigeron.speciosus,16,0.1,1
2019,Frogs.Pond,FP,Eriogonum.subalpinum,7,0.8,8
2019,Frogs.Pond,FP,Eriogonum.subalpinum,8,2.1,21
2019,Frogs.Pond,FP,Eriogonum.subalpinum,9,1.2,12
2019,Frogs.Pond,FP,Eriogonum.umbellatum,7,1.6,16
2019,Frogs.Pond,FP,Eriogonum.umbellatum,8,2.8,28
2019,Frogs.Pond,FP,Eriogonum.umbellatum,9,0.8,8
2019,Frogs.Pond,FP,Erysimum.capitatum,6,0.8,8
2019,Frogs.Pond,FP,Erysimum.capitatum,7,3.4,34
2019,Frogs.Pond,FP,Erythrocoma.triflora,7,0.2,2
2019,Frogs.Pond,FP,Erythrocoma.triflora,8,0.4,4
2019,Frogs.Pond,FP,Erythrocoma.triflora,9,0.3,3
2019,Frogs.Pond,FP,Fragaria.virginiana,5,1.1,11
2019,Frogs.Pond,FP,Fragaria.virginiana,6,0.2,2
2019,Frogs.Pond,FP,Frasera.speciosa,6,0.8,8
2019,Frogs.Pond,FP,Frasera.speciosa,7,11.8,118
2019,Frogs.Pond,FP,Frasera.speciosa,8,11.4,114
2019,Frogs.Pond,FP,Frasera.speciosa,9,6,60
2019,Frogs.Pond,FP,Frasera.speciosa,10,1.8,18
2019,Frogs.Pond,FP,Frasera.speciosa,11,0.6,6
2019,Frogs.Pond,FP,Gentiana.parryi,14,0.2,2
2019,Frogs.Pond,FP,Gentiana.parryi,15,0.7,7
2019,Frogs.Pond,FP,Gentiana.parryi,16,0.3,3
2019,Frogs.Pond,FP,Geranium.richardsonii,7,0.7,7
2019,Frogs.Pond,FP,Geranium.richardsonii,8,0.5,5
2019,Frogs.Pond,FP,Geranium.richardsonii,9,1.2,12
2019,Frogs.Pond,FP,Geranium.richardsonii,10,0.4,4
2019,Frogs.Pond,FP,Hackelia.floribunda,8,0.2,2
2019,Frogs.Pond,FP,Hackelia.floribunda,9,0.1,1
2019,Frogs.Pond,FP,Hackelia.floribunda,10,0.2,2
2019,Frogs.Pond,FP,Helianthella.quinquenervis,8,2.5,25
2019,Frogs.Pond,FP,Helianthella.quinquenervis,9,6.6,66
2019,Frogs.Pond,FP,Helianthella.quinquenervis,10,4.8999999999999995,49
2019,Frogs.Pond,FP,Helianthella.quinquenervis,11,2.8000000000000003,28
2019,Frogs.Pond,FP,Helianthella.quinquenervis,12,1,10
2019,Frogs.Pond,FP,Helianthella.quinquenervis,13,0.1,1
2019,Frogs.Pond,FP,Heliomeris.multiflora,9,0.2,2
2019,Frogs.Pond,FP,Heliomeris.multiflora,10,2.8,28
2019,Frogs.Pond,FP,Heliomeris.multiflora,11,8.1,81
2019,Frogs.Pond,FP,Heliomeris.multiflora,12,35.4,354
2019,Frogs.Pond,FP,Heliomeris.multiflora,13,123.3,1233
2019,Frogs.Pond,FP,Heliomeris.multiflora,14,96.89999999999999,969
2019,Frogs.Pond,FP,Heliomeris.multiflora,15,41.7,417
2019,Frogs.Pond,FP,Heliomeris.multiflora,16,3.9,39
2019,Frogs.Pond,FP,Heliomeris.multiflora,17,0.1,1
2019,Frogs.Pond,FP,Heracleum.sphondylium,8,0.5,5
2019,Frogs.Pond,FP,Heracleum.sphondylium,9,1.9000000000000001,19
2019,Frogs.Pond,FP,Heracleum.sphondylium,10,4.8,48
2019,Frogs.Pond,FP,Heracleum.sphondylium,11,1.7999999999999998,18
2019,Frogs.Pond,FP,Heracleum.sphondylium,12,0.4,4
2019,Frogs.Pond,FP,Heterotheca.villosa,8,0.1,1
2019,Frogs.Pond,FP,Heterotheca.villosa,9,6.7,67
2019,Frogs.Pond,FP,Heterotheca.villosa,10,10.7,107
2019,Frogs.Pond,FP,Heterotheca.villosa,11,8.600000000000001,86
2019,Frogs.Pond,FP,Heterotheca.villosa,12,9.7,97
2019,Frogs.Pond,FP,Heterotheca.villosa,13,8.9,89
2019,Frogs.Pond,FP,Heterotheca.villosa,14,0.9,9
2019,Frogs.Pond,FP,Hydrophyllum.capitatum,5,1.3,13
2019,Frogs.Pond,FP,Hydrophyllum.fendleri,4,1.2000000000000002,12
2019,Frogs.Pond,FP,Hydrophyllum.fendleri,5,0.7,7
2019,Frogs.Pond,FP,Hydrophyllum.fendleri,6,10.8,108
2019,Frogs.Pond,FP,Hydrophyllum.fendleri,7,10.4,104
2019,Frogs.Pond,FP,Hydrophyllum.fendleri,8,1.7000000000000002,17
2019,Frogs.Pond,FP,Hydrophyllum.fendleri,9,0.6,6
2019,Frogs.Pond,FP,Hydrophyllum.fendleri,11,6,60
2019,Frogs.Pond,FP,Ipomopsis.aggregata,6,0.2,2
2019,Frogs.Pond,FP,Ipomopsis.aggregata,7,4.3,43
2019,Frogs.Pond,FP,Ipomopsis.aggregata,8,20.5,205
2019,Frogs.Pond,FP,Ipomopsis.aggregata,9,17.1,171
2019,Frogs.Pond,FP,Ipomopsis.aggregata,10,8.799999999999999,88
2019,Frogs.Pond,FP,Ipomopsis.aggregata,11,8,80
2019,Frogs.Pond,FP,Ipomopsis.aggregata,12,7.800000000000001,78
2019,Frogs.Pond,FP,Ipomopsis.aggregata,13,11.5,115
2019,Frogs.Pond,FP,Ipomopsis.aggregata,14,5.6,56
2019,Frogs.Pond,FP,Ipomopsis.aggregata,15,2.9000000000000004,29
2019,Frogs.Pond,FP,Ipomopsis.aggregata,16,0.4,4
2019,Frogs.Pond,FP,Lathyrus.leucanthus,4,1.2,12
2019,Frogs.Pond,FP,Lathyrus.leucanthus,5,8.7,87
2019,Frogs.Pond,FP,Lathyrus.leucanthus,6,69,690
2019,Frogs.Pond,FP,Lathyrus.leucanthus,7,51.1,511
2019,Frogs.Pond,FP,Lathyrus.leucanthus,8,12.5,125
2019,Frogs.Pond,FP,Lathyrus.leucanthus,9,4.2,42
2019,Frogs.Pond,FP,Lathyrus.leucanthus,10,0.1,1
2019,Frogs.Pond,FP,Ligularia.bigelovii,10,0.4,4
2019,Frogs.Pond,FP,Ligularia.bigelovii,11,2.4000000000000004,24
2019,Frogs.Pond,FP,Ligularia.bigelovii,12,2.5,25
2019,Frogs.Pond,FP,Ligularia.bigelovii,13,4.7,47
2019,Frogs.Pond,FP,Ligularia.bigelovii,14,3.2,32
2019,Frogs.Pond,FP,Ligusticum.porteri,7,0.1,1
2019,Frogs.Pond,FP,Ligusticum.porteri,8,1.7000000000000002,17
2019,Frogs.Pond,FP,Ligusticum.porteri,9,4.8999999999999995,49
2019,Frogs.Pond,FP,Ligusticum.porteri,10,2.7,27
2019,Frogs.Pond,FP,Ligusticum.porteri,11,0.2,2
2019,Frogs.Pond,FP,Lupinus.bakeri,5,1.3,13
2019,Frogs.Pond,FP,Lupinus.bakeri,6,218.2,2182
2019,Frogs.Pond,FP,Lupinus.bakeri,7,541.1,5411
2019,Frogs.Pond,FP,Lupinus.bakeri,8,223.4,2234
2019,Frogs.Pond,FP,Lupinus.bakeri,9,59.9,599
2019,Frogs.Pond,FP,Lupinus.bakeri,10,24.2,242
2019,Frogs.Pond,FP,Lupinus.bakeri,11,3.9,39
2019,Frogs.Pond,FP,Lupinus.bakeri,12,1.7,17
2019,Frogs.Pond,FP,Mahonia.repens,3,3.9,39
2019,Frogs.Pond,FP,Mahonia.repens,4,2.7,27
2019,Frogs.Pond,FP,Mahonia.repens,5,1.6,16
2019,Frogs.Pond,FP,Maianthemum.stellatum,4,0.3,3
2019,Frogs.Pond,FP,Maianthemum.stellatum,5,0.3,3
2019,Frogs.Pond,FP,Mertensia.ciliata,7,0.5,5
2019,Frogs.Pond,FP,Mertensia.fusiformis,1,2.7,27
2019,Frogs.Pond,FP,Mertensia.fusiformis,2,145.4,1454
2019,Frogs.Pond,FP,Mertensia.fusiformis,3,275.3,2753
2019,Frogs.Pond,FP,Mertensia.fusiformis,4,156.3,1563
2019,Frogs.Pond,FP,Mertensia.fusiformis,5,48.6,486
2019,Frogs.Pond,FP,Mertensia.fusiformis,6,0.2,2
2019,Frogs.Pond,FP,Pentaphylloides.floribunda,6,0.1,1
2019,Frogs.Pond,FP,Pentaphylloides.floribunda,7,3.2,32
2019,Frogs.Pond,FP,Pentaphylloides.floribunda,8,2.5,25
2019,Frogs.Pond,FP,Pentaphylloides.floribunda,9,2.9000000000000004,29
2019,Frogs.Pond,FP,Pentaphylloides.floribunda,10,3.4,34
2019,Frogs.Pond,FP,Pentaphylloides.floribunda,11,2.8,28
2019,Frogs.Pond,FP,Pentaphylloides.floribunda,12,2.9000000000000004,29
2019,Frogs.Pond,FP,Pentaphylloides.floribunda,13,3.5,35
2019,Frogs.Pond,FP,Pentaphylloides.floribunda,14,2.1,21
2019,Frogs.Pond,FP,Potentilla.pulcherrima,6,1.5,15
2019,Frogs.Pond,FP,Potentilla.pulcherrima,7,21.95,219.5
2019,Frogs.Pond,FP,Potentilla.pulcherrima,8,42.7,427
2019,Frogs.Pond,FP,Potentilla.pulcherrima,9,64,640
2019,Frogs.Pond,FP,Potentilla.pulcherrima,10,55.800000000000004,558
2019,Frogs.Pond,FP,Potentilla.pulcherrima,11,33.8,338
2019,Frogs.Pond,FP,Potentilla.pulcherrima,12,8.7,87
2019,Frogs.Pond,FP,Potentilla.pulcherrima,13,2.1,21
2019,Frogs.Pond,FP,Potentilla.pulcherrima,14,0.8999999999999999,9
2019,Frogs.Pond,FP,Pseudocymopterus.montanus,5,0.1,1
2019,Frogs.Pond,FP,Pseudocymopterus.montanus,6,0.1,1
2019,Frogs.Pond,FP,Pseudocymopterus.montanus,7,0.2,2
2019,Frogs.Pond,FP,Pseudocymopterus.montanus,8,0.2,2
2019,Frogs.Pond,FP,Pyrrocoma.crocea,11,0.5,5
2019,Frogs.Pond,FP,Pyrrocoma.crocea,12,0.5,5
2019,Frogs.Pond,FP,Senecio.integerrimus,5,2.8,28
2019,Frogs.Pond,FP,Senecio.integerrimus,6,12,120
2019,Frogs.Pond,FP,Senecio.integerrimus,7,7.3,73
2019,Frogs.Pond,FP,Senecio.serra,11,2.5,25
2019,Frogs.Pond,FP,Senecio.serra,12,5.3,53
2019,Frogs.Pond,FP,Senecio.serra,13,10.2,102
2019,Frogs.Pond,FP,Senecio.serra,14,6,60
2019,Frogs.Pond,FP,Senecio.serra,15,2.4,24
2019,Frogs.Pond,FP,Solidago.multiradiata,10,2.4,24
2019,Frogs.Pond,FP,Solidago.multiradiata,11,15.4,154
2019,Frogs.Pond,FP,Solidago.multiradiata,12,32.5,325
2019,Frogs.Pond,FP,Solidago.multiradiata,13,17.6,176
2019,Frogs.Pond,FP,Solidago.multiradiata,14,6.1,61
2019,Frogs.Pond,FP,Symphyotrichum.spathulatum,12,1.5,15
2019,Frogs.Pond,FP,Taraxacum.officinale,3,1.5999999999999999,16
2019,Frogs.Pond,FP,Taraxacum.officinale,4,4.3,43
2019,Frogs.Pond,FP,Taraxacum.officinale,5,1.9,19
2019,Frogs.Pond,FP,Taraxacum.officinale,6,0.4,4
2019,Frogs.Pond,FP,Taraxacum.officinale,7,0.2,2
2019,Frogs.Pond,FP,Taraxacum.officinale,13,0.1,1
2019,Frogs.Pond,FP,Valeriana.occidentalis,3,0.2,2
2019,Frogs.Pond,FP,Valeriana.occidentalis,4,0.4,4
2019,Frogs.Pond,FP,Valeriana.occidentalis,5,0.30000000000000004,3
2019,Frogs.Pond,FP,Vicia.americana,6,4.1,41
2019,Frogs.Pond,FP,Vicia.americana,7,12.9,129
2019,Frogs.Pond,FP,Vicia.americana,8,31.9,319
2019,Frogs.Pond,FP,Vicia.americana,9,15.600000000000001,156
2019,Frogs.Pond,FP,Vicia.americana,10,10.600000000000001,106
2019,Frogs.Pond,FP,Vicia.americana,11,5.6,56
2019,Frogs.Pond,FP,Vicia.americana,13,0.9,9
2019,Frogs.Pond,FP,Viola.adunca,4,0.1,1
2019,Frogs.Pond,FP,Viola.praemorsa,3,11.7,117
2019,Frogs.Pond,FP,Viola.praemorsa,4,8.3,83
2019,Frogs.Pond,FP,Viola.praemorsa,5,0.6,6
2019,Gothic.Spires,GS,Achillea.millefolium,9,0.3,3
2019,Gothic.Spires,GS,Achillea.millefolium,10,2.3,23
2019,Gothic.Spires,GS,Achillea.millefolium,11,2.5,25
2019,Gothic.Spires,GS,Achillea.millefolium,12,3,30
2019,Gothic.Spires,GS,Achillea.millefolium,13,2.8,28
2019,Gothic.Spires,GS,Achillea.millefolium,14,2.8,28
2019,Gothic.Spires,GS,Achillea.millefolium,15,3.1999999999999997,32
2019,Gothic.Spires,GS,Achillea.millefolium,16,1.6,16
2019,Gothic.Spires,GS,Achillea.millefolium,17,0.4,4
2019,Gothic.Spires,GS,Aconitum.columbianum,8,0.4,4
2019,Gothic.Spires,GS,Aconitum.columbianum,9,7.7,77
2019,Gothic.Spires,GS,Aconitum.columbianum,10,14.100000000000001,141
2019,Gothic.Spires,GS,Aconitum.columbianum,11,8.6,86
2019,Gothic.Spires,GS,Aconitum.columbianum,12,2.3,23
2019,Gothic.Spires,GS,Aconitum.columbianum,13,0.5,5
2019,Gothic.Spires,GS,Adenolinum.lewisii,8,0.30000000000000004,3
2019,Gothic.Spires,GS,Adenolinum.lewisii,9,0.2,2
2019,Gothic.Spires,GS,Adenolinum.lewisii,10,0.2,2
2019,Gothic.Spires,GS,Adenolinum.lewisii,11,0.2,2
2019,Gothic.Spires,GS,Agoseris.aurantiaca,6,0.1,1
2019,Gothic.Spires,GS,Agoseris.glauca,10,0.1,1
2019,Gothic.Spires,GS,Amerosedum.lanceolatum,10,0.5,5
2019,Gothic.Spires,GS,Amerosedum.lanceolatum,11,0.6,6
2019,Gothic.Spires,GS,Amerosedum.lanceolatum,12,0.5,5
2019,Gothic.Spires,GS,Anticlea.elegans,7,0.4,4
2019,Gothic.Spires,GS,Anticlea.elegans,8,14.299999999999999,143
2019,Gothic.Spires,GS,Anticlea.elegans,9,95.5,955
2019,Gothic.Spires,GS,Anticlea.elegans,10,53.4,534
2019,Gothic.Spires,GS,Anticlea.elegans,11,14.799999999999999,148
2019,Gothic.Spires,GS,Anticlea.elegans,12,0.3,3
2019,Gothic.Spires,GS,Aster.foliaceus,11,0.3,3
2019,Gothic.Spires,GS,Aster.foliaceus,12,11.5,115
2019,Gothic.Spires,GS,Aster.foliaceus,13,76.8,768
2019,Gothic.Spires,GS,Aster.foliaceus,14,109.2,1092
2019,Gothic.Spires,GS,Aster.foliaceus,15,45.7,457
2019,Gothic.Spires,GS,Aster.foliaceus,16,4.4,44
2019,Gothic.Spires,GS,Campanula.rotundifolia,10,0.2,2
2019,Gothic.Spires,GS,Campanula.rotundifolia,11,0.4,4
2019,Gothic.Spires,GS,Campanula.rotundifolia,12,0.5,5
2019,Gothic.Spires,GS,Campanula.rotundifolia,13,0.1,1
2019,Gothic.Spires,GS,Castilleja.sulphurea,8,0.30000000000000004,3
2019,Gothic.Spires,GS,Castilleja.sulphurea,9,0.7,7
2019,Gothic.Spires,GS,Castilleja.sulphurea,10,0.7,7
2019,Gothic.Spires,GS,Castilleja.sulphurea,11,0.4,4
2019,Gothic.Spires,GS,Castilleja.sulphurea,12,0.3,3
2019,Gothic.Spires,GS,Castilleja.sulphurea,13,0.3,3
2019,Gothic.Spires,GS,Castilleja.sulphurea,14,0.7,7
2019,Gothic.Spires,GS,Castilleja.sulphurea,15,0.4,4
2019,Gothic.Spires,GS,Chamerion.danielsii,11,0.5,5
2019,Gothic.Spires,GS,Chamerion.danielsii,12,0.7,7
2019,Gothic.Spires,GS,Claytonia.lanceolata,1,0.1,1
2019,Gothic.Spires,GS,Claytonia.lanceolata,2,155.3,1553
2019,Gothic.Spires,GS,Claytonia.lanceolata,3,549.4,5494
2019,Gothic.Spires,GS,Claytonia.lanceolata,4,190.9,1909
2019,Gothic.Spires,GS,Claytonia.lanceolata,5,9.2,92
2019,Gothic.Spires,GS,Delphinium.barbeyi,8,0.9,9
2019,Gothic.Spires,GS,Delphinium.barbeyi,9,10.1,101
2019,Gothic.Spires,GS,Delphinium.barbeyi,10,40.1,401
2019,Gothic.Spires,GS,Delphinium.barbeyi,11,57.099999999999994,571
2019,Gothic.Spires,GS,Delphinium.barbeyi,12,20.4,204
2019,Gothic.Spires,GS,Delphinium.nuttallianum,5,7.6,76
2019,Gothic.Spires,GS,Delphinium.nuttallianum,6,246.6,2466
2019,Gothic.Spires,GS,Delphinium.nuttallianum,7,112.8,1128
2019,Gothic.Spires,GS,Delphinium.nuttallianum,8,4.1,41
2019,Gothic.Spires,GS,Distegia.involucrata,6,0.6,6
2019,Gothic.Spires,GS,Distegia.involucrata,9,0.3,3
2019,Gothic.Spires,GS,Dodecatheon.pulchellum,6,0.4,4
2019,Gothic.Spires,GS,Dodecatheon.pulchellum,7,12.299999999999999,123
2019,Gothic.Spires,GS,Dodecatheon.pulchellum,8,0.9,9
2019,Gothic.Spires,GS,Draba.aurea,4,0.1,1
2019,Gothic.Spires,GS,Draba.aurea,5,1,10
2019,Gothic.Spires,GS,Draba.aurea,6,4.6000000000000005,46
2019,Gothic.Spires,GS,Draba.aurea,7,4.3,43
2019,Gothic.Spires,GS,Draba.aurea,8,0.9,9
2019,Gothic.Spires,GS,Eremogone.congesta,8,0.7,7
2019,Gothic.Spires,GS,Eremogone.congesta,9,15.4,154
2019,Gothic.Spires,GS,Eremogone.congesta,10,40.8,408
2019,Gothic.Spires,GS,Eremogone.congesta,11,50.9,509
2019,Gothic.Spires,GS,Eremogone.congesta,12,39.7,397
2019,Gothic.Spires,GS,Eremogone.congesta,13,9.6,96
2019,Gothic.Spires,GS,Eremogone.congesta,14,20.1,201
2019,Gothic.Spires,GS,Eremogone.congesta,15,8.8,88
2019,Gothic.Spires,GS,Erigeron.coulteri,9,0.1,1
2019,Gothic.Spires,GS,Erigeron.coulteri,10,0.3,3
2019,Gothic.Spires,GS,Erigeron.coulteri,11,0.8,8
2019,Gothic.Spires,GS,Erigeron.elatior,10,1,10
2019,Gothic.Spires,GS,Erigeron.elatior,11,1.7,17
2019,Gothic.Spires,GS,Erigeron.elatior,12,2.1,21
2019,Gothic.Spires,GS,Erigeron.elatior,13,1.2,12
2019,Gothic.Spires,GS,Erigeron.elatior,14,0.6,6
2019,Gothic.Spires,GS,Erigeron.speciosus,9,2.5,25
2019,Gothic.Spires,GS,Erigeron.speciosus,10,17.3,173
2019,Gothic.Spires,GS,Erigeron.speciosus,11,20.5,205
2019,Gothic.Spires,GS,Erigeron.speciosus,12,16,160
2019,Gothic.Spires,GS,Erigeron.speciosus,13,14.3,143
2019,Gothic.Spires,GS,Erigeron.speciosus,14,13.8,138
2019,Gothic.Spires,GS,Erigeron.speciosus,15,3.8,38
2019,Gothic.Spires,GS,Erigeron.speciosus,16,0.1,1
2019,Gothic.Spires,GS,Erythronium.grandiflorum,1,0.1,1
2019,Gothic.Spires,GS,Erythronium.grandiflorum,2,10.7,107
2019,Gothic.Spires,GS,Erythronium.grandiflorum,3,32.3,323
2019,Gothic.Spires,GS,Erythronium.grandiflorum,4,1.4,14
2019,Gothic.Spires,GS,Eucephalus.engelmannii,10,0.3,3
2019,Gothic.Spires,GS,Eucephalus.engelmannii,13,0.1,1
2019,Gothic.Spires,GS,Eucephalus.engelmannii,14,0.1,1
2019,Gothic.Spires,GS,Fragaria.virginiana,5,3.1,31
2019,Gothic.Spires,GS,Fragaria.virginiana,6,11.8,118
2019,Gothic.Spires,GS,Fragaria.virginiana,7,6.2,62
2019,Gothic.Spires,GS,Fragaria.virginiana,8,5.7,57
2019,Gothic.Spires,GS,Fragaria.virginiana,9,1.2,12
2019,Gothic.Spires,GS,Fragaria.virginiana,10,0.1,1
2019,Gothic.Spires,GS,Fragaria.virginiana,11,0.1,1
2019,Gothic.Spires,GS,Geranium.richardsonii,7,0.1,1
2019,Gothic.Spires,GS,Geranium.richardsonii,8,1.2,12
2019,Gothic.Spires,GS,Geranium.richardsonii,9,2.1,21
2019,Gothic.Spires,GS,Geranium.richardsonii,10,0.9,9
2019,Gothic.Spires,GS,Geranium.richardsonii,11,0.5,5
2019,Gothic.Spires,GS,Geranium.richardsonii,12,0.1,1
2019,Gothic.Spires,GS,Geranium.richardsonii,13,0.1,1
2019,Gothic.Spires,GS,Geum.aleppicum,7,0.1,1
2019,Gothic.Spires,GS,Geum.aleppicum,8,2.3,23
2019,Gothic.Spires,GS,Geum.aleppicum,9,1.7,17
2019,Gothic.Spires,GS,Geum.aleppicum,10,0.6,6
2019,Gothic.Spires,GS,Geum.aleppicum,11,0.1,1
2019,Gothic.Spires,GS,Geum.aleppicum,12,0.1,1
2019,Gothic.Spires,GS,Helianthella.quinquenervis,8,0.4,4
2019,Gothic.Spires,GS,Helianthella.quinquenervis,9,4.9,49
2019,Gothic.Spires,GS,Helianthella.quinquenervis,10,2.9,29
2019,Gothic.Spires,GS,Helianthella.quinquenervis,11,3.2,32
2019,Gothic.Spires,GS,Helianthella.quinquenervis,12,0.9,9
2019,Gothic.Spires,GS,Helianthella.quinquenervis,13,0.1,1
2019,Gothic.Spires,GS,Heliomeris.multiflora,9,0.1,1
2019,Gothic.Spires,GS,Heliomeris.multiflora,10,0.1,1
2019,Gothic.Spires,GS,Heliomeris.multiflora,11,0.8999999999999999,9
2019,Gothic.Spires,GS,Heliomeris.multiflora,12,5,50
2019,Gothic.Spires,GS,Heliomeris.multiflora,13,15.8,158
2019,Gothic.Spires,GS,Heliomeris.multiflora,14,13.899999999999999,139
2019,Gothic.Spires,GS,Heliomeris.multiflora,15,4.6,46
2019,Gothic.Spires,GS,Heliomeris.multiflora,16,1.5,15
2019,Gothic.Spires,GS,Heracleum.sphondylium,10,0.2,2
2019,Gothic.Spires,GS,Heracleum.sphondylium,11,0.1,1
2019,Gothic.Spires,GS,Heracleum.sphondylium,12,0.1,1
2019,Gothic.Spires,GS,Hydrophyllum.capitatum,4,0.2,2
2019,Gothic.Spires,GS,Hydrophyllum.capitatum,5,49,490
2019,Gothic.Spires,GS,Hydrophyllum.capitatum,6,8.2,82
2019,Gothic.Spires,GS,Hydrophyllum.fendleri,5,0.6,6
2019,Gothic.Spires,GS,Hydrophyllum.fendleri,7,1.7,17
2019,Gothic.Spires,GS,Hydrophyllum.fendleri,8,1.8,18
2019,Gothic.Spires,GS,Hydrophyllum.fendleri,9,0.3,3
2019,Gothic.Spires,GS,Lathyrus.leucanthus,6,3.2,32
2019,Gothic.Spires,GS,Lathyrus.leucanthus,7,21,210
2019,Gothic.Spires,GS,Lathyrus.leucanthus,8,9.1,91
2019,Gothic.Spires,GS,Lathyrus.leucanthus,9,2.8000000000000003,28
2019,Gothic.Spires,GS,Ligularia.bigelovii,10,0.1,1
2019,Gothic.Spires,GS,Ligularia.bigelovii,11,0.1,1
2019,Gothic.Spires,GS,Ligularia.bigelovii,13,0.1,1
2019,Gothic.Spires,GS,Ligularia.bigelovii,14,0.1,1
2019,Gothic.Spires,GS,Ligusticum.porteri,7,2.1,21
2019,Gothic.Spires,GS,Ligusticum.porteri,8,22.2,222
2019,Gothic.Spires,GS,Ligusticum.porteri,9,46,460
2019,Gothic.Spires,GS,Ligusticum.porteri,10,8,80
2019,Gothic.Spires,GS,Ligusticum.porteri,11,1.5,15
2019,Gothic.Spires,GS,Lomatium.dissectum,4,0.2,2
2019,Gothic.Spires,GS,Lomatium.dissectum,7,0.4,4
2019,Gothic.Spires,GS,Mertensia.ciliata,6,12.6,126
2019,Gothic.Spires,GS,Mertensia.ciliata,7,26.6,266
2019,Gothic.Spires,GS,Mertensia.ciliata,8,31.1,311
2019,Gothic.Spires,GS,Mertensia.ciliata,9,33.1,331
2019,Gothic.Spires,GS,Mertensia.ciliata,10,18.2,182
2019,Gothic.Spires,GS,Mertensia.ciliata,11,6.6,66
2019,Gothic.Spires,GS,Mertensia.ciliata,12,0.2,2
2019,Gothic.Spires,GS,Mertensia.fusiformis,2,0.1,1
2019,Gothic.Spires,GS,Mertensia.fusiformis,3,17.400000000000002,174
2019,Gothic.Spires,GS,Mertensia.fusiformis,4,56,560
2019,Gothic.Spires,GS,Mertensia.fusiformis,5,64.6,646
2019,Gothic.Spires,GS,Mertensia.fusiformis,6,3.2,32
2019,Gothic.Spires,GS,Noccaea.fendleri,6,0.3,3
2019,Gothic.Spires,GS,Pentaphylloides.floribunda,7,0.1,1
2019,Gothic.Spires,GS,Pentaphylloides.floribunda,8,0.9,9
2019,Gothic.Spires,GS,Pentaphylloides.floribunda,9,1.8,18
2019,Gothic.Spires,GS,Pentaphylloides.floribunda,10,1.9,19
2019,Gothic.Spires,GS,Pentaphylloides.floribunda,11,2.9,29
2019,Gothic.Spires,GS,Pentaphylloides.floribunda,12,2.3,23
2019,Gothic.Spires,GS,Pentaphylloides.floribunda,13,3,30
2019,Gothic.Spires,GS,Pentaphylloides.floribunda,14,3.6,36
2019,Gothic.Spires,GS,Potentilla.pulcherrima,7,7.2,72
2019,Gothic.Spires,GS,Potentilla.pulcherrima,8,81,810
2019,Gothic.Spires,GS,Potentilla.pulcherrima,9,48.9,489
2019,Gothic.Spires,GS,Potentilla.pulcherrima,10,75.1,751
2019,Gothic.Spires,GS,Potentilla.pulcherrima,11,70.9,709
2019,Gothic.Spires,GS,Potentilla.pulcherrima,12,12,120
2019,Gothic.Spires,GS,Potentilla.pulcherrima,13,4.6000000000000005,46
2019,Gothic.Spires,GS,Potentilla.pulcherrima,14,0.7,7
2019,Gothic.Spires,GS,Potentilla.pulcherrima,15,0.1,1
2019,Gothic.Spires,GS,Prunella.vulgaris,9,0.3,3
2019,Gothic.Spires,GS,Prunella.vulgaris,11,0.3,3
2019,Gothic.Spires,GS,Pseudocymopterus.montanus,4,1.8,18
2019,Gothic.Spires,GS,Pseudocymopterus.montanus,5,1.9000000000000001,19
2019,Gothic.Spires,GS,Pseudocymopterus.montanus,6,1.0999999999999999,11
2019,Gothic.Spires,GS,Pseudocymopterus.montanus,7,4.4,44
2019,Gothic.Spires,GS,Pseudocymopterus.montanus,8,3.6,36
2019,Gothic.Spires,GS,Pseudocymopterus.montanus,9,0.9,9
2019,Gothic.Spires,GS,Ranunculus.inamoenus,4,0.4,4
2019,Gothic.Spires,GS,Ranunculus.inamoenus,5,0.7,7
2019,Gothic.Spires,GS,Ranunculus.inamoenus,7,0.1,1
2019,Gothic.Spires,GS,Salix.sp,3,6.9,69
2019,Gothic.Spires,GS,Salix.sp,4,3.9,39
2019,Gothic.Spires,GS,Senecio.integerrimus,6,35,350
2019,Gothic.Spires,GS,Senecio.integerrimus,7,49.3,493
2019,Gothic.Spires,GS,Senecio.integerrimus,8,8.3,83
2019,Gothic.Spires,GS,Senecio.serra,12,4.4,44
2019,Gothic.Spires,GS,Senecio.serra,13,16.3,163
2019,Gothic.Spires,GS,Senecio.serra,14,12.8,128
2019,Gothic.Spires,GS,Senecio.serra,15,8.3,83
2019,Gothic.Spires,GS,Senecio.serra,16,0.5,5
2019,Gothic.Spires,GS,Sisyrinchium.montanum,8,0.1,1
2019,Gothic.Spires,GS,Solidago.multiradiata,10,13,130
2019,Gothic.Spires,GS,Solidago.multiradiata,11,21.8,218
2019,Gothic.Spires,GS,Solidago.multiradiata,12,16.2,162
2019,Gothic.Spires,GS,Solidago.multiradiata,13,3.5999999999999996,36
2019,Gothic.Spires,GS,Solidago.multiradiata,14,2.4,24
2019,Gothic.Spires,GS,Solidago.multiradiata,15,0.8,8
2019,Gothic.Spires,GS,Solidago.multiradiata,16,0.1,1
2019,Gothic.Spires,GS,Taraxacum.officinale,4,1.7,17
2019,Gothic.Spires,GS,Taraxacum.officinale,5,41.3,413
2019,Gothic.Spires,GS,Taraxacum.officinale,6,172.79999999999998,1728
2019,Gothic.Spires,GS,Taraxacum.officinale,7,13,130
2019,Gothic.Spires,GS,Taraxacum.officinale,8,0.8,8
2019,Gothic.Spires,GS,Trifolium.pratense,10,0.1,1
2019,Gothic.Spires,GS,Trifolium.pratense,11,0.1,1
2019,Gothic.Spires,GS,Trifolium.pratense,12,0.5,5
2019,Gothic.Spires,GS,Trifolium.pratense,14,0.2,2
2019,Gothic.Spires,GS,Trifolium.pratense,16,0.1,1
2019,Gothic.Spires,GS,Trifolium.repens,11,0.1,1
2019,Gothic.Spires,GS,Valeriana.occidentalis,5,0.5,5
2019,Gothic.Spires,GS,Valeriana.occidentalis,6,0.5,5
2019,Gothic.Spires,GS,Valeriana.occidentalis,7,0.8,8
2019,Gothic.Spires,GS,Valeriana.occidentalis,9,0.4,4
2019,Gothic.Spires,GS,Veratrum.tenuipetalum,9,30.3,303
2019,Gothic.Spires,GS,Vicia.americana,7,2.4,24
2019,Gothic.Spires,GS,Vicia.americana,8,4.5,45
2019,Gothic.Spires,GS,Vicia.americana,9,36.7,367
2019,Gothic.Spires,GS,Vicia.americana,10,10.1,101
2019,Gothic.Spires,GS,Vicia.americana,11,18.4,184
2019,Gothic.Spires,GS,Vicia.americana,12,2.3000000000000003,23
2019,Gothic.Spires,GS,Vicia.americana,13,0.6,6
2019,Gothic.Spires,GS,Vicia.americana,14,0.1,1
2019,Gothic.Spires,GS,Viola.adunca,6,0.6,6
2019,Gothic.Spires,GS,Viola.praemorsa,3,0.5,5
2019,Gothic.Spires,GS,Viola.praemorsa,4,7.6,76
2019,Gothic.Spires,GS,Viola.praemorsa,5,48.5,485
2019,Gothic.Spires,GS,Viola.praemorsa,6,0.2,2
2019,Rosy.Hills,RH,Achillea.millefolium,7,0.2,2
2019,Rosy.Hills,RH,Achillea.millefolium,8,1.1,11
2019,Rosy.Hills,RH,Achillea.millefolium,9,2.1,21
2019,Rosy.Hills,RH,Achillea.millefolium,10,2,20
2019,Rosy.Hills,RH,Achillea.millefolium,11,2.9,29
2019,Rosy.Hills,RH,Achillea.millefolium,12,3.1,31
2019,Rosy.Hills,RH,Achillea.millefolium,13,3.4,34
2019,Rosy.Hills,RH,Achillea.millefolium,14,2.5,25
2019,Rosy.Hills,RH,Achillea.millefolium,15,1.3,13
2019,Rosy.Hills,RH,Aconitum.columbianum,8,2.4,24
2019,Rosy.Hills,RH,Aconitum.columbianum,9,0.8,8
2019,Rosy.Hills,RH,Adenolinum.lewisii,6,0.2,2
2019,Rosy.Hills,RH,Adenolinum.lewisii,7,3.5,35
2019,Rosy.Hills,RH,Adenolinum.lewisii,8,6.1,61
2019,Rosy.Hills,RH,Adenolinum.lewisii,9,1.5,15
2019,Rosy.Hills,RH,Adenolinum.lewisii,10,1.2999999999999998,13
2019,Rosy.Hills,RH,Adenolinum.lewisii,12,0.1,1
2019,Rosy.Hills,RH,Agastache.urticifolia,9,9.9,99
2019,Rosy.Hills,RH,Agastache.urticifolia,10,4.6,46
2019,Rosy.Hills,RH,Agastache.urticifolia,11,2.6,26
2019,Rosy.Hills,RH,Agastache.urticifolia,12,2.1,21
2019,Rosy.Hills,RH,Agastache.urticifolia,13,0.6,6
2019,Rosy.Hills,RH,Agastache.urticifolia,14,0.4,4
2019,Rosy.Hills,RH,Agoseris.glauca,10,0.2,2
2019,Rosy.Hills,RH,Agoseris.glauca,11,0.2,2
2019,Rosy.Hills,RH,Antennaria.rosea,6,2.1,21
2019,Rosy.Hills,RH,Aquilegia.coerulea,9,0.1,1
2019,Rosy.Hills,RH,Calochortus.gunnisonii,9,0.9,9
2019,Rosy.Hills,RH,Calochortus.gunnisonii,10,1.5,15
2019,Rosy.Hills,RH,Calochortus.gunnisonii,11,0.2,2
2019,Rosy.Hills,RH,Castilleja.linariifolia,10,0.4,4
2019,Rosy.Hills,RH,Castilleja.linariifolia,11,0.2,2
2019,Rosy.Hills,RH,Chrysothamnus.viscidiflorus,11,0.5,5
2019,Rosy.Hills,RH,Chrysothamnus.viscidiflorus,12,1.9,19
2019,Rosy.Hills,RH,Chrysothamnus.viscidiflorus,13,8.9,89
2019,Rosy.Hills,RH,Chrysothamnus.viscidiflorus,14,9.5,95
2019,Rosy.Hills,RH,Chrysothamnus.viscidiflorus,15,10,100
2019,Rosy.Hills,RH,Cirsium.parryi,11,0.8,8
2019,Rosy.Hills,RH,Cirsium.parryi,12,0.1,1
2019,Rosy.Hills,RH,Cirsium.parryi,13,0.4,4
2019,Rosy.Hills,RH,Cirsium.parryi,14,0.7,7
2019,Rosy.Hills,RH,Claytonia.lanceolata,1,26,260
2019,Rosy.Hills,RH,Claytonia.lanceolata,2,840.6,8406
2019,Rosy.Hills,RH,Claytonia.lanceolata,3,33.6,336
2019,Rosy.Hills,RH,Claytonia.lanceolata,4,0.7999999999999999,8
2019,Rosy.Hills,RH,Delphinium.barbeyi,8,11.5,115
2019,Rosy.Hills,RH,Delphinium.barbeyi,9,41.800000000000004,418
2019,Rosy.Hills,RH,Delphinium.barbeyi,10,30.3,303
2019,Rosy.Hills,RH,Delphinium.barbeyi,11,16.7,167
2019,Rosy.Hills,RH,Delphinium.barbeyi,12,1.4000000000000001,14
2019,Rosy.Hills,RH,Delphinium.nuttallianum,3,3.9,39
2019,Rosy.Hills,RH,Delphinium.nuttallianum,4,24.5,245
2019,Rosy.Hills,RH,Delphinium.nuttallianum,5,64.6,646
2019,Rosy.Hills,RH,Delphinium.nuttallianum,6,14,140
2019,Rosy.Hills,RH,Delphinium.nuttallianum,7,0.30000000000000004,3
2019,Rosy.Hills,RH,Dugaldia.hoopesii,8,0.3,3
2019,Rosy.Hills,RH,Dugaldia.hoopesii,9,1.9,19
2019,Rosy.Hills,RH,Dugaldia.hoopesii,10,1.9,19
2019,Rosy.Hills,RH,Dugaldia.hoopesii,11,3.9,39
2019,Rosy.Hills,RH,Dugaldia.hoopesii,12,1,10
2019,Rosy.Hills,RH,Dugaldia.hoopesii,13,0.3,3
2019,Rosy.Hills,RH,Dugaldia.hoopesii,15,0.1,1
2019,Rosy.Hills,RH,Eremogone.congesta,7,24.5,245
2019,Rosy.Hills,RH,Eremogone.congesta,8,334.5,3345
2019,Rosy.Hills,RH,Eremogone.congesta,9,224.9,2249
2019,Rosy.Hills,RH,Eremogone.congesta,10,22,220
2019,Rosy.Hills,RH,Eremogone.congesta,11,5,50
2019,Rosy.Hills,RH,Eremogone.congesta,12,1.7,17
2019,Rosy.Hills,RH,Eremogone.congesta,14,1.2,12
2019,Rosy.Hills,RH,Ericameria.parryi,11,0.8,8
2019,Rosy.Hills,RH,Ericameria.parryi,12,1.5,15
2019,Rosy.Hills,RH,Ericameria.parryi,13,17.8,178
2019,Rosy.Hills,RH,Ericameria.parryi,14,29.2,292
2019,Rosy.Hills,RH,Ericameria.parryi,15,10.5,105
2019,Rosy.Hills,RH,Ericameria.parryi,16,2.8,28
2019,Rosy.Hills,RH,Ericameria.parryi,17,0.4,4
2019,Rosy.Hills,RH,Erigeron.elatior,9,4.2,42
2019,Rosy.Hills,RH,Erigeron.elatior,10,5,50
2019,Rosy.Hills,RH,Erigeron.elatior,11,7.6,76
2019,Rosy.Hills,RH,Erigeron.elatior,12,2.7,27
2019,Rosy.Hills,RH,Erigeron.elatior,13,4.9,49
2019,Rosy.Hills,RH,Erigeron.elatior,14,1.3,13
2019,Rosy.Hills,RH,Erigeron.elatior,15,0.1,1
2019,Rosy.Hills,RH,Erigeron.speciosus,8,1.2,12
2019,Rosy.Hills,RH,Erigeron.speciosus,9,36.2,362
2019,Rosy.Hills,RH,Erigeron.speciosus,10,74.8,748
2019,Rosy.Hills,RH,Erigeron.speciosus,11,58.6,586
2019,Rosy.Hills,RH,Erigeron.speciosus,12,30,300
2019,Rosy.Hills,RH,Erigeron.speciosus,13,25.1,251
2019,Rosy.Hills,RH,Erigeron.speciosus,14,20.400000000000002,204
2019,Rosy.Hills,RH,Eriogonum.subalpinum,7,9.799999999999999,98
2019,Rosy.Hills,RH,Eriogonum.subalpinum,8,16.2,162
2019,Rosy.Hills,RH,Eriogonum.subalpinum,9,16.2,162
2019,Rosy.Hills,RH,Eriogonum.subalpinum,10,1.2,12
2019,Rosy.Hills,RH,Eriogonum.umbellatum,6,5.1,51
2019,Rosy.Hills,RH,Eriogonum.umbellatum,7,41.4,414
2019,Rosy.Hills,RH,Eriogonum.umbellatum,8,71.6,716
2019,Rosy.Hills,RH,Eriogonum.umbellatum,9,60.5,605
2019,Rosy.Hills,RH,Eriogonum.umbellatum,10,18.4,184
2019,Rosy.Hills,RH,Eriogonum.umbellatum,11,1.2,12
2019,Rosy.Hills,RH,Erythrocoma.triflora,6,1.1,11
2019,Rosy.Hills,RH,Erythrocoma.triflora,7,0.7,7
2019,Rosy.Hills,RH,Erythrocoma.triflora,8,1.2,12
2019,Rosy.Hills,RH,Eucephalus.engelmannii,10,1.9,19
2019,Rosy.Hills,RH,Eucephalus.engelmannii,11,8.9,89
2019,Rosy.Hills,RH,Eucephalus.engelmannii,12,4.6,46
2019,Rosy.Hills,RH,Eucephalus.engelmannii,13,5.199999999999999,52
2019,Rosy.Hills,RH,Eucephalus.engelmannii,14,2.2,22
2019,Rosy.Hills,RH,Frasera.speciosa,5,0.6,6
2019,Rosy.Hills,RH,Frasera.speciosa,6,16,160
2019,Rosy.Hills,RH,Frasera.speciosa,7,23.5,235
2019,Rosy.Hills,RH,Frasera.speciosa,8,7.2,72
2019,Rosy.Hills,RH,Frasera.speciosa,9,0.1,1
2019,Rosy.Hills,RH,Geranium.richardsonii,8,0.1,1
2019,Rosy.Hills,RH,Helianthella.quinquenervis,8,4.4,44
2019,Rosy.Hills,RH,Helianthella.quinquenervis,9,23.8,238
2019,Rosy.Hills,RH,Helianthella.quinquenervis,10,34,340
2019,Rosy.Hills,RH,Helianthella.quinquenervis,11,13.9,139
2019,Rosy.Hills,RH,Helianthella.quinquenervis,12,1.2,12
2019,Rosy.Hills,RH,Helianthella.quinquenervis,13,0.6,6
2019,Rosy.Hills,RH,Helianthella.quinquenervis,14,0.1,1
2019,Rosy.Hills,RH,Heliomeris.multiflora,11,0.30000000000000004,3
2019,Rosy.Hills,RH,Heliomeris.multiflora,12,2,20
2019,Rosy.Hills,RH,Heliomeris.multiflora,13,8.4,84
2019,Rosy.Hills,RH,Heliomeris.multiflora,14,10.3,103
2019,Rosy.Hills,RH,Heliomeris.multiflora,15,3.6,36
2019,Rosy.Hills,RH,Heracleum.sphondylium,7,0.1,1
2019,Rosy.Hills,RH,Heracleum.sphondylium,8,0.30000000000000004,3
2019,Rosy.Hills,RH,Heracleum.sphondylium,9,0.9,9
2019,Rosy.Hills,RH,Heracleum.sphondylium,10,3.4,34
2019,Rosy.Hills,RH,Heracleum.sphondylium,11,0.5,5
2019,Rosy.Hills,RH,Hydrophyllum.fendleri,4,0.1,1
2019,Rosy.Hills,RH,Hydrophyllum.fendleri,5,7.6,76
2019,Rosy.Hills,RH,Hydrophyllum.fendleri,6,19.5,195
2019,Rosy.Hills,RH,Hydrophyllum.fendleri,7,6.4,64
2019,Rosy.Hills,RH,Ipomopsis.aggregata,8,0.7,7
2019,Rosy.Hills,RH,Ipomopsis.aggregata,9,0.8,8
2019,Rosy.Hills,RH,Ipomopsis.aggregata,10,0.6,6
2019,Rosy.Hills,RH,Ipomopsis.aggregata,11,0.2,2
2019,Rosy.Hills,RH,Ipomopsis.aggregata,12,0.5,5
2019,Rosy.Hills,RH,Ipomopsis.aggregata,13,0.4,4
2019,Rosy.Hills,RH,Ipomopsis.aggregata,14,1.8,18
2019,Rosy.Hills,RH,Lathyrus.leucanthus,4,0.5,5
2019,Rosy.Hills,RH,Lathyrus.leucanthus,5,1.2,12
2019,Rosy.Hills,RH,Lathyrus.leucanthus,6,8.799999999999999,88
2019,Rosy.Hills,RH,Lathyrus.leucanthus,7,6.3,63
2019,Rosy.Hills,RH,Ligusticum.porteri,7,7.1000000000000005,71
2019,Rosy.Hills,RH,Ligusticum.porteri,8,34.4,344
2019,Rosy.Hills,RH,Ligusticum.porteri,9,18.3,183
2019,Rosy.Hills,RH,Ligusticum.porteri,10,0.7,7
2019,Rosy.Hills,RH,Lupinus.bakeri,6,73.5,735
2019,Rosy.Hills,RH,Lupinus.bakeri,7,271.7,2717
2019,Rosy.Hills,RH,Lupinus.bakeri,8,56.9,569
2019,Rosy.Hills,RH,Lupinus.bakeri,9,0.2,2
2019,Rosy.Hills,RH,Mertensia.fusiformis,2,39.7,397
2019,Rosy.Hills,RH,Mertensia.fusiformis,3,146.1,1461
2019,Rosy.Hills,RH,Mertensia.fusiformis,4,70.6,706
2019,Rosy.Hills,RH,Mertensia.fusiformis,5,12.1,121
2019,Rosy.Hills,RH,Noccaea.fendleri,3,0.4,4
2019,Rosy.Hills,RH,Noccaea.fendleri,4,3.6,36
2019,Rosy.Hills,RH,Noccaea.fendleri,5,1.8,18
2019,Rosy.Hills,RH,Noccaea.fendleri,6,0.6,6
2019,Rosy.Hills,RH,Pentaphylloides.floribunda,7,0.3,3
2019,Rosy.Hills,RH,Pentaphylloides.floribunda,8,2.7,27
2019,Rosy.Hills,RH,Pentaphylloides.floribunda,9,2.8,28
2019,Rosy.Hills,RH,Pentaphylloides.floribunda,10,2,20
2019,Rosy.Hills,RH,Pentaphylloides.floribunda,11,2,20
2019,Rosy.Hills,RH,Pentaphylloides.floribunda,12,0.6,6
2019,Rosy.Hills,RH,Potentilla.pulcherrima,6,0.30000000000000004,3
2019,Rosy.Hills,RH,Potentilla.pulcherrima,7,4.7,47
2019,Rosy.Hills,RH,Potentilla.pulcherrima,8,20.8,208
2019,Rosy.Hills,RH,Potentilla.pulcherrima,9,16.3,163
2019,Rosy.Hills,RH,Potentilla.pulcherrima,10,5.3999999999999995,54
2019,Rosy.Hills,RH,Potentilla.pulcherrima,11,3.0999999999999996,31
2019,Rosy.Hills,RH,Potentilla.pulcherrima,12,0.2,2
2019,Rosy.Hills,RH,Pseudocymopterus.montanus,3,0.1,1
2019,Rosy.Hills,RH,Pseudocymopterus.montanus,4,0.5,5
2019,Rosy.Hills,RH,Pseudocymopterus.montanus,5,0.3,3
2019,Rosy.Hills,RH,Pseudocymopterus.montanus,6,0.5,5
2019,Rosy.Hills,RH,Pseudocymopterus.montanus,7,0.4,4
2019,Rosy.Hills,RH,Pseudocymopterus.montanus,8,0.2,2
2019,Rosy.Hills,RH,Ranunculus.inamoenus,4,0.1,1
2019,Rosy.Hills,RH,Rosa.woodsii,8,0.1,1
2019,Rosy.Hills,RH,Senecio.integerrimus,3,0.4,4
2019,Rosy.Hills,RH,Senecio.integerrimus,4,3.7,37
2019,Rosy.Hills,RH,Senecio.integerrimus,5,14.6,146
2019,Rosy.Hills,RH,Senecio.integerrimus,6,30.8,308
2019,Rosy.Hills,RH,Senecio.integerrimus,7,9.7,97
2019,Rosy.Hills,RH,Senecio.serra,11,0.9,9
2019,Rosy.Hills,RH,Senecio.serra,12,0.5,5
2019,Rosy.Hills,RH,Senecio.serra,13,1.4,14
2019,Rosy.Hills,RH,Senecio.serra,14,0.4,4
2019,Rosy.Hills,RH,Symphoricarpos.rotundifolius,7,1.5,15
2019,Rosy.Hills,RH,Symphoricarpos.rotundifolius,8,18.3,183
2019,Rosy.Hills,RH,Taraxacum.officinale,3,0.1,1
2019,Rosy.Hills,RH,Taraxacum.officinale,4,0.4,4
2019,Rosy.Hills,RH,Taraxacum.officinale,5,0.30000000000000004,3
2019,Rosy.Hills,RH,Valeriana.occidentalis,3,1,10
2019,Rosy.Hills,RH,Valeriana.occidentalis,4,4.3,43
2019,Rosy.Hills,RH,Valeriana.occidentalis,5,3.9,39
2019,Rosy.Hills,RH,Valeriana.occidentalis,6,3.2,32
2019,Rosy.Hills,RH,Valeriana.occidentalis,7,2.9,29
2019,Rosy.Hills,RH,Valeriana.occidentalis,8,0.2,2
2019,Rosy.Hills,RH,Vicia.americana,7,4,40
2019,Rosy.Hills,RH,Vicia.americana,8,21,210
2019,Rosy.Hills,RH,Vicia.americana,9,8.5,85
2019,Rosy.Hills,RH,Vicia.americana,10,1.9,19
2019,Rosy.Hills,RH,Vicia.americana,11,1,10
2019,Rosy.Hills,RH,Vicia.americana,12,0.2,2
2019,Rosy.Hills,RH,Viola.praemorsa,2,0.4,4
2019,Rosy.Hills,RH,Viola.praemorsa,3,2.8,28
2019,Rosy.Hills,RH,Viola.praemorsa,4,1,10
2019,Rosy.Hills,RH,Wyethia.arizonica,6,1.1,11
2019,Rosy.Hills,RH,Wyethia.arizonica,7,2.3,23
2019,Rosy.Hills,RH,Wyethia.arizonica,8,1.5,15
2019,Rosy.Hills,RH,lathyrus.leucanthus,7,1,10
2019,Stormy.Pass,SP,Achillea.millefolium,8,0.1,1
2019,Stormy.Pass,SP,Achillea.millefolium,9,1.1,11
2019,Stormy.Pass,SP,Achillea.millefolium,10,2,20
2019,Stormy.Pass,SP,Achillea.millefolium,11,2.4,24
2019,Stormy.Pass,SP,Achillea.millefolium,12,2.2,22
2019,Stormy.Pass,SP,Achillea.millefolium,13,2.1,21
2019,Stormy.Pass,SP,Achillea.millefolium,14,2.8,28
2019,Stormy.Pass,SP,Achillea.millefolium,15,2.6,26
2019,Stormy.Pass,SP,Achillea.millefolium,16,1.3,13
2019,Stormy.Pass,SP,Achillea.millefolium,17,0.5,5
2019,Stormy.Pass,SP,Adenolinum.lewisii,8,0.30000000000000004,3
2019,Stormy.Pass,SP,Adenolinum.lewisii,9,2.5,25
2019,Stormy.Pass,SP,Adenolinum.lewisii,10,0.8,8
2019,Stormy.Pass,SP,Adenolinum.lewisii,11,0.30000000000000004,3
2019,Stormy.Pass,SP,Adenolinum.lewisii,12,0.2,2
2019,Stormy.Pass,SP,Adenolinum.lewisii,13,0.1,1
2019,Stormy.Pass,SP,Agoseris.aurantiaca,8,0.30000000000000004,3
2019,Stormy.Pass,SP,Agoseris.aurantiaca,9,0.1,1
2019,Stormy.Pass,SP,Agoseris.aurantiaca,10,0.30000000000000004,3
2019,Stormy.Pass,SP,Agoseris.aurantiaca,11,0.4,4
2019,Stormy.Pass,SP,Agoseris.glauca,10,0.2,2
2019,Stormy.Pass,SP,Agoseris.glauca,11,0.4,4
2019,Stormy.Pass,SP,Chamerion.danielsii,13,0.1,1
2019,Stormy.Pass,SP,Cirsium.parryi,11,0.30000000000000004,3
2019,Stormy.Pass,SP,Cirsium.parryi,12,1.1,11
2019,Stormy.Pass,SP,Cirsium.parryi,13,0.2,2
2019,Stormy.Pass,SP,Cirsium.parryi,14,0.3,3
2019,Stormy.Pass,SP,Claytonia.lanceolata,2,1.9,19
2019,Stormy.Pass,SP,Claytonia.lanceolata,3,42.2,422
2019,Stormy.Pass,SP,Claytonia.lanceolata,4,2.2,22
2019,Stormy.Pass,SP,Collomia.linearis,7,0.8,8
2019,Stormy.Pass,SP,Delphinium.barbeyi,8,3.2,32
2019,Stormy.Pass,SP,Delphinium.barbeyi,9,10.4,104
2019,Stormy.Pass,SP,Delphinium.barbeyi,10,71.9,719
2019,Stormy.Pass,SP,Delphinium.barbeyi,11,61.5,615
2019,Stormy.Pass,SP,Delphinium.barbeyi,12,53.9,539
2019,Stormy.Pass,SP,Delphinium.barbeyi,13,33.9,339
2019,Stormy.Pass,SP,Delphinium.barbeyi,14,9.299999999999999,93
2019,Stormy.Pass,SP,Delphinium.barbeyi,15,0.3,3
2019,Stormy.Pass,SP,Delphinium.nuttallianum,4,1,10
2019,Stormy.Pass,SP,Delphinium.nuttallianum,5,9.1,91
2019,Stormy.Pass,SP,Delphinium.nuttallianum,6,31.1,311
2019,Stormy.Pass,SP,Delphinium.nuttallianum,7,16.2,162
2019,Stormy.Pass,SP,Delphinium.nuttallianum,8,1.2000000000000002,12
2019,Stormy.Pass,SP,Dugaldia.hoopesii,9,0.2,2
2019,Stormy.Pass,SP,Dugaldia.hoopesii,10,1,10
2019,Stormy.Pass,SP,Dugaldia.hoopesii,11,0.6,6
2019,Stormy.Pass,SP,Dugaldia.hoopesii,12,0.5,5
2019,Stormy.Pass,SP,Dugaldia.hoopesii,13,0.6,6
2019,Stormy.Pass,SP,Dugaldia.hoopesii,14,0.9,9
2019,Stormy.Pass,SP,Dugaldia.hoopesii,15,1,10
2019,Stormy.Pass,SP,Dugaldia.hoopesii,16,0.1,1
2019,Stormy.Pass,SP,Dugaldia.hoopesii,17,0.1,1
2019,Stormy.Pass,SP,Erigeron.elatior,9,2,20
2019,Stormy.Pass,SP,Erigeron.elatior,10,8.1,81
2019,Stormy.Pass,SP,Erigeron.elatior,11,22.7,227
2019,Stormy.Pass,SP,Erigeron.elatior,12,23.400000000000002,234
2019,Stormy.Pass,SP,Erigeron.elatior,13,29.4,294
2019,Stormy.Pass,SP,Erigeron.elatior,14,16,160
2019,Stormy.Pass,SP,Erigeron.elatior,15,10.1,101
2019,Stormy.Pass,SP,Erigeron.elatior,16,0.3,3
2019,Stormy.Pass,SP,Erigeron.speciosus,10,7.300000000000001,73
2019,Stormy.Pass,SP,Erigeron.speciosus,11,30.6,306
2019,Stormy.Pass,SP,Erigeron.speciosus,12,59.9,599
2019,Stormy.Pass,SP,Erigeron.speciosus,13,69.8,698
2019,Stormy.Pass,SP,Erigeron.speciosus,14,42.6,426
2019,Stormy.Pass,SP,Erigeron.speciosus,15,11.200000000000001,112
2019,Stormy.Pass,SP,Erigeron.speciosus,16,0.30000000000000004,3
2019,Stormy.Pass,SP,Fragaria.virginiana,4,0.1,1
2019,Stormy.Pass,SP,Fragaria.virginiana,5,9,90
2019,Stormy.Pass,SP,Fragaria.virginiana,6,35.6,356
2019,Stormy.Pass,SP,Fragaria.virginiana,7,20,200
2019,Stormy.Pass,SP,Fragaria.virginiana,8,2.4,24
2019,Stormy.Pass,SP,Fragaria.virginiana,9,0.6,6
2019,Stormy.Pass,SP,Gentiana.parryi,15,0.5,5
2019,Stormy.Pass,SP,Gentiana.parryi,16,0.3,3
2019,Stormy.Pass,SP,Geranium.richardsonii,7,0.4,4
2019,Stormy.Pass,SP,Geranium.richardsonii,8,0.6,6
2019,Stormy.Pass,SP,Geranium.richardsonii,9,0.9,9
2019,Stormy.Pass,SP,Geranium.richardsonii,10,0.6,6
2019,Stormy.Pass,SP,Geranium.richardsonii,11,0.2,2
2019,Stormy.Pass,SP,Helianthella.quinquenervis,8,0.1,1
2019,Stormy.Pass,SP,Helianthella.quinquenervis,9,0.2,2
2019,Stormy.Pass,SP,Helianthella.quinquenervis,10,2,20
2019,Stormy.Pass,SP,Helianthella.quinquenervis,11,1.1,11
2019,Stormy.Pass,SP,Helianthella.quinquenervis,12,0.3,3
2019,Stormy.Pass,SP,Heliomeris.multiflora,10,0.2,2
2019,Stormy.Pass,SP,Heliomeris.multiflora,11,0.9,9
2019,Stormy.Pass,SP,Heliomeris.multiflora,12,11.700000000000001,117
2019,Stormy.Pass,SP,Heliomeris.multiflora,13,35.9,359
2019,Stormy.Pass,SP,Heliomeris.multiflora,14,52.3,523
2019,Stormy.Pass,SP,Heliomeris.multiflora,15,30.5,305
2019,Stormy.Pass,SP,Heliomeris.multiflora,16,3.5,35
2019,Stormy.Pass,SP,Heliomeris.multiflora,17,0.2,2
2019,Stormy.Pass,SP,Heracleum.sphondylium,9,0.1,1
2019,Stormy.Pass,SP,Heracleum.sphondylium,10,0.7999999999999999,8
2019,Stormy.Pass,SP,Heracleum.sphondylium,11,5.8,58
2019,Stormy.Pass,SP,Heracleum.sphondylium,12,0.30000000000000004,3
2019,Stormy.Pass,SP,Hydrophyllum.fendleri,6,1.7999999999999998,18
2019,Stormy.Pass,SP,Hydrophyllum.fendleri,7,11.1,111
2019,Stormy.Pass,SP,Hydrophyllum.fendleri,8,26.6,266
2019,Stormy.Pass,SP,Hydrophyllum.fendleri,9,4.3,43
2019,Stormy.Pass,SP,Hydrophyllum.fendleri,10,0.9,9
2019,Stormy.Pass,SP,Hydrophyllum.fendleri,11,0.1,1
2019,Stormy.Pass,SP,Lathyrus.leucanthus,5,0.4,4
2019,Stormy.Pass,SP,Lathyrus.leucanthus,6,29.099999999999998,291
2019,Stormy.Pass,SP,Lathyrus.leucanthus,7,33.9,339
2019,Stormy.Pass,SP,Lathyrus.leucanthus,8,77.6,776
2019,Stormy.Pass,SP,Lathyrus.leucanthus,9,89.9,899
2019,Stormy.Pass,SP,Lathyrus.leucanthus,10,12,120
2019,Stormy.Pass,SP,Lathyrus.leucanthus,11,1.1,11
2019,Stormy.Pass,SP,Lathyrus.leucanthus,12,0.4,4
2019,Stormy.Pass,SP,Ligularia.bigelovii,10,0.30000000000000004,3
2019,Stormy.Pass,SP,Ligularia.bigelovii,11,4,40
2019,Stormy.Pass,SP,Ligularia.bigelovii,12,8.4,84
2019,Stormy.Pass,SP,Ligularia.bigelovii,13,18.8,188
2019,Stormy.Pass,SP,Ligularia.bigelovii,14,9.299999999999999,93
2019,Stormy.Pass,SP,Ligusticum.porteri,8,2.3,23
2019,Stormy.Pass,SP,Ligusticum.porteri,9,6,60
2019,Stormy.Pass,SP,Ligusticum.porteri,10,1.5,15
2019,Stormy.Pass,SP,Mertensia.ciliata,6,1,10
2019,Stormy.Pass,SP,Mertensia.ciliata,7,7.9,79
2019,Stormy.Pass,SP,Mertensia.ciliata,8,56.599999999999994,566
2019,Stormy.Pass,SP,Mertensia.ciliata,9,103.60000000000001,1036
2019,Stormy.Pass,SP,Mertensia.ciliata,10,71,710
2019,Stormy.Pass,SP,Mertensia.ciliata,11,15.299999999999999,153
2019,Stormy.Pass,SP,Mertensia.ciliata,12,0.4,4
2019,Stormy.Pass,SP,Mertensia.fusiformis,2,0.2,2
2019,Stormy.Pass,SP,Mertensia.fusiformis,3,24.400000000000002,244
2019,Stormy.Pass,SP,Mertensia.fusiformis,4,105.10000000000001,1051
2019,Stormy.Pass,SP,Mertensia.fusiformis,5,63.8,638
2019,Stormy.Pass,SP,Mertensia.fusiformis,6,18.1,181
2019,Stormy.Pass,SP,Mertensia.fusiformis,7,1.4,14
2019,Stormy.Pass,SP,Mertensia.fusiformis,8,0.1,1
2019,Stormy.Pass,SP,Noccaea.fendleri,3,0.8,8
2019,Stormy.Pass,SP,Noccaea.fendleri,4,6.1,61
2019,Stormy.Pass,SP,Noccaea.fendleri,5,0.1,1
2019,Stormy.Pass,SP,Noccaea.fendleri,6,2,20
2019,Stormy.Pass,SP,Noccaea.fendleri,7,0.4,4
2019,Stormy.Pass,SP,Pentaphylloides.floribunda,8,0.1,1
2019,Stormy.Pass,SP,Pentaphylloides.floribunda,9,0.3,3
2019,Stormy.Pass,SP,Pentaphylloides.floribunda,11,0.6,6
2019,Stormy.Pass,SP,Pentaphylloides.floribunda,12,0.1,1
2019,Stormy.Pass,SP,Pentaphylloides.floribunda,13,0.5,5
2019,Stormy.Pass,SP,Potentilla.pulcherrima,6,0.1,1
2019,Stormy.Pass,SP,Potentilla.pulcherrima,7,6.3,63
2019,Stormy.Pass,SP,Potentilla.pulcherrima,8,51.2,512
2019,Stormy.Pass,SP,Potentilla.pulcherrima,9,139.70000000000002,1397
2019,Stormy.Pass,SP,Potentilla.pulcherrima,10,146.20000000000002,1462
2019,Stormy.Pass,SP,Potentilla.pulcherrima,11,99.8,998
2019,Stormy.Pass,SP,Potentilla.pulcherrima,12,71.4,714
2019,Stormy.Pass,SP,Potentilla.pulcherrima,13,27.8,278
2019,Stormy.Pass,SP,Potentilla.pulcherrima,14,2.1,21
2019,Stormy.Pass,SP,Potentilla.pulcherrima,16,0.3,3
2019,Stormy.Pass,SP,Pseudocymopterus.montanus,5,1,10
2019,Stormy.Pass,SP,Pseudocymopterus.montanus,6,2.1,21
2019,Stormy.Pass,SP,Pseudocymopterus.montanus,7,2.3,23
2019,Stormy.Pass,SP,Pseudocymopterus.montanus,8,1.1,11
2019,Stormy.Pass,SP,Pseudocymopterus.montanus,9,0.9,9
2019,Stormy.Pass,SP,Pseudocymopterus.montanus,10,0.4,4
2019,Stormy.Pass,SP,Pseudocymopterus.montanus,11,0.2,2
2019,Stormy.Pass,SP,Pyrrocoma.crocea,11,0.1,1
2019,Stormy.Pass,SP,Ranunculus.inamoenus,3,0.3,3
2019,Stormy.Pass,SP,Ranunculus.inamoenus,4,1.7,17
2019,Stormy.Pass,SP,Ranunculus.inamoenus,5,3.4,34
2019,Stormy.Pass,SP,Ranunculus.inamoenus,6,2.4,24
2019,Stormy.Pass,SP,Ranunculus.inamoenus,7,1.8,18
2019,Stormy.Pass,SP,Salix.wolfii,5,14.7,147
2019,Stormy.Pass,SP,Salix.wolfii,6,1,10
2019,Stormy.Pass,SP,Sambucus.racemosa,6,0.2,2
2019,Stormy.Pass,SP,Sambucus.racemosa,7,0.1,1
2019,Stormy.Pass,SP,Senecio.serra,12,0.9,9
2019,Stormy.Pass,SP,Senecio.serra,13,18,180
2019,Stormy.Pass,SP,Senecio.serra,14,17.6,176
2019,Stormy.Pass,SP,Senecio.serra,15,5.1,51
2019,Stormy.Pass,SP,Senecio.serra,16,0.1,1
2019,Stormy.Pass,SP,Solidago.multiradiata,9,0.1,1
2019,Stormy.Pass,SP,Solidago.multiradiata,10,1.4,14
2019,Stormy.Pass,SP,Solidago.multiradiata,11,1.9,19
2019,Stormy.Pass,SP,Solidago.multiradiata,12,0.6,6
2019,Stormy.Pass,SP,Taraxacum.officinale,4,1.7,17
2019,Stormy.Pass,SP,Taraxacum.officinale,5,2.8000000000000003,28
2019,Stormy.Pass,SP,Taraxacum.officinale,6,5.8,58
2019,Stormy.Pass,SP,Taraxacum.officinale,7,1.9,19
2019,Stormy.Pass,SP,Taraxacum.officinale,8,0.4,4
2019,Stormy.Pass,SP,Taraxacum.officinale,9,0.2,2
2019,Stormy.Pass,SP,Taraxacum.officinale,11,0.1,1
2019,Stormy.Pass,SP,Vicia.americana,7,0.2,2
2019,Stormy.Pass,SP,Vicia.americana,8,4.7,47
2019,Stormy.Pass,SP,Vicia.americana,9,48.6,486
2019,Stormy.Pass,SP,Vicia.americana,10,21.2,212
2019,Stormy.Pass,SP,Vicia.americana,11,3.4000000000000004,34
2019,Stormy.Pass,SP,Vicia.americana,12,0.8,8
2019,Stormy.Pass,SP,Vicia.americana,13,0.3,3
2019,Stormy.Pass,SP,Viola.praemorsa,3,0.1,1
2019,Stormy.Pass,SP,Viola.praemorsa,4,5.3,53
2019,Stormy.Pass,SP,Viola.praemorsa,5,25.599999999999998,256
2019,Stormy.Pass,SP,Viola.praemorsa,6,6.5,65
2019,Stormy.Pass,SP,Viola.praemorsa,7,1.5999999999999999,16
2020,Avery.Wash,AW,Achillea.millefolium,14,0.30000000000000004,3
2020,Avery.Wash,AW,Achillea.millefolium,15,0.2,2
2020,Avery.Wash,AW,Achillea.millefolium,16,0.1,1
2020,Avery.Wash,AW,Agoseris.aurantiaca,13,0.2,2
2020,Avery.Wash,AW,Agoseris.glauca,10,0.1,1
2020,Avery.Wash,AW,Agoseris.glauca,12,0.30000000000000004,3
2020,Avery.Wash,AW,Agoseris.glauca,13,0.2,2
2020,Avery.Wash,AW,Agoseris.glauca,16,0.1,1
2020,Avery.Wash,AW,Aquilegia.coerulea,6,0.30000000000000004,3
2020,Avery.Wash,AW,Aquilegia.coerulea,7,0.1,1
2020,Avery.Wash,AW,Aquilegia.coerulea,8,0.2,2
2020,Avery.Wash,AW,Aquilegia.coerulea,12,0.1,1
2020,Avery.Wash,AW,Aster.foliaceus,14,0.1,1
2020,Avery.Wash,AW,Castilleja.linariifolia,8,6.5,65
2020,Avery.Wash,AW,Claytonia.lanceolata,1,72.3,723
2020,Avery.Wash,AW,Claytonia.lanceolata,2,157.4,1574
2020,Avery.Wash,AW,Claytonia.lanceolata,3,54.6,546
2020,Avery.Wash,AW,Collomia.linearis,8,67.6,676
2020,Avery.Wash,AW,Collomia.linearis,9,107.8,1078
2020,Avery.Wash,AW,Collomia.linearis,10,27.9,279
2020,Avery.Wash,AW,Collomia.linearis,11,1.7,17
2020,Avery.Wash,AW,Collomia.linearis,12,4.1,41
2020,Avery.Wash,AW,Delphinium.barbeyi,9,2.1,21
2020,Avery.Wash,AW,Delphinium.barbeyi,10,8.6,86
2020,Avery.Wash,AW,Delphinium.barbeyi,11,2.8,28
2020,Avery.Wash,AW,Delphinium.barbeyi,12,0.2,2
2020,Avery.Wash,AW,Delphinium.nuttallianum,3,0.6,6
2020,Avery.Wash,AW,Delphinium.nuttallianum,4,45.099999999999994,451
2020,Avery.Wash,AW,Delphinium.nuttallianum,5,35.7,357
2020,Avery.Wash,AW,Delphinium.nuttallianum,6,11.3,113
2020,Avery.Wash,AW,Delphinium.nuttallianum,7,1.2,12
2020,Avery.Wash,AW,Draba.aurea,4,0.2,2
2020,Avery.Wash,AW,Draba.aurea,5,0.4,4
2020,Avery.Wash,AW,Draba.aurea,6,0.7,7
2020,Avery.Wash,AW,Draba.aurea,7,0.6,6
2020,Avery.Wash,AW,Dugaldia.hoopesii,9,0.3,3
2020,Avery.Wash,AW,Dugaldia.hoopesii,10,0.4,4
2020,Avery.Wash,AW,Dugaldia.hoopesii,11,0.5,5
2020,Avery.Wash,AW,Erigeron.elatior,8,0.2,2
2020,Avery.Wash,AW,Erigeron.elatior,9,3,30
2020,Avery.Wash,AW,Erigeron.elatior,10,8.2,82
2020,Avery.Wash,AW,Erigeron.elatior,11,13,130
2020,Avery.Wash,AW,Erigeron.elatior,12,14,140
2020,Avery.Wash,AW,Erigeron.elatior,13,11.6,116
2020,Avery.Wash,AW,Erigeron.elatior,14,1.4000000000000001,14
2020,Avery.Wash,AW,Erigeron.elatior,15,0.1,1
2020,Avery.Wash,AW,Erigeron.speciosus,9,0.1,1
2020,Avery.Wash,AW,Erigeron.speciosus,10,2.4,24
2020,Avery.Wash,AW,Erigeron.speciosus,11,7.300000000000001,73
2020,Avery.Wash,AW,Erigeron.speciosus,12,10.5,105
2020,Avery.Wash,AW,Erigeron.speciosus,13,8.8,88
2020,Avery.Wash,AW,Erigeron.speciosus,14,0.6,6
2020,Avery.Wash,AW,Erythronium.grandiflorum,3,0.7,7
2020,Avery.Wash,AW,Fragaria.virginiana,2,0.3,3
2020,Avery.Wash,AW,Fragaria.virginiana,4,31.4,314
2020,Avery.Wash,AW,Fragaria.virginiana,5,4.3,43
2020,Avery.Wash,AW,Fragaria.virginiana,6,14.9,149
2020,Avery.Wash,AW,Fragaria.virginiana,7,0.30000000000000004,3
2020,Avery.Wash,AW,Fragaria.virginiana,8,0.4,4
2020,Avery.Wash,AW,Geranium.richardsonii,6,0.4,4
2020,Avery.Wash,AW,Geranium.richardsonii,7,0.4,4
2020,Avery.Wash,AW,Geranium.richardsonii,8,1.2000000000000002,12
2020,Avery.Wash,AW,Geranium.richardsonii,9,0.9,9
2020,Avery.Wash,AW,Geranium.richardsonii,10,1.3,13
2020,Avery.Wash,AW,Geranium.richardsonii,11,0.8,8
2020,Avery.Wash,AW,Geranium.richardsonii,12,0.30000000000000004,3
2020,Avery.Wash,AW,Heliomeris.multiflora,11,1.4,14
2020,Avery.Wash,AW,Heliomeris.multiflora,12,3.4000000000000004,34
2020,Avery.Wash,AW,Heliomeris.multiflora,13,8.1,81
2020,Avery.Wash,AW,Heliomeris.multiflora,14,7.7,77
2020,Avery.Wash,AW,Heliomeris.multiflora,15,7.5,75
2020,Avery.Wash,AW,Heliomeris.multiflora,16,2.4000000000000004,24
2020,Avery.Wash,AW,Heracleum.sphondylium,8,0.6,6
2020,Avery.Wash,AW,Heracleum.sphondylium,9,2.1,21
2020,Avery.Wash,AW,Heracleum.sphondylium,10,2.8,28
2020,Avery.Wash,AW,Heracleum.sphondylium,11,3.6,36
2020,Avery.Wash,AW,Heracleum.sphondylium,12,0.8,8
2020,Avery.Wash,AW,Heterotheca.villosa,9,0.3,3
2020,Avery.Wash,AW,Heterotheca.villosa,10,1.2,12
2020,Avery.Wash,AW,Heterotheca.villosa,11,2.6,26
2020,Avery.Wash,AW,Heterotheca.villosa,12,4,40
2020,Avery.Wash,AW,Heterotheca.villosa,13,6.5,65
2020,Avery.Wash,AW,Heterotheca.villosa,14,3.7,37
2020,Avery.Wash,AW,Heterotheca.villosa,15,1.5,15
2020,Avery.Wash,AW,Heterotheca.villosa,16,0.2,2
2020,Avery.Wash,AW,Hydrophyllum.fendleri,4,9.3,93
2020,Avery.Wash,AW,Hydrophyllum.fendleri,5,13.700000000000001,137
2020,Avery.Wash,AW,Hydrophyllum.fendleri,6,55.900000000000006,559
2020,Avery.Wash,AW,Hydrophyllum.fendleri,7,7.800000000000001,78
2020,Avery.Wash,AW,Hydrophyllum.fendleri,8,2.1999999999999997,22
2020,Avery.Wash,AW,Hydrophyllum.fendleri,9,1.4,14
2020,Avery.Wash,AW,Hydrophyllum.fendleri,10,0.8,8
2020,Avery.Wash,AW,Lathyrus.leucanthus,4,0.1,1
2020,Avery.Wash,AW,Lathyrus.leucanthus,6,8.1,81
2020,Avery.Wash,AW,Lathyrus.leucanthus,7,1.1,11
2020,Avery.Wash,AW,Lathyrus.leucanthus,8,0.1,1
2020,Avery.Wash,AW,Lathyrus.leucanthus,9,0.2,2
2020,Avery.Wash,AW,Lathyrus.leucanthus,10,0.7,7
2020,Avery.Wash,AW,Lathyrus.leucanthus,11,0.5,5
2020,Avery.Wash,AW,Lathyrus.leucanthus,12,0.3,3
2020,Avery.Wash,AW,Lathyrus.leucanthus,13,0.1,1
2020,Avery.Wash,AW,Ligularia.bigelovii,10,0.30000000000000004,3
2020,Avery.Wash,AW,Ligularia.bigelovii,11,1.5,15
2020,Avery.Wash,AW,Ligularia.bigelovii,12,0.7,7
2020,Avery.Wash,AW,Ligusticum.porteri,7,5.3,53
2020,Avery.Wash,AW,Ligusticum.porteri,8,8.1,81
2020,Avery.Wash,AW,Ligusticum.porteri,9,7.4,74
2020,Avery.Wash,AW,Ligusticum.porteri,10,2.8000000000000003,28
2020,Avery.Wash,AW,Mertensia.fusiformis,1,0.1,1
2020,Avery.Wash,AW,Mertensia.fusiformis,2,10.8,108
2020,Avery.Wash,AW,Mertensia.fusiformis,3,97.7,977
2020,Avery.Wash,AW,Mertensia.fusiformis,4,35.4,354
2020,Avery.Wash,AW,Mertensia.fusiformis,5,1.8,18
2020,Avery.Wash,AW,Mertensia.fusiformis,6,0.5,5
2020,Avery.Wash,AW,Potentilla.pulcherrima,5,0.6,6
2020,Avery.Wash,AW,Potentilla.pulcherrima,6,6.9,69
2020,Avery.Wash,AW,Potentilla.pulcherrima,7,13.6,136
2020,Avery.Wash,AW,Potentilla.pulcherrima,8,73.9,739
2020,Avery.Wash,AW,Potentilla.pulcherrima,9,154.8,1548
2020,Avery.Wash,AW,Potentilla.pulcherrima,10,108.95,1089.5
2020,Avery.Wash,AW,Potentilla.pulcherrima,11,70.8,708
2020,Avery.Wash,AW,Potentilla.pulcherrima,12,42,420
2020,Avery.Wash,AW,Potentilla.pulcherrima,13,7.6,76
2020,Avery.Wash,AW,Potentilla.pulcherrima,14,0.4,4
2020,Avery.Wash,AW,Pseudocymopterus.montanus,3,0.2,2
2020,Avery.Wash,AW,Pseudocymopterus.montanus,4,1.3,13
2020,Avery.Wash,AW,Pseudocymopterus.montanus,5,0.2,2
2020,Avery.Wash,AW,Pseudocymopterus.montanus,6,0.8,8
2020,Avery.Wash,AW,Pseudocymopterus.montanus,7,0.3,3
2020,Avery.Wash,AW,Pseudocymopterus.montanus,8,0.6,6
2020,Avery.Wash,AW,Pseudocymopterus.montanus,9,0.1,1
2020,Avery.Wash,AW,Ranunculus.inamoenus,2,0.8,8
2020,Avery.Wash,AW,Ranunculus.inamoenus,3,1,10
2020,Avery.Wash,AW,Ranunculus.inamoenus,4,2.7,27
2020,Avery.Wash,AW,Ranunculus.inamoenus,5,0.30000000000000004,3
2020,Avery.Wash,AW,Ranunculus.inamoenus,6,1.2,12
2020,Avery.Wash,AW,Ranunculus.inamoenus,7,0.2,2
2020,Avery.Wash,AW,Ranunculus.inamoenus,9,0.2,2
2020,Avery.Wash,AW,Senecio.crassulus,6,0.1,1
2020,Avery.Wash,AW,Senecio.crassulus,7,1.4,14
2020,Avery.Wash,AW,Senecio.crassulus,8,5.6,56
2020,Avery.Wash,AW,Senecio.crassulus,9,4.8999999999999995,49
2020,Avery.Wash,AW,Senecio.crassulus,10,1.5,15
2020,Avery.Wash,AW,Senecio.serra,11,2.5,25
2020,Avery.Wash,AW,Senecio.serra,12,5.3999999999999995,54
2020,Avery.Wash,AW,Senecio.serra,13,7.3999999999999995,74
2020,Avery.Wash,AW,Senecio.serra,14,2.4,24
2020,Avery.Wash,AW,Senecio.serra,15,0.2,2
2020,Avery.Wash,AW,Solidago.multiradiata,8,2.7,27
2020,Avery.Wash,AW,Solidago.multiradiata,9,4.5,45
2020,Avery.Wash,AW,Solidago.multiradiata,10,5.800000000000001,58
2020,Avery.Wash,AW,Solidago.multiradiata,11,2.2,22
2020,Avery.Wash,AW,Taraxacum.officinale,3,0.2,2
2020,Avery.Wash,AW,Taraxacum.officinale,4,6.2,62
2020,Avery.Wash,AW,Taraxacum.officinale,5,4.8,48
2020,Avery.Wash,AW,Taraxacum.officinale,6,1.2,12
2020,Avery.Wash,AW,Taraxacum.officinale,7,0.4,4
2020,Avery.Wash,AW,Taraxacum.officinale,8,0.30000000000000004,3
2020,Avery.Wash,AW,Taraxacum.officinale,9,0.1,1
2020,Avery.Wash,AW,Taraxacum.officinale,10,0.2,2
2020,Avery.Wash,AW,Valeriana.occidentalis,8,0.3,3
2020,Avery.Wash,AW,Vicia.americana,7,0.3,3
2020,Avery.Wash,AW,Vicia.americana,8,2.8000000000000003,28
2020,Avery.Wash,AW,Vicia.americana,9,2.2,22
2020,Avery.Wash,AW,Vicia.americana,10,4.6,46
2020,Avery.Wash,AW,Vicia.americana,11,0.8,8
2020,Avery.Wash,AW,Vicia.americana,12,1.5,15
2020,Avery.Wash,AW,Vicia.americana,13,0.6,6
2020,Avery.Wash,AW,Viola.praemorsa,3,42.7,427
2020,Avery.Wash,AW,Viola.praemorsa,4,12.7,127
2020,Avery.Wash,AW,Viola.praemorsa,5,0.8,8
2020,Avery.Wash,AW,Viola.praemorsa,6,0.1,1
2020,Avery.Wash,AW,Viola.praemorsa,7,0.1,1
2020,Copper.Creek,CC,Achillea.millefolium,9,0.1,1
2020,Copper.Creek,CC,Achillea.millefolium,11,0.1,1
2020,Copper.Creek,CC,Achillea.millefolium,12,0.2,2
2020,Copper.Creek,CC,Achillea.millefolium,13,0.1,1
2020,Copper.Creek,CC,Aconitum.columbianum,9,2.1,21
2020,Copper.Creek,CC,Aconitum.columbianum,10,2.8,28
2020,Copper.Creek,CC,Aconitum.columbianum,11,0.5,5
2020,Copper.Creek,CC,Adenolinum.lewisii,8,0.8,8
2020,Copper.Creek,CC,Adenolinum.lewisii,9,1.6,16
2020,Copper.Creek,CC,Adenolinum.lewisii,10,1.7000000000000002,17
2020,Copper.Creek,CC,Adenolinum.lewisii,11,0.1,1
2020,Copper.Creek,CC,Agoseris.aurantiaca,10,0.3,3
2020,Copper.Creek,CC,Agoseris.aurantiaca,13,0.2,2
2020,Copper.Creek,CC,Agoseris.aurantiaca,17,0.1,1
2020,Copper.Creek,CC,Aster.foliaceus,14,0.1,1
2020,Copper.Creek,CC,Calochortus.gunnisonii,10,0.5,5
2020,Copper.Creek,CC,Calochortus.gunnisonii,11,0.2,2
2020,Copper.Creek,CC,Campanula.rotundifolia,10,0.1,1
2020,Copper.Creek,CC,Campanula.rotundifolia,11,3.3,33
2020,Copper.Creek,CC,Campanula.rotundifolia,12,2,20
2020,Copper.Creek,CC,Campanula.rotundifolia,13,0.3,3
2020,Copper.Creek,CC,Campanula.rotundifolia,17,0.1,1
2020,Copper.Creek,CC,Cirsium.parryi,12,0.1,1
2020,Copper.Creek,CC,Claytonia.lanceolata,1,422.1,4221
2020,Copper.Creek,CC,Claytonia.lanceolata,2,213.6,2136
2020,Copper.Creek,CC,Claytonia.lanceolata,3,16.8,168
2020,Copper.Creek,CC,Claytonia.lanceolata,4,0.2,2
2020,Copper.Creek,CC,Collomia.linearis,7,4.7,47
2020,Copper.Creek,CC,Collomia.linearis,8,23.6,236
2020,Copper.Creek,CC,Collomia.linearis,9,51.3,513
2020,Copper.Creek,CC,Collomia.linearis,10,24.6,246
2020,Copper.Creek,CC,Collomia.linearis,11,0.7,7
2020,Copper.Creek,CC,Collomia.linearis,12,0.8,8
2020,Copper.Creek,CC,Collomia.linearis,14,0.6,6
2020,Copper.Creek,CC,Delphinium.barbeyi,7,11.200000000000001,112
2020,Copper.Creek,CC,Delphinium.barbeyi,8,6.699999999999999,67
2020,Copper.Creek,CC,Delphinium.barbeyi,9,22.8,228
2020,Copper.Creek,CC,Delphinium.barbeyi,10,14.25,142.5
2020,Copper.Creek,CC,Delphinium.barbeyi,11,5.2,52
2020,Copper.Creek,CC,Delphinium.nuttallianum,3,126.2,1262
2020,Copper.Creek,CC,Delphinium.nuttallianum,4,314.6,3146
2020,Copper.Creek,CC,Delphinium.nuttallianum,5,170.8,1708
2020,Copper.Creek,CC,Delphinium.nuttallianum,6,6.8999999999999995,69
2020,Copper.Creek,CC,Delphinium.nuttallianum,7,0.9,9
2020,Copper.Creek,CC,Dugaldia.hoopesii,7,0.2,2
2020,Copper.Creek,CC,Dugaldia.hoopesii,8,0.2,2
2020,Copper.Creek,CC,Dugaldia.hoopesii,9,1.2,12
2020,Copper.Creek,CC,Dugaldia.hoopesii,10,0.7,7
2020,Copper.Creek,CC,Dugaldia.hoopesii,11,0.1,1
2020,Copper.Creek,CC,Erigeron.elatior,10,0.1,1
2020,Copper.Creek,CC,Erigeron.elatior,11,0.3,3
2020,Copper.Creek,CC,Erigeron.elatior,12,0.3,3
2020,Copper.Creek,CC,Erigeron.elatior,13,0.1,1
2020,Copper.Creek,CC,Erigeron.elatior,14,0.1,1
2020,Copper.Creek,CC,Erigeron.speciosus,8,1.1,11
2020,Copper.Creek,CC,Erigeron.speciosus,9,20.3,203
2020,Copper.Creek,CC,Erigeron.speciosus,10,51.6,516
2020,Copper.Creek,CC,Erigeron.speciosus,11,68.4,684
2020,Copper.Creek,CC,Erigeron.speciosus,12,44.5,445
2020,Copper.Creek,CC,Erigeron.speciosus,13,8.4,84
2020,Copper.Creek,CC,Erigeron.speciosus,14,2.6,26
2020,Copper.Creek,CC,Erigeron.speciosus,15,0.2,2
2020,Copper.Creek,CC,Eriogonum.subalpinum,7,1,10
2020,Copper.Creek,CC,Eriogonum.subalpinum,10,0.6,6
2020,Copper.Creek,CC,Eriogonum.umbellatum,6,0.3,3
2020,Copper.Creek,CC,Eriogonum.umbellatum,7,0.2,2
2020,Copper.Creek,CC,Eriogonum.umbellatum,8,0.3,3
2020,Copper.Creek,CC,Erysimum.capitatum,6,0.3,3
2020,Copper.Creek,CC,Erysimum.capitatum,7,1.7,17
2020,Copper.Creek,CC,Erysimum.capitatum,8,1.4,14
2020,Copper.Creek,CC,Erythronium.grandiflorum,2,0.30000000000000004,3
2020,Copper.Creek,CC,Erythronium.grandiflorum,3,2.4,24
2020,Copper.Creek,CC,Fragaria.virginiana,5,0.2,2
2020,Copper.Creek,CC,Geranium.richardsonii,5,0.1,1
2020,Copper.Creek,CC,Geranium.richardsonii,6,0.2,2
2020,Copper.Creek,CC,Geranium.richardsonii,7,0.5,5
2020,Copper.Creek,CC,Geranium.richardsonii,8,1,10
2020,Copper.Creek,CC,Geranium.richardsonii,9,1.2,12
2020,Copper.Creek,CC,Geranium.richardsonii,10,1.3,13
2020,Copper.Creek,CC,Geranium.richardsonii,11,0.30000000000000004,3
2020,Copper.Creek,CC,Helianthella.quinquenervis,7,0.4,4
2020,Copper.Creek,CC,Helianthella.quinquenervis,8,0.6,6
2020,Copper.Creek,CC,Helianthella.quinquenervis,9,0.5,5
2020,Copper.Creek,CC,Helianthella.quinquenervis,10,0.8,8
2020,Copper.Creek,CC,Helianthella.quinquenervis,11,0.2,2
2020,Copper.Creek,CC,Helianthella.quinquenervis,12,0.1,1
2020,Copper.Creek,CC,Heliomeris.multiflora,9,0.6,6
2020,Copper.Creek,CC,Heliomeris.multiflora,10,6.3,63
2020,Copper.Creek,CC,Heliomeris.multiflora,11,18.799999999999997,188
2020,Copper.Creek,CC,Heliomeris.multiflora,12,26,260
2020,Copper.Creek,CC,Heliomeris.multiflora,13,28,280
2020,Copper.Creek,CC,Heliomeris.multiflora,14,34.6,346
2020,Copper.Creek,CC,Heliomeris.multiflora,15,26.6,266
2020,Copper.Creek,CC,Heliomeris.multiflora,16,13.6,136
2020,Copper.Creek,CC,Heliomeris.multiflora,17,6.4,64
2020,Copper.Creek,CC,Heliomeris.multiflora,18,1.8,18
2020,Copper.Creek,CC,Heracleum.sphondylium,7,0.1,1
2020,Copper.Creek,CC,Heracleum.sphondylium,8,1.4000000000000001,14
2020,Copper.Creek,CC,Heracleum.sphondylium,9,4.1,41
2020,Copper.Creek,CC,Heracleum.sphondylium,10,5.3,53
2020,Copper.Creek,CC,Heracleum.sphondylium,11,2.2,22
2020,Copper.Creek,CC,Heterotheca.villosa,9,0.7,7
2020,Copper.Creek,CC,Heterotheca.villosa,10,6.5,65
2020,Copper.Creek,CC,Heterotheca.villosa,11,6.6000000000000005,66
2020,Copper.Creek,CC,Heterotheca.villosa,12,7.199999999999999,72
2020,Copper.Creek,CC,Heterotheca.villosa,13,7.699999999999999,77
2020,Copper.Creek,CC,Heterotheca.villosa,14,6.4,64
2020,Copper.Creek,CC,Heterotheca.villosa,15,1.1,11
2020,Copper.Creek,CC,Heterotheca.villosa,16,1,10
2020,Copper.Creek,CC,Heterotheca.villosa,17,0.4,4
2020,Copper.Creek,CC,Hydrophyllum.capitatum,3,60,600
2020,Copper.Creek,CC,Hydrophyllum.capitatum,4,60,600
2020,Copper.Creek,CC,Hydrophyllum.capitatum,5,1.2,12
2020,Copper.Creek,CC,Hydrophyllum.fendleri,3,12.8,128
2020,Copper.Creek,CC,Hydrophyllum.fendleri,4,0.1,1
2020,Copper.Creek,CC,Hydrophyllum.fendleri,5,9,90
2020,Copper.Creek,CC,Hydrophyllum.fendleri,6,2.2,22
2020,Copper.Creek,CC,Hydrophyllum.fendleri,7,9.8,98
2020,Copper.Creek,CC,Hydrophyllum.fendleri,8,0.1,1
2020,Copper.Creek,CC,Lathyrus.leucanthus,4,0.3,3
2020,Copper.Creek,CC,Lathyrus.leucanthus,5,6.2,62
2020,Copper.Creek,CC,Lathyrus.leucanthus,6,4.5,45
2020,Copper.Creek,CC,Lathyrus.leucanthus,7,1,10
2020,Copper.Creek,CC,Lathyrus.leucanthus,8,0.5,5
2020,Copper.Creek,CC,Lathyrus.leucanthus,9,0.2,2
2020,Copper.Creek,CC,Ligularia.bigelovii,10,0.1,1
2020,Copper.Creek,CC,Ligularia.bigelovii,11,0.30000000000000004,3
2020,Copper.Creek,CC,Ligusticum.porteri,6,2.1,21
2020,Copper.Creek,CC,Ligusticum.porteri,7,8.1,81
2020,Copper.Creek,CC,Ligusticum.porteri,8,14.7,147
2020,Copper.Creek,CC,Ligusticum.porteri,9,2.9,29
2020,Copper.Creek,CC,Lomatium.dissectum,3,0.1,1
2020,Copper.Creek,CC,Lupinus.bakeri,5,27.6,276
2020,Copper.Creek,CC,Lupinus.bakeri,6,85.5,855
2020,Copper.Creek,CC,Lupinus.bakeri,7,107.1,1071
2020,Copper.Creek,CC,Lupinus.bakeri,8,32.6,326
2020,Copper.Creek,CC,Lupinus.bakeri,9,5.7,57
2020,Copper.Creek,CC,Lupinus.bakeri,10,0.7999999999999999,8
2020,Copper.Creek,CC,Mahonia.repens,3,35.7,357
2020,Copper.Creek,CC,Mahonia.repens,4,41.8,418
2020,Copper.Creek,CC,Mahonia.repens,5,14.5,145
2020,Copper.Creek,CC,Mertensia.fusiformis,1,13.7,137
2020,Copper.Creek,CC,Mertensia.fusiformis,2,45.5,455
2020,Copper.Creek,CC,Mertensia.fusiformis,3,99.2,992
2020,Copper.Creek,CC,Mertensia.fusiformis,4,11.9,119
2020,Copper.Creek,CC,Mertensia.fusiformis,5,0.8,8
2020,Copper.Creek,CC,Phacelia.heterophylla,10,0.3,3
2020,Copper.Creek,CC,Potentilla.pulcherrima,7,0.1,1
2020,Copper.Creek,CC,Potentilla.pulcherrima,8,1.7000000000000002,17
2020,Copper.Creek,CC,Potentilla.pulcherrima,9,5.8,58
2020,Copper.Creek,CC,Potentilla.pulcherrima,10,6.9,69
2020,Copper.Creek,CC,Potentilla.pulcherrima,11,6.4,64
2020,Copper.Creek,CC,Potentilla.pulcherrima,12,1.1,11
2020,Copper.Creek,CC,Potentilla.pulcherrima,13,0.2,2
2020,Copper.Creek,CC,Ranunculus.inamoenus,5,0.1,1
2020,Copper.Creek,CC,Ranunculus.inamoenus,6,0.1,1
2020,Copper.Creek,CC,Salix.wolfii,3,20,200
2020,Copper.Creek,CC,Salix.wolfii,4,10.1,101
2020,Copper.Creek,CC,Senecio.serra,10,0.5,5
2020,Copper.Creek,CC,Senecio.serra,11,1.6,16
2020,Copper.Creek,CC,Senecio.serra,12,2.4,24
2020,Copper.Creek,CC,Senecio.serra,13,0.7,7
2020,Copper.Creek,CC,Senecio.serra,14,0.1,1
2020,Copper.Creek,CC,Taraxacum.officinale,4,0.5,5
2020,Copper.Creek,CC,Valeriana.occidentalis,3,0.6,6
2020,Copper.Creek,CC,Valeriana.occidentalis,4,19.6,196
2020,Copper.Creek,CC,Valeriana.occidentalis,5,25.8,258
2020,Copper.Creek,CC,Valeriana.occidentalis,6,7.1,71
2020,Copper.Creek,CC,Valeriana.occidentalis,7,5.1,51
2020,Copper.Creek,CC,Valeriana.occidentalis,8,0.7,7
2020,Copper.Creek,CC,Vicia.americana,6,0.2,2
2020,Copper.Creek,CC,Vicia.americana,7,0.8,8
2020,Copper.Creek,CC,Vicia.americana,8,0.5,5
2020,Copper.Creek,CC,Vicia.americana,9,0.4,4
2020,Copper.Creek,CC,Vicia.americana,10,0.3,3
2020,Copper.Creek,CC,Viola.praemorsa,3,1,10
2020,Copper.Creek,CC,Viola.praemorsa,4,2.3,23
2020,Copper.Creek,CC,Viola.praemorsa,5,0.9,9
2020,Frogs.Pond,FP,Achillea.millefolium,6,0.4,4
2020,Frogs.Pond,FP,Achillea.millefolium,7,0.4,4
2020,Frogs.Pond,FP,Achillea.millefolium,8,0.6,6
2020,Frogs.Pond,FP,Achillea.millefolium,9,1.2,12
2020,Frogs.Pond,FP,Achillea.millefolium,10,1.5,15
2020,Frogs.Pond,FP,Achillea.millefolium,11,2.1,21
2020,Frogs.Pond,FP,Achillea.millefolium,12,2.5,25
2020,Frogs.Pond,FP,Achillea.millefolium,13,2.8000000000000003,28
2020,Frogs.Pond,FP,Achillea.millefolium,14,1.8,18
2020,Frogs.Pond,FP,Achillea.millefolium,15,0.2,2
2020,Frogs.Pond,FP,Achillea.millefolium,17,0.1,1
2020,Frogs.Pond,FP,Adenolinum.lewisii,5,0.2,2
2020,Frogs.Pond,FP,Adenolinum.lewisii,6,4,40
2020,Frogs.Pond,FP,Adenolinum.lewisii,7,29.8,298
2020,Frogs.Pond,FP,Adenolinum.lewisii,8,15.899999999999999,159
2020,Frogs.Pond,FP,Adenolinum.lewisii,9,13.8,138
2020,Frogs.Pond,FP,Adenolinum.lewisii,10,1.5,15
2020,Frogs.Pond,FP,Agoseris.aurantiaca,8,0.2,2
2020,Frogs.Pond,FP,Agoseris.aurantiaca,9,0.1,1
2020,Frogs.Pond,FP,Agoseris.aurantiaca,11,0.2,2
2020,Frogs.Pond,FP,Agoseris.glauca,10,0.3,3
2020,Frogs.Pond,FP,Agoseris.glauca,11,0.2,2
2020,Frogs.Pond,FP,Agoseris.glauca,12,0.1,1
2020,Frogs.Pond,FP,Agoseris.glauca,13,0.1,1
2020,Frogs.Pond,FP,Aster.foliaceus,10,0.2,2
2020,Frogs.Pond,FP,Aster.foliaceus,11,0.3,3
2020,Frogs.Pond,FP,Aster.foliaceus,12,0.6,6
2020,Frogs.Pond,FP,Aster.foliaceus,13,0.6,6
2020,Frogs.Pond,FP,Aster.foliaceus,14,1.2,12
2020,Frogs.Pond,FP,Aster.foliaceus,15,0.4,4
2020,Frogs.Pond,FP,Aster.foliaceus,16,0.1,1
2020,Frogs.Pond,FP,Calochortus.gunnisonii,9,1.4,14
2020,Frogs.Pond,FP,Calochortus.gunnisonii,10,1.7000000000000002,17
2020,Frogs.Pond,FP,Calochortus.gunnisonii,11,0.4,4
2020,Frogs.Pond,FP,Campanula.rotundifolia,9,0.1,1
2020,Frogs.Pond,FP,Campanula.rotundifolia,10,0.9,9
2020,Frogs.Pond,FP,Campanula.rotundifolia,11,0.3,3
2020,Frogs.Pond,FP,Castilleja.linariifolia,6,0.2,2
2020,Frogs.Pond,FP,Castilleja.linariifolia,7,1.4,14
2020,Frogs.Pond,FP,Castilleja.linariifolia,8,1,10
2020,Frogs.Pond,FP,Castilleja.linariifolia,9,1.6,16
2020,Frogs.Pond,FP,Castilleja.linariifolia,10,2.2,22
2020,Frogs.Pond,FP,Castilleja.linariifolia,15,0.30000000000000004,3
2020,Frogs.Pond,FP,Cirsium.parryi,15,0.5,5
2020,Frogs.Pond,FP,Cirsium.parryi,16,0.2,2
2020,Frogs.Pond,FP,Cirsium.parryi,17,0.1,1
2020,Frogs.Pond,FP,Collomia.linearis,8,32.5,325
2020,Frogs.Pond,FP,Collomia.linearis,9,93.9,939
2020,Frogs.Pond,FP,Collomia.linearis,10,2,20
2020,Frogs.Pond,FP,Delphinium.barbeyi,7,0.6,6
2020,Frogs.Pond,FP,Delphinium.barbeyi,8,2.1,21
2020,Frogs.Pond,FP,Delphinium.barbeyi,9,17.900000000000002,179
2020,Frogs.Pond,FP,Delphinium.barbeyi,10,20,200
2020,Frogs.Pond,FP,Delphinium.barbeyi,11,16.900000000000002,169
2020,Frogs.Pond,FP,Delphinium.barbeyi,12,1.7,17
2020,Frogs.Pond,FP,Delphinium.nuttallianum,3,0.4,4
2020,Frogs.Pond,FP,Delphinium.nuttallianum,4,5.9,59
2020,Frogs.Pond,FP,Delphinium.nuttallianum,5,3.6,36
2020,Frogs.Pond,FP,Delphinium.nuttallianum,6,0.5,5
2020,Frogs.Pond,FP,Draba.aurea,5,0.4,4
2020,Frogs.Pond,FP,Draba.aurea,6,1.5,15
2020,Frogs.Pond,FP,Draba.aurea,7,1.8,18
2020,Frogs.Pond,FP,Draba.aurea,8,1.1,11
2020,Frogs.Pond,FP,Eremogone.congesta,8,0.2,2
2020,Frogs.Pond,FP,Eremogone.congesta,9,2.7,27
2020,Frogs.Pond,FP,Ericameria.parryi,13,2.8,28
2020,Frogs.Pond,FP,Ericameria.parryi,14,9.5,95
2020,Frogs.Pond,FP,Ericameria.parryi,15,5.4,54
2020,Frogs.Pond,FP,Ericameria.parryi,16,4.5,45
2020,Frogs.Pond,FP,Ericameria.parryi,17,3.6,36
2020,Frogs.Pond,FP,Ericameria.parryi,18,4,40
2020,Frogs.Pond,FP,Ericameria.parryi,19,2.7,27
2020,Frogs.Pond,FP,Erigeron.elatior,9,0.6,6
2020,Frogs.Pond,FP,Erigeron.elatior,10,0.5,5
2020,Frogs.Pond,FP,Erigeron.elatior,11,0.8,8
2020,Frogs.Pond,FP,Erigeron.elatior,12,0.5,5
2020,Frogs.Pond,FP,Erigeron.speciosus,7,0.9,9
2020,Frogs.Pond,FP,Erigeron.speciosus,8,14.5,145
2020,Frogs.Pond,FP,Erigeron.speciosus,9,57.9,579
2020,Frogs.Pond,FP,Erigeron.speciosus,10,140.2,1402
2020,Frogs.Pond,FP,Erigeron.speciosus,11,136,1360
2020,Frogs.Pond,FP,Erigeron.speciosus,12,51.3,513
2020,Frogs.Pond,FP,Erigeron.speciosus,13,13.299999999999999,133
2020,Frogs.Pond,FP,Erigeron.speciosus,14,1.8,18
2020,Frogs.Pond,FP,Erigeron.speciosus,15,0.30000000000000004,3
2020,Frogs.Pond,FP,Eriogonum.subalpinum,6,0.6,6
2020,Frogs.Pond,FP,Eriogonum.subalpinum,7,0.5,5
2020,Frogs.Pond,FP,Eriogonum.subalpinum,8,0.4,4
2020,Frogs.Pond,FP,Eriogonum.subalpinum,9,0.3,3
2020,Frogs.Pond,FP,Eriogonum.subalpinum,10,0.1,1
2020,Frogs.Pond,FP,Eriogonum.umbellatum,6,0.3,3
2020,Frogs.Pond,FP,Eriogonum.umbellatum,7,0.6,6
2020,Frogs.Pond,FP,Eriogonum.umbellatum,8,0.4,4
2020,Frogs.Pond,FP,Eriogonum.umbellatum,10,2.7,27
2020,Frogs.Pond,FP,Eriogonum.umbellatum,11,2.6999999999999997,27
2020,Frogs.Pond,FP,Erysimum.capitatum,6,0.3,3
2020,Frogs.Pond,FP,Erysimum.capitatum,7,2.8,28
2020,Frogs.Pond,FP,Erythrocoma.triflora,4,0.2,2
2020,Frogs.Pond,FP,Erythrocoma.triflora,8,0.6,6
2020,Frogs.Pond,FP,Eucephalus.engelmannii,10,0.1,1
2020,Frogs.Pond,FP,Fragaria.virginiana,4,1,10
2020,Frogs.Pond,FP,Geranium.richardsonii,7,0.1,1
2020,Frogs.Pond,FP,Geranium.richardsonii,8,0.1,1
2020,Frogs.Pond,FP,Geranium.richardsonii,9,0.2,2
2020,Frogs.Pond,FP,Geranium.richardsonii,10,0.4,4
2020,Frogs.Pond,FP,Geranium.richardsonii,11,0.1,1
2020,Frogs.Pond,FP,Helianthella.quinquenervis,8,0.2,2
2020,Frogs.Pond,FP,Helianthella.quinquenervis,10,0.1,1
2020,Frogs.Pond,FP,Heliomeris.multiflora,10,0.9,9
2020,Frogs.Pond,FP,Heliomeris.multiflora,11,9.7,97
2020,Frogs.Pond,FP,Heliomeris.multiflora,12,19,190
2020,Frogs.Pond,FP,Heliomeris.multiflora,13,39.6,396
2020,Frogs.Pond,FP,Heliomeris.multiflora,14,67.3,673
2020,Frogs.Pond,FP,Heliomeris.multiflora,15,89.7,897
2020,Frogs.Pond,FP,Heliomeris.multiflora,16,49.2,492
2020,Frogs.Pond,FP,Heliomeris.multiflora,17,17.9,179
2020,Frogs.Pond,FP,Heliomeris.multiflora,18,2,20
2020,Frogs.Pond,FP,Heliomeris.multiflora,19,0.30000000000000004,3
2020,Frogs.Pond,FP,Heracleum.sphondylium,8,1.1,11
2020,Frogs.Pond,FP,Heracleum.sphondylium,9,2.4,24
2020,Frogs.Pond,FP,Heracleum.sphondylium,10,3.8,38
2020,Frogs.Pond,FP,Heracleum.sphondylium,11,0.7000000000000001,7
2020,Frogs.Pond,FP,Heracleum.sphondylium,12,0.2,2
2020,Frogs.Pond,FP,Heracleum.sphondylium,13,0.1,1
2020,Frogs.Pond,FP,Heterotheca.villosa,9,2.3,23
2020,Frogs.Pond,FP,Heterotheca.villosa,10,8.6,86
2020,Frogs.Pond,FP,Heterotheca.villosa,11,18,180
2020,Frogs.Pond,FP,Heterotheca.villosa,12,12.3,123
2020,Frogs.Pond,FP,Heterotheca.villosa,13,6.5,65
2020,Frogs.Pond,FP,Heterotheca.villosa,14,2.6,26
2020,Frogs.Pond,FP,Heterotheca.villosa,15,0.1,1
2020,Frogs.Pond,FP,Hydrophyllum.fendleri,4,8.9,89
2020,Frogs.Pond,FP,Hydrophyllum.fendleri,5,2.9,29
2020,Frogs.Pond,FP,Hydrophyllum.fendleri,6,1.7,17
2020,Frogs.Pond,FP,Hydrophyllum.fendleri,7,2.2,22
2020,Frogs.Pond,FP,Hydrophyllum.fendleri,10,1.8,18
2020,Frogs.Pond,FP,Hydrophyllum.fendleri,11,0.3,3
2020,Frogs.Pond,FP,Ipomopsis.aggregata,6,2.5,25
2020,Frogs.Pond,FP,Ipomopsis.aggregata,7,2.7,27
2020,Frogs.Pond,FP,Ipomopsis.aggregata,8,7.7,77
2020,Frogs.Pond,FP,Ipomopsis.aggregata,9,6.9,69
2020,Frogs.Pond,FP,Ipomopsis.aggregata,10,6.2,62
2020,Frogs.Pond,FP,Ipomopsis.aggregata,11,3.9000000000000004,39
2020,Frogs.Pond,FP,Ipomopsis.aggregata,12,2.5999999999999996,26
2020,Frogs.Pond,FP,Ipomopsis.aggregata,16,0.5,5
2020,Frogs.Pond,FP,Lathyrus.leucanthus,3,0.1,1
2020,Frogs.Pond,FP,Lathyrus.leucanthus,4,11.8,118
2020,Frogs.Pond,FP,Lathyrus.leucanthus,5,6,60
2020,Frogs.Pond,FP,Lathyrus.leucanthus,6,13,130
2020,Frogs.Pond,FP,Lathyrus.leucanthus,7,11.4,114
2020,Frogs.Pond,FP,Lathyrus.leucanthus,8,4.8,48
2020,Frogs.Pond,FP,Lathyrus.leucanthus,10,0.2,2
2020,Frogs.Pond,FP,Lathyrus.leucanthus,15,0.2,2
2020,Frogs.Pond,FP,Ligularia.bigelovii,11,0.2,2
2020,Frogs.Pond,FP,Ligularia.bigelovii,12,0.8,8
2020,Frogs.Pond,FP,Ligusticum.porteri,7,0.2,2
2020,Frogs.Pond,FP,Ligusticum.porteri,8,1.5,15
2020,Frogs.Pond,FP,Ligusticum.porteri,9,0.8,8
2020,Frogs.Pond,FP,Lupinus.bakeri,3,0.4,4
2020,Frogs.Pond,FP,Lupinus.bakeri,4,45.5,455
2020,Frogs.Pond,FP,Lupinus.bakeri,5,68,680
2020,Frogs.Pond,FP,Lupinus.bakeri,6,70.6,706
2020,Frogs.Pond,FP,Lupinus.bakeri,7,70.4,704
2020,Frogs.Pond,FP,Lupinus.bakeri,8,43.6,436
2020,Frogs.Pond,FP,Lupinus.bakeri,9,20.2,202
2020,Frogs.Pond,FP,Lupinus.bakeri,10,12.3,123
2020,Frogs.Pond,FP,Lupinus.bakeri,11,3.6,36
2020,Frogs.Pond,FP,Mahonia.repens,3,7.1,71
2020,Frogs.Pond,FP,Mahonia.repens,4,4.3,43
2020,Frogs.Pond,FP,Mertensia.fusiformis,1,106.8,1068
2020,Frogs.Pond,FP,Mertensia.fusiformis,2,172.5,1725
2020,Frogs.Pond,FP,Mertensia.fusiformis,3,202.7,2027
2020,Frogs.Pond,FP,Mertensia.fusiformis,4,21,210
2020,Frogs.Pond,FP,Pentaphylloides.floribunda,6,0.8,8
2020,Frogs.Pond,FP,Pentaphylloides.floribunda,7,1.7000000000000002,17
2020,Frogs.Pond,FP,Pentaphylloides.floribunda,8,0.8999999999999999,9
2020,Frogs.Pond,FP,Pentaphylloides.floribunda,9,2.4,24
2020,Frogs.Pond,FP,Pentaphylloides.floribunda,10,2,20
2020,Frogs.Pond,FP,Pentaphylloides.floribunda,11,2,20
2020,Frogs.Pond,FP,Pentaphylloides.floribunda,13,0.6,6
2020,Frogs.Pond,FP,Pentaphylloides.floribunda,14,0.1,1
2020,Frogs.Pond,FP,Pentaphylloides.floribunda,15,0.2,2
2020,Frogs.Pond,FP,Pentaphylloides.floribunda,19,0.2,2
2020,Frogs.Pond,FP,Potentilla.pulcherrima,6,0.9,9
2020,Frogs.Pond,FP,Potentilla.pulcherrima,7,5.1,51
2020,Frogs.Pond,FP,Potentilla.pulcherrima,8,24.8,248
2020,Frogs.Pond,FP,Potentilla.pulcherrima,9,43.2,432
2020,Frogs.Pond,FP,Potentilla.pulcherrima,10,34.6,346
2020,Frogs.Pond,FP,Potentilla.pulcherrima,11,13.4,134
2020,Frogs.Pond,FP,Potentilla.pulcherrima,12,3.1,31
2020,Frogs.Pond,FP,Potentilla.pulcherrima,13,0.30000000000000004,3
2020,Frogs.Pond,FP,Pseudocymopterus.montanus,5,0.4,4
2020,Frogs.Pond,FP,Pseudocymopterus.montanus,6,0.2,2
2020,Frogs.Pond,FP,Pseudocymopterus.montanus,7,1.1,11
2020,Frogs.Pond,FP,Pseudocymopterus.montanus,9,0.1,1
2020,Frogs.Pond,FP,Pyrrocoma.crocea,8,0.1,1
2020,Frogs.Pond,FP,Pyrrocoma.crocea,9,0.2,2
2020,Frogs.Pond,FP,Pyrrocoma.crocea,10,0.3,3
2020,Frogs.Pond,FP,Senecio.integerrimus,3,3.7,37
2020,Frogs.Pond,FP,Senecio.integerrimus,4,13.899999999999999,139
2020,Frogs.Pond,FP,Senecio.integerrimus,5,31.1,311
2020,Frogs.Pond,FP,Senecio.integerrimus,6,16.4,164
2020,Frogs.Pond,FP,Senecio.integerrimus,7,2.5,25
2020,Frogs.Pond,FP,Senecio.serra,11,3.8,38
2020,Frogs.Pond,FP,Senecio.serra,12,6.3999999999999995,64
2020,Frogs.Pond,FP,Senecio.serra,13,1.4,14
2020,Frogs.Pond,FP,Sidalcea.candida,10,0.4,4
2020,Frogs.Pond,FP,Solidago.multiradiata,9,0.9,9
2020,Frogs.Pond,FP,Solidago.multiradiata,10,13.1,131
2020,Frogs.Pond,FP,Solidago.multiradiata,11,5.9,59
2020,Frogs.Pond,FP,Solidago.multiradiata,13,0.3,3
2020,Frogs.Pond,FP,Solidago.multiradiata,14,0.4,4
2020,Frogs.Pond,FP,Symphyotrichum.spathulatum,12,0.3,3
2020,Frogs.Pond,FP,Taraxacum.officinale,3,1.1,11
2020,Frogs.Pond,FP,Taraxacum.officinale,4,0.6,6
2020,Frogs.Pond,FP,Taraxacum.officinale,5,1.6,16
2020,Frogs.Pond,FP,Taraxacum.officinale,6,0.4,4
2020,Frogs.Pond,FP,Taraxacum.officinale,7,0.1,1
2020,Frogs.Pond,FP,Valeriana.occidentalis,3,1.6,16
2020,Frogs.Pond,FP,Valeriana.occidentalis,4,2.1,21
2020,Frogs.Pond,FP,Valeriana.occidentalis,5,0.5,5
2020,Frogs.Pond,FP,Valeriana.occidentalis,6,0.30000000000000004,3
2020,Frogs.Pond,FP,Valeriana.occidentalis,8,1.2,12
2020,Frogs.Pond,FP,Vicia.americana,6,2.5999999999999996,26
2020,Frogs.Pond,FP,Vicia.americana,7,4.1000000000000005,41
2020,Frogs.Pond,FP,Vicia.americana,8,4.5,45
2020,Frogs.Pond,FP,Vicia.americana,9,4.5,45
2020,Frogs.Pond,FP,Vicia.americana,10,7.2,72
2020,Frogs.Pond,FP,Vicia.americana,11,5.6,56
2020,Frogs.Pond,FP,Vicia.americana,12,0.5,5
2020,Frogs.Pond,FP,Viola.adunca,4,0.8,8
2020,Frogs.Pond,FP,Viola.praemorsa,2,1.2,12
2020,Frogs.Pond,FP,Viola.praemorsa,3,5.1,51
2020,Gothic.Spires,GS,Aconitum.columbianum,7,1,10
2020,Gothic.Spires,GS,Aconitum.columbianum,8,3.6999999999999997,37
2020,Gothic.Spires,GS,Aconitum.columbianum,9,8.6,86
2020,Gothic.Spires,GS,Aconitum.columbianum,10,10.9,109
2020,Gothic.Spires,GS,Aconitum.columbianum,11,4.2,42
2020,Gothic.Spires,GS,Aconitum.columbianum,12,1.6,16
2020,Gothic.Spires,GS,Adenolinum.lewisii,6,0.2,2
2020,Gothic.Spires,GS,Adenolinum.lewisii,7,0.6,6
2020,Gothic.Spires,GS,Adenolinum.lewisii,8,3.1999999999999997,32
2020,Gothic.Spires,GS,Adenolinum.lewisii,9,1.9000000000000001,19
2020,Gothic.Spires,GS,Adenolinum.lewisii,11,0.2,2
2020,Gothic.Spires,GS,Anticlea.elegans,8,9.1,91
2020,Gothic.Spires,GS,Anticlea.elegans,9,37.6,376
2020,Gothic.Spires,GS,Anticlea.elegans,10,27.2,272
2020,Gothic.Spires,GS,Anticlea.elegans,11,6.7,67
2020,Gothic.Spires,GS,Aster.foliaceus,11,0.1,1
2020,Gothic.Spires,GS,Aster.foliaceus,12,4.5,45
2020,Gothic.Spires,GS,Aster.foliaceus,13,8.8,88
2020,Gothic.Spires,GS,Aster.foliaceus,14,3.3000000000000003,33
2020,Gothic.Spires,GS,Aster.foliaceus,15,2.5,25
2020,Gothic.Spires,GS,Aster.foliaceus,16,0.6000000000000001,6
2020,Gothic.Spires,GS,Aster.foliaceus,17,0.1,1
2020,Gothic.Spires,GS,Castilleja.sulphurea,9,0.7000000000000001,7
2020,Gothic.Spires,GS,Castilleja.sulphurea,10,1.6,16
2020,Gothic.Spires,GS,Castilleja.sulphurea,11,1.2,12
2020,Gothic.Spires,GS,Castilleja.sulphurea,12,1,10
2020,Gothic.Spires,GS,Castilleja.sulphurea,13,0.7,7
2020,Gothic.Spires,GS,Claytonia.lanceolata,1,87.3,873
2020,Gothic.Spires,GS,Claytonia.lanceolata,2,385.3,3853
2020,Gothic.Spires,GS,Claytonia.lanceolata,3,31.1,311
2020,Gothic.Spires,GS,Collomia.linearis,8,13.4,134
2020,Gothic.Spires,GS,Collomia.linearis,9,19.4,194
2020,Gothic.Spires,GS,Collomia.linearis,10,10.1,101
2020,Gothic.Spires,GS,Collomia.linearis,12,0.6,6
2020,Gothic.Spires,GS,Collomia.linearis,13,0.2,2
2020,Gothic.Spires,GS,Delphinium.barbeyi,8,3.5,35
2020,Gothic.Spires,GS,Delphinium.barbeyi,9,13.5,135
2020,Gothic.Spires,GS,Delphinium.barbeyi,10,17.6,176
2020,Gothic.Spires,GS,Delphinium.barbeyi,11,4.2,42
2020,Gothic.Spires,GS,Delphinium.barbeyi,12,1.3,13
2020,Gothic.Spires,GS,Delphinium.barbeyi,13,0.2,2
2020,Gothic.Spires,GS,Delphinium.nuttallianum,3,0.30000000000000004,3
2020,Gothic.Spires,GS,Delphinium.nuttallianum,4,152,1520
2020,Gothic.Spires,GS,Delphinium.nuttallianum,5,146,1460
2020,Gothic.Spires,GS,Delphinium.nuttallianum,6,38.9,389
2020,Gothic.Spires,GS,Delphinium.nuttallianum,7,1.5,15
2020,Gothic.Spires,GS,Distegia.involucrata,4,0.2,2
2020,Gothic.Spires,GS,Distegia.involucrata,5,0.8,8
2020,Gothic.Spires,GS,Distegia.involucrata,6,0.2,2
2020,Gothic.Spires,GS,Dodecatheon.pulchellum,5,1.7,17
2020,Gothic.Spires,GS,Dodecatheon.pulchellum,6,30.3,303
2020,Gothic.Spires,GS,Dodecatheon.pulchellum,7,17.3,173
2020,Gothic.Spires,GS,Dodecatheon.pulchellum,8,0.8,8
2020,Gothic.Spires,GS,Draba.aurea,4,0.8,8
2020,Gothic.Spires,GS,Draba.aurea,5,2.2,22
2020,Gothic.Spires,GS,Draba.aurea,6,3.7,37
2020,Gothic.Spires,GS,Draba.aurea,7,1.3,13
2020,Gothic.Spires,GS,Erigeron.elatior,9,0.30000000000000004,3
2020,Gothic.Spires,GS,Erigeron.elatior,10,1.1,11
2020,Gothic.Spires,GS,Erigeron.elatior,11,1.8,18
2020,Gothic.Spires,GS,Erigeron.elatior,12,2,20
2020,Gothic.Spires,GS,Erigeron.elatior,13,1.3,13
2020,Gothic.Spires,GS,Erigeron.elatior,14,0.2,2
2020,Gothic.Spires,GS,Erigeron.speciosus,8,1.1,11
2020,Gothic.Spires,GS,Erigeron.speciosus,9,6.6,66
2020,Gothic.Spires,GS,Erigeron.speciosus,10,16.7,167
2020,Gothic.Spires,GS,Erigeron.speciosus,11,19.8,198
2020,Gothic.Spires,GS,Erigeron.speciosus,12,16.7,167
2020,Gothic.Spires,GS,Erigeron.speciosus,13,4.9,49
2020,Gothic.Spires,GS,Erigeron.speciosus,14,0.2,2
2020,Gothic.Spires,GS,Erigeron.speciosus,15,0.1,1
2020,Gothic.Spires,GS,Erythronium.grandiflorum,1,0.5,5
2020,Gothic.Spires,GS,Erythronium.grandiflorum,2,26.400000000000002,264
2020,Gothic.Spires,GS,Erythronium.grandiflorum,3,34.2,342
2020,Gothic.Spires,GS,Erythronium.grandiflorum,4,0.1,1
2020,Gothic.Spires,GS,Fragaria.virginiana,4,8.5,85
2020,Gothic.Spires,GS,Fragaria.virginiana,5,4.9,49
2020,Gothic.Spires,GS,Fragaria.virginiana,6,25.900000000000002,259
2020,Gothic.Spires,GS,Fragaria.virginiana,7,1.2,12
2020,Gothic.Spires,GS,Fragaria.virginiana,8,1,10
2020,Gothic.Spires,GS,Geranium.richardsonii,6,0.2,2
2020,Gothic.Spires,GS,Geranium.richardsonii,7,0.4,4
2020,Gothic.Spires,GS,Geranium.richardsonii,8,1.4,14
2020,Gothic.Spires,GS,Geranium.richardsonii,9,1.1,11
2020,Gothic.Spires,GS,Geranium.richardsonii,10,1.3,13
2020,Gothic.Spires,GS,Geranium.richardsonii,12,0.1,1
2020,Gothic.Spires,GS,Helianthella.quinquenervis,7,0.1,1
2020,Gothic.Spires,GS,Helianthella.quinquenervis,8,0.9,9
2020,Gothic.Spires,GS,Helianthella.quinquenervis,9,0.9,9
2020,Gothic.Spires,GS,Helianthella.quinquenervis,10,0.6000000000000001,6
2020,Gothic.Spires,GS,Helianthella.quinquenervis,12,0.1,1
2020,Gothic.Spires,GS,Heliomeris.multiflora,10,0.8999999999999999,9
2020,Gothic.Spires,GS,Heliomeris.multiflora,11,3.4,34
2020,Gothic.Spires,GS,Heliomeris.multiflora,12,4.4,44
2020,Gothic.Spires,GS,Heliomeris.multiflora,13,7.3,73
2020,Gothic.Spires,GS,Heliomeris.multiflora,14,4.6000000000000005,46
2020,Gothic.Spires,GS,Heliomeris.multiflora,15,4.9,49
2020,Gothic.Spires,GS,Heliomeris.multiflora,16,1.0999999999999999,11
2020,Gothic.Spires,GS,Heliomeris.multiflora,17,0.1,1
2020,Gothic.Spires,GS,Heracleum.sphondylium,9,0.8,8
2020,Gothic.Spires,GS,Heracleum.sphondylium,10,1.1,11
2020,Gothic.Spires,GS,Hydrophyllum.capitatum,3,11.5,115
2020,Gothic.Spires,GS,Hydrophyllum.capitatum,4,28,280
2020,Gothic.Spires,GS,Hydrophyllum.fendleri,4,0.2,2
2020,Gothic.Spires,GS,Hydrophyllum.fendleri,5,0.6,6
2020,Gothic.Spires,GS,Hydrophyllum.fendleri,6,0.4,4
2020,Gothic.Spires,GS,Lathyrus.leucanthus,4,0.8,8
2020,Gothic.Spires,GS,Lathyrus.leucanthus,5,9.7,97
2020,Gothic.Spires,GS,Lathyrus.leucanthus,6,37.800000000000004,378
2020,Gothic.Spires,GS,Lathyrus.leucanthus,7,7.4,74
2020,Gothic.Spires,GS,Lathyrus.leucanthus,8,0.9,9
2020,Gothic.Spires,GS,Ligularia.bigelovii,11,0.8,8
2020,Gothic.Spires,GS,Ligularia.bigelovii,12,0.5,5
2020,Gothic.Spires,GS,Ligusticum.porteri,6,1.7,17
2020,Gothic.Spires,GS,Ligusticum.porteri,7,6.3,63
2020,Gothic.Spires,GS,Ligusticum.porteri,8,7.5,75
2020,Gothic.Spires,GS,Ligusticum.porteri,9,5.9,59
2020,Gothic.Spires,GS,Ligusticum.porteri,10,0.9,9
2020,Gothic.Spires,GS,Ligusticum.porteri,11,0.1,1
2020,Gothic.Spires,GS,Maianthemum.stellatum,6,0.2,2
2020,Gothic.Spires,GS,Mertensia.ciliata,4,2.4,24
2020,Gothic.Spires,GS,Mertensia.ciliata,5,14,140
2020,Gothic.Spires,GS,Mertensia.ciliata,6,32.3,323
2020,Gothic.Spires,GS,Mertensia.ciliata,7,13.8,138
2020,Gothic.Spires,GS,Mertensia.ciliata,8,16.3,163
2020,Gothic.Spires,GS,Mertensia.ciliata,9,4.5,45
2020,Gothic.Spires,GS,Mertensia.ciliata,10,0.2,2
2020,Gothic.Spires,GS,Mertensia.fusiformis,2,3.0999999999999996,31
2020,Gothic.Spires,GS,Mertensia.fusiformis,3,82,820
2020,Gothic.Spires,GS,Mertensia.fusiformis,4,18.2,182
2020,Gothic.Spires,GS,Mertensia.fusiformis,6,0.2,2
2020,Gothic.Spires,GS,Mertensia.fusiformis,7,0.2,2
2020,Gothic.Spires,GS,Pentaphylloides.floribunda,7,3.6,36
2020,Gothic.Spires,GS,Pentaphylloides.floribunda,8,5.9,59
2020,Gothic.Spires,GS,Pentaphylloides.floribunda,9,4.5,45
2020,Gothic.Spires,GS,Pentaphylloides.floribunda,10,4.2,42
2020,Gothic.Spires,GS,Pentaphylloides.floribunda,11,3.7,37
2020,Gothic.Spires,GS,Pentaphylloides.floribunda,12,2.1,21
2020,Gothic.Spires,GS,Pentaphylloides.floribunda,13,1.3,13
2020,Gothic.Spires,GS,Pentaphylloides.floribunda,14,0.2,2
2020,Gothic.Spires,GS,Pentaphylloides.floribunda,15,0.1,1
2020,Gothic.Spires,GS,Potentilla.pulcherrima,6,0.9,9
2020,Gothic.Spires,GS,Potentilla.pulcherrima,7,11.3,113
2020,Gothic.Spires,GS,Potentilla.pulcherrima,8,27.8,278
2020,Gothic.Spires,GS,Potentilla.pulcherrima,9,33.1,331
2020,Gothic.Spires,GS,Potentilla.pulcherrima,10,45.8,458
2020,Gothic.Spires,GS,Potentilla.pulcherrima,11,19.8,198
2020,Gothic.Spires,GS,Potentilla.pulcherrima,12,6.6000000000000005,66
2020,Gothic.Spires,GS,Potentilla.pulcherrima,13,1.2,12
2020,Gothic.Spires,GS,Pseudocymopterus.montanus,4,1.1,11
2020,Gothic.Spires,GS,Pseudocymopterus.montanus,5,2.3,23
2020,Gothic.Spires,GS,Pseudocymopterus.montanus,6,2.9,29
2020,Gothic.Spires,GS,Pseudocymopterus.montanus,7,1.3,13
2020,Gothic.Spires,GS,Pseudocymopterus.montanus,8,0.7,7
2020,Gothic.Spires,GS,Ranunculus.inamoenus,4,0.1,1
2020,Gothic.Spires,GS,Salix.sp,2,0.1,1
2020,Gothic.Spires,GS,Salix.sp,3,0.5,5
2020,Gothic.Spires,GS,Senecio.integerrimus,4,9.4,94
2020,Gothic.Spires,GS,Senecio.integerrimus,5,66,660
2020,Gothic.Spires,GS,Senecio.integerrimus,6,48.9,489
2020,Gothic.Spires,GS,Senecio.integerrimus,7,15.200000000000001,152
2020,Gothic.Spires,GS,Senecio.integerrimus,8,0.3,3
2020,Gothic.Spires,GS,Solidago.multiradiata,9,2.5,25
2020,Gothic.Spires,GS,Solidago.multiradiata,10,3.8,38
2020,Gothic.Spires,GS,Solidago.multiradiata,11,3.3,33
2020,Gothic.Spires,GS,Solidago.multiradiata,12,0.6,6
2020,Gothic.Spires,GS,Taraxacum.officinale,3,0.1,1
2020,Gothic.Spires,GS,Taraxacum.officinale,4,26,260
2020,Gothic.Spires,GS,Taraxacum.officinale,5,43.4,434
2020,Gothic.Spires,GS,Taraxacum.officinale,6,6.9,69
2020,Gothic.Spires,GS,Taraxacum.officinale,7,1,10
2020,Gothic.Spires,GS,Taraxacum.officinale,8,0.1,1
2020,Gothic.Spires,GS,Taraxacum.officinale,9,0.2,2
2020,Gothic.Spires,GS,Taraxacum.officinale,11,0.1,1
2020,Gothic.Spires,GS,Trifolium.pratense,11,0.2,2
2020,Gothic.Spires,GS,Trifolium.pratense,12,0.1,1
2020,Gothic.Spires,GS,Trifolium.pratense,14,0.1,1
2020,Gothic.Spires,GS,Trifolium.pratense,15,0.2,2
2020,Gothic.Spires,GS,Valeriana.occidentalis,3,0.6,6
2020,Gothic.Spires,GS,Valeriana.occidentalis,4,0.9,9
2020,Gothic.Spires,GS,Valeriana.occidentalis,5,0.6000000000000001,6
2020,Gothic.Spires,GS,Valeriana.occidentalis,6,0.6000000000000001,6
2020,Gothic.Spires,GS,Valeriana.occidentalis,7,0.1,1
2020,Gothic.Spires,GS,Vicia.americana,6,0.8,8
2020,Gothic.Spires,GS,Vicia.americana,7,1.2,12
2020,Gothic.Spires,GS,Vicia.americana,8,5.7,57
2020,Gothic.Spires,GS,Vicia.americana,9,8.2,82
2020,Gothic.Spires,GS,Vicia.americana,10,2.6,26
2020,Gothic.Spires,GS,Vicia.americana,11,0.2,2
2020,Gothic.Spires,GS,Viola.adunca,4,0.6000000000000001,6
2020,Gothic.Spires,GS,Viola.adunca,5,0.1,1
2020,Gothic.Spires,GS,Viola.praemorsa,3,30.6,306
2020,Gothic.Spires,GS,Viola.praemorsa,4,6.3,63
2020,Gothic.Spires,GS,Viola.praemorsa,6,0.1,1
2020,Rosy.Hills,RH,Achillea.millefolium,8,0.1,1
2020,Rosy.Hills,RH,Achillea.millefolium,9,0.2,2
2020,Rosy.Hills,RH,Achillea.millefolium,10,0.5,5
2020,Rosy.Hills,RH,Achillea.millefolium,11,1,10
2020,Rosy.Hills,RH,Achillea.millefolium,12,1,10
2020,Rosy.Hills,RH,Achillea.millefolium,13,0.4,4
2020,Rosy.Hills,RH,Achillea.millefolium,14,0.30000000000000004,3
2020,Rosy.Hills,RH,Aconitum.columbianum,8,2.3,23
2020,Rosy.Hills,RH,Aconitum.columbianum,9,5.3,53
2020,Rosy.Hills,RH,Aconitum.columbianum,10,2,20
2020,Rosy.Hills,RH,Aconitum.columbianum,11,0.4,4
2020,Rosy.Hills,RH,Aconitum.columbianum,12,0.4,4
2020,Rosy.Hills,RH,Adenolinum.lewisii,7,0.7,7
2020,Rosy.Hills,RH,Adenolinum.lewisii,8,1,10
2020,Rosy.Hills,RH,Adenolinum.lewisii,9,1.8,18
2020,Rosy.Hills,RH,Adenolinum.lewisii,10,0.6,6
2020,Rosy.Hills,RH,Agastache.urticifolia,11,12.3,123
2020,Rosy.Hills,RH,Agastache.urticifolia,12,12.9,129
2020,Rosy.Hills,RH,Agastache.urticifolia,13,0.3,3
2020,Rosy.Hills,RH,Calochortus.gunnisonii,10,0.4,4
2020,Rosy.Hills,RH,Chrysothamnus.viscidiflorus,12,0.3,3
2020,Rosy.Hills,RH,Chrysothamnus.viscidiflorus,13,4.1,41
2020,Rosy.Hills,RH,Chrysothamnus.viscidiflorus,14,6,60
2020,Rosy.Hills,RH,Chrysothamnus.viscidiflorus,15,2,20
2020,Rosy.Hills,RH,Claytonia.lanceolata,1,10.2,102
2020,Rosy.Hills,RH,Claytonia.lanceolata,2,89.3,893
2020,Rosy.Hills,RH,Claytonia.lanceolata,3,57.1,571
2020,Rosy.Hills,RH,Claytonia.lanceolata,4,0.1,1
2020,Rosy.Hills,RH,Collomia.linearis,8,55.7,557
2020,Rosy.Hills,RH,Collomia.linearis,9,26.2,262
2020,Rosy.Hills,RH,Collomia.linearis,10,3.4,34
2020,Rosy.Hills,RH,Delphinium.barbeyi,7,1.3,13
2020,Rosy.Hills,RH,Delphinium.barbeyi,8,1.3,13
2020,Rosy.Hills,RH,Delphinium.barbeyi,9,5.4,54
2020,Rosy.Hills,RH,Delphinium.barbeyi,10,4.9,49
2020,Rosy.Hills,RH,Delphinium.barbeyi,11,2.1,21
2020,Rosy.Hills,RH,Delphinium.barbeyi,12,0.4,4
2020,Rosy.Hills,RH,Delphinium.barbeyi,13,1.6,16
2020,Rosy.Hills,RH,Delphinium.nuttallianum,3,0.4,4
2020,Rosy.Hills,RH,Delphinium.nuttallianum,4,24.1,241
2020,Rosy.Hills,RH,Delphinium.nuttallianum,5,13.6,136
2020,Rosy.Hills,RH,Delphinium.nuttallianum,6,3.5,35
2020,Rosy.Hills,RH,Dugaldia.hoopesii,9,0.2,2
2020,Rosy.Hills,RH,Dugaldia.hoopesii,10,0.6,6
2020,Rosy.Hills,RH,Dugaldia.hoopesii,11,1.5,15
2020,Rosy.Hills,RH,Dugaldia.hoopesii,12,0.30000000000000004,3
2020,Rosy.Hills,RH,Eremogone.congesta,7,9.8,98
2020,Rosy.Hills,RH,Eremogone.congesta,8,2,20
2020,Rosy.Hills,RH,Eremogone.congesta,9,62.1,621
2020,Rosy.Hills,RH,Eremogone.congesta,10,11.5,115
2020,Rosy.Hills,RH,Eremogone.congesta,11,1.3,13
2020,Rosy.Hills,RH,Eremogone.congesta,12,0.2,2
2020,Rosy.Hills,RH,Ericameria.parryi,11,1.1,11
2020,Rosy.Hills,RH,Ericameria.parryi,12,2.6,26
2020,Rosy.Hills,RH,Ericameria.parryi,13,10.4,104
2020,Rosy.Hills,RH,Ericameria.parryi,14,17.3,173
2020,Rosy.Hills,RH,Ericameria.parryi,15,25.2,252
2020,Rosy.Hills,RH,Ericameria.parryi,16,7.5,75
2020,Rosy.Hills,RH,Ericameria.parryi,17,3.5,35
2020,Rosy.Hills,RH,Ericameria.parryi,18,0.4,4
2020,Rosy.Hills,RH,Erigeron.elatior,9,0.5,5
2020,Rosy.Hills,RH,Erigeron.elatior,10,2.7,27
2020,Rosy.Hills,RH,Erigeron.elatior,11,3.6,36
2020,Rosy.Hills,RH,Erigeron.elatior,12,1.6,16
2020,Rosy.Hills,RH,Erigeron.elatior,13,0.9,9
2020,Rosy.Hills,RH,Erigeron.elatior,14,0.4,4
2020,Rosy.Hills,RH,Erigeron.elatior,15,0.1,1
2020,Rosy.Hills,RH,Erigeron.elatior,16,0.1,1
2020,Rosy.Hills,RH,Erigeron.speciosus,8,0.9,9
2020,Rosy.Hills,RH,Erigeron.speciosus,9,6.8999999999999995,69
2020,Rosy.Hills,RH,Erigeron.speciosus,10,33.1,331
2020,Rosy.Hills,RH,Erigeron.speciosus,11,65.7,657
2020,Rosy.Hills,RH,Erigeron.speciosus,12,51.1,511
2020,Rosy.Hills,RH,Erigeron.speciosus,13,20.7,207
2020,Rosy.Hills,RH,Erigeron.speciosus,14,5.1,51
2020,Rosy.Hills,RH,Erigeron.speciosus,15,1.8,18
2020,Rosy.Hills,RH,Eriogonum.subalpinum,7,0.3,3
2020,Rosy.Hills,RH,Eriogonum.subalpinum,8,0.4,4
2020,Rosy.Hills,RH,Eriogonum.subalpinum,10,2.1,21
2020,Rosy.Hills,RH,Eriogonum.subalpinum,11,1.6,16
2020,Rosy.Hills,RH,Eriogonum.umbellatum,6,1.7,17
2020,Rosy.Hills,RH,Eriogonum.umbellatum,7,5.1,51
2020,Rosy.Hills,RH,Eriogonum.umbellatum,8,10.9,109
2020,Rosy.Hills,RH,Eriogonum.umbellatum,9,8.6,86
2020,Rosy.Hills,RH,Eriogonum.umbellatum,10,1.2000000000000002,12
2020,Rosy.Hills,RH,Eriogonum.umbellatum,11,7.1,71
2020,Rosy.Hills,RH,Eucephalus.engelmannii,9,0.1,1
2020,Rosy.Hills,RH,Eucephalus.engelmannii,10,0.8,8
2020,Rosy.Hills,RH,Eucephalus.engelmannii,11,0.9,9
2020,Rosy.Hills,RH,Geranium.richardsonii,7,0.1,1
2020,Rosy.Hills,RH,Geranium.richardsonii,9,0.1,1
2020,Rosy.Hills,RH,Helianthella.quinquenervis,9,1.7000000000000002,17
2020,Rosy.Hills,RH,Helianthella.quinquenervis,10,2.1,21
2020,Rosy.Hills,RH,Helianthella.quinquenervis,11,1.7000000000000002,17
2020,Rosy.Hills,RH,Helianthella.quinquenervis,12,1,10
2020,Rosy.Hills,RH,Helianthella.quinquenervis,13,0.1,1
2020,Rosy.Hills,RH,Heliomeris.multiflora,10,0.4,4
2020,Rosy.Hills,RH,Heliomeris.multiflora,11,0.1,1
2020,Rosy.Hills,RH,Heliomeris.multiflora,12,0.1,1
2020,Rosy.Hills,RH,Heliomeris.multiflora,13,0.1,1
2020,Rosy.Hills,RH,Heliomeris.multiflora,14,0.6000000000000001,6
2020,Rosy.Hills,RH,Heliomeris.multiflora,15,0.4,4
2020,Rosy.Hills,RH,Heliomeris.multiflora,16,0.5,5
2020,Rosy.Hills,RH,Heliomeris.multiflora,17,0.1,1
2020,Rosy.Hills,RH,Heracleum.sphondylium,8,0.3,3
2020,Rosy.Hills,RH,Heracleum.sphondylium,9,3.3,33
2020,Rosy.Hills,RH,Heracleum.sphondylium,10,1.2,12
2020,Rosy.Hills,RH,Heracleum.sphondylium,11,0.7,7
2020,Rosy.Hills,RH,Heracleum.sphondylium,12,0.2,2
2020,Rosy.Hills,RH,Hydrophyllum.fendleri,4,0.1,1
2020,Rosy.Hills,RH,Hydrophyllum.fendleri,5,2.4,24
2020,Rosy.Hills,RH,Hydrophyllum.fendleri,6,2.2,22
2020,Rosy.Hills,RH,Hydrophyllum.fendleri,7,6.1,61
2020,Rosy.Hills,RH,Hydrophyllum.fendleri,8,4.2,42
2020,Rosy.Hills,RH,Lathyrus.leucanthus,5,0.1,1
2020,Rosy.Hills,RH,Lathyrus.leucanthus,6,0.8,8
2020,Rosy.Hills,RH,Lathyrus.leucanthus,8,1.7,17
2020,Rosy.Hills,RH,Ligusticum.porteri,6,0.30000000000000004,3
2020,Rosy.Hills,RH,Ligusticum.porteri,7,2.9,29
2020,Rosy.Hills,RH,Ligusticum.porteri,8,9.5,95
2020,Rosy.Hills,RH,Ligusticum.porteri,9,14.7,147
2020,Rosy.Hills,RH,Ligusticum.porteri,10,2.1,21
2020,Rosy.Hills,RH,Ligusticum.porteri,11,0.2,2
2020,Rosy.Hills,RH,Lupinus.bakeri,5,5.7,57
2020,Rosy.Hills,RH,Lupinus.bakeri,6,34.3,343
2020,Rosy.Hills,RH,Lupinus.bakeri,7,55.699999999999996,557
2020,Rosy.Hills,RH,Lupinus.bakeri,8,25.6,256
2020,Rosy.Hills,RH,Lupinus.bakeri,9,2.5,25
2020,Rosy.Hills,RH,Mahonia.repens,4,0.7999999999999999,8
2020,Rosy.Hills,RH,Maianthemum.stellatum,4,0.3,3
2020,Rosy.Hills,RH,Maianthemum.stellatum,5,0.6,6
2020,Rosy.Hills,RH,Mertensia.fusiformis,2,27.7,277
2020,Rosy.Hills,RH,Mertensia.fusiformis,3,99.60000000000001,996
2020,Rosy.Hills,RH,Mertensia.fusiformis,4,22.5,225
2020,Rosy.Hills,RH,Mertensia.fusiformis,5,0.8,8
2020,Rosy.Hills,RH,Pentaphylloides.floribunda,6,0.1,1
2020,Rosy.Hills,RH,Pentaphylloides.floribunda,7,0.5,5
2020,Rosy.Hills,RH,Pentaphylloides.floribunda,8,1,10
2020,Rosy.Hills,RH,Pentaphylloides.floribunda,9,0.5,5
2020,Rosy.Hills,RH,Pentaphylloides.floribunda,10,3.1,31
2020,Rosy.Hills,RH,Pentaphylloides.floribunda,11,1.3,13
2020,Rosy.Hills,RH,Pentaphylloides.floribunda,12,0.5,5
2020,Rosy.Hills,RH,Potentilla.pulcherrima,7,0.2,2
2020,Rosy.Hills,RH,Potentilla.pulcherrima,8,2.5,25
2020,Rosy.Hills,RH,Potentilla.pulcherrima,9,3,30
2020,Rosy.Hills,RH,Potentilla.pulcherrima,10,3,30
2020,Rosy.Hills,RH,Potentilla.pulcherrima,11,0.8999999999999999,9
2020,Rosy.Hills,RH,Potentilla.pulcherrima,12,0.6000000000000001,6
2020,Rosy.Hills,RH,Pseudocymopterus.montanus,5,0.4,4
2020,Rosy.Hills,RH,Pseudocymopterus.montanus,6,0.4,4
2020,Rosy.Hills,RH,Pseudocymopterus.montanus,7,0.4,4
2020,Rosy.Hills,RH,Pseudocymopterus.montanus,8,0.3,3
2020,Rosy.Hills,RH,Pyrrocoma.crocea,9,0.2,2
2020,Rosy.Hills,RH,Pyrrocoma.crocea,11,0.1,1
2020,Rosy.Hills,RH,Senecio.integerrimus,4,2.8000000000000003,28
2020,Rosy.Hills,RH,Senecio.integerrimus,5,9.4,94
2020,Rosy.Hills,RH,Senecio.integerrimus,6,10.2,102
2020,Rosy.Hills,RH,Senecio.integerrimus,7,5.3,53
2020,Rosy.Hills,RH,Senecio.integerrimus,8,0.5,5
2020,Rosy.Hills,RH,Symphoricarpos.rotundifolius,7,2.5,25
2020,Rosy.Hills,RH,Symphoricarpos.rotundifolius,8,3,30
2020,Rosy.Hills,RH,Symphoricarpos.rotundifolius,9,0.3,3
2020,Rosy.Hills,RH,Valeriana.occidentalis,3,0.1,1
2020,Rosy.Hills,RH,Valeriana.occidentalis,4,3.6,36
2020,Rosy.Hills,RH,Valeriana.occidentalis,5,3.9,39
2020,Rosy.Hills,RH,Valeriana.occidentalis,6,3.7,37
2020,Rosy.Hills,RH,Valeriana.occidentalis,7,2.4,24
2020,Rosy.Hills,RH,Valeriana.occidentalis,8,7.3,73
2020,Rosy.Hills,RH,Vicia.americana,7,1.4,14
2020,Rosy.Hills,RH,Vicia.americana,8,0.8,8
2020,Rosy.Hills,RH,Vicia.americana,9,2.5,25
2020,Rosy.Hills,RH,Vicia.americana,10,6.2,62
2020,Rosy.Hills,RH,Vicia.americana,11,1.9,19
2020,Rosy.Hills,RH,Vicia.americana,12,0.9,9
2020,Rosy.Hills,RH,Viola.adunca,4,0.1,1
2020,Rosy.Hills,RH,Viola.adunca,5,0.1,1
2020,Rosy.Hills,RH,Viola.praemorsa,3,1.2,12
2020,Rosy.Hills,RH,Wyethia.arizonica,6,0.2,2
2020,Rosy.Hills,RH,Wyethia.arizonica,7,0.4,4
2020,Rosy.Hills,RH,Wyethia.arizonica,8,0.3,3
2020,Stormy.Pass,SP,Achillea.millefolium,14,0.6,6
2020,Stormy.Pass,SP,Achillea.millefolium,15,0.2,2
2020,Stormy.Pass,SP,Achillea.millefolium,16,0.1,1
2020,Stormy.Pass,SP,Adenolinum.lewisii,7,0.4,4
2020,Stormy.Pass,SP,Adenolinum.lewisii,8,0.2,2
2020,Stormy.Pass,SP,Adenolinum.lewisii,9,0.2,2
2020,Stormy.Pass,SP,Adenolinum.lewisii,10,0.6,6
2020,Stormy.Pass,SP,Adenolinum.lewisii,11,0.2,2
2020,Stormy.Pass,SP,Adenolinum.lewisii,12,0.1,1
2020,Stormy.Pass,SP,Agoseris.aurantiaca,14,0.1,1
2020,Stormy.Pass,SP,Agoseris.glauca,11,0.1,1
2020,Stormy.Pass,SP,Agoseris.glauca,13,0.1,1
2020,Stormy.Pass,SP,Agoseris.glauca,14,0.1,1
2020,Stormy.Pass,SP,Cirsium.parryi,15,0.2,2
2020,Stormy.Pass,SP,Claytonia.lanceolata,1,0.9,9
2020,Stormy.Pass,SP,Claytonia.lanceolata,2,1.1,11
2020,Stormy.Pass,SP,Collomia.linearis,8,13.799999999999999,138
2020,Stormy.Pass,SP,Collomia.linearis,9,58.9,589
2020,Stormy.Pass,SP,Collomia.linearis,10,58.5,585
2020,Stormy.Pass,SP,Collomia.linearis,12,2.3,23
2020,Stormy.Pass,SP,Delphinium.barbeyi,9,2.5,25
2020,Stormy.Pass,SP,Delphinium.barbeyi,10,4.9,49
2020,Stormy.Pass,SP,Delphinium.barbeyi,11,2.8000000000000003,28
2020,Stormy.Pass,SP,Delphinium.barbeyi,12,1.2999999999999998,13
2020,Stormy.Pass,SP,Delphinium.nuttallianum,3,10.4,104
2020,Stormy.Pass,SP,Delphinium.nuttallianum,4,31.2,312
2020,Stormy.Pass,SP,Delphinium.nuttallianum,5,23.7,237
2020,Stormy.Pass,SP,Delphinium.nuttallianum,6,8.3,83
2020,Stormy.Pass,SP,Delphinium.nuttallianum,7,0.7999999999999999,8
2020,Stormy.Pass,SP,Dugaldia.hoopesii,8,0.4,4
2020,Stormy.Pass,SP,Dugaldia.hoopesii,9,0.4,4
2020,Stormy.Pass,SP,Dugaldia.hoopesii,10,0.3,3
2020,Stormy.Pass,SP,Dugaldia.hoopesii,11,0.5,5
2020,Stormy.Pass,SP,Dugaldia.hoopesii,12,0.2,2
2020,Stormy.Pass,SP,Dugaldia.hoopesii,13,0.9,9
2020,Stormy.Pass,SP,Dugaldia.hoopesii,14,0.1,1
2020,Stormy.Pass,SP,Dugaldia.hoopesii,15,0.4,4
2020,Stormy.Pass,SP,Dugaldia.hoopesii,16,0.30000000000000004,3
2020,Stormy.Pass,SP,Dugaldia.hoopesii,17,0.2,2
2020,Stormy.Pass,SP,Erigeron.elatior,9,0.5,5
2020,Stormy.Pass,SP,Erigeron.elatior,10,3,30
2020,Stormy.Pass,SP,Erigeron.elatior,11,6.1,61
2020,Stormy.Pass,SP,Erigeron.elatior,12,4.3,43
2020,Stormy.Pass,SP,Erigeron.elatior,13,11.6,116
2020,Stormy.Pass,SP,Erigeron.elatior,14,5.6,56
2020,Stormy.Pass,SP,Erigeron.elatior,15,1.6,16
2020,Stormy.Pass,SP,Erigeron.elatior,16,0.4,4
2020,Stormy.Pass,SP,Erigeron.speciosus,9,0.1,1
2020,Stormy.Pass,SP,Erigeron.speciosus,10,5.5,55
2020,Stormy.Pass,SP,Erigeron.speciosus,11,14.1,141
2020,Stormy.Pass,SP,Erigeron.speciosus,12,13.799999999999999,138
2020,Stormy.Pass,SP,Erigeron.speciosus,13,28.8,288
2020,Stormy.Pass,SP,Erigeron.speciosus,14,11.6,116
2020,Stormy.Pass,SP,Erigeron.speciosus,15,0.8,8
2020,Stormy.Pass,SP,Fragaria.virginiana,2,0.5,5
2020,Stormy.Pass,SP,Fragaria.virginiana,3,0.4,4
2020,Stormy.Pass,SP,Fragaria.virginiana,4,3.7,37
2020,Stormy.Pass,SP,Fragaria.virginiana,5,17.5,175
2020,Stormy.Pass,SP,Fragaria.virginiana,6,16,160
2020,Stormy.Pass,SP,Gentiana.parryi,15,0.2,2
2020,Stormy.Pass,SP,Geranium.richardsonii,7,0.2,2
2020,Stormy.Pass,SP,Geranium.richardsonii,8,0.2,2
2020,Stormy.Pass,SP,Geranium.richardsonii,9,0.4,4
2020,Stormy.Pass,SP,Geranium.richardsonii,10,0.2,2
2020,Stormy.Pass,SP,Geranium.richardsonii,11,0.30000000000000004,3
2020,Stormy.Pass,SP,Geranium.richardsonii,12,0.30000000000000004,3
2020,Stormy.Pass,SP,Geranium.richardsonii,13,0.1,1
2020,Stormy.Pass,SP,Heliomeris.multiflora,11,0.6000000000000001,6
2020,Stormy.Pass,SP,Heliomeris.multiflora,12,1.5,15
2020,Stormy.Pass,SP,Heliomeris.multiflora,13,6.7,67
2020,Stormy.Pass,SP,Heliomeris.multiflora,14,9.3,93
2020,Stormy.Pass,SP,Heliomeris.multiflora,15,27.3,273
2020,Stormy.Pass,SP,Heliomeris.multiflora,16,23.5,235
2020,Stormy.Pass,SP,Heliomeris.multiflora,17,4.2,42
2020,Stormy.Pass,SP,Heracleum.sphondylium,8,0.2,2
2020,Stormy.Pass,SP,Heracleum.sphondylium,9,1.3,13
2020,Stormy.Pass,SP,Heracleum.sphondylium,10,0.5,5
2020,Stormy.Pass,SP,Heracleum.sphondylium,11,0.5,5
2020,Stormy.Pass,SP,Heracleum.sphondylium,12,0.2,2
2020,Stormy.Pass,SP,Hydrophyllum.fendleri,5,0.2,2
2020,Stormy.Pass,SP,Hydrophyllum.fendleri,7,0.3,3
2020,Stormy.Pass,SP,Hydrophyllum.fendleri,8,0.8999999999999999,9
2020,Stormy.Pass,SP,Ipomopsis.aggregata,7,0.7,7
2020,Stormy.Pass,SP,Ipomopsis.aggregata,8,2.2,22
2020,Stormy.Pass,SP,Ipomopsis.aggregata,9,2.4,24
2020,Stormy.Pass,SP,Ipomopsis.aggregata,10,1.7000000000000002,17
2020,Stormy.Pass,SP,Ipomopsis.aggregata,11,0.6000000000000001,6
2020,Stormy.Pass,SP,Ipomopsis.aggregata,12,0.8999999999999999,9
2020,Stormy.Pass,SP,Ipomopsis.aggregata,13,0.7,7
2020,Stormy.Pass,SP,Ipomopsis.aggregata,15,0.2,2
2020,Stormy.Pass,SP,Lathyrus.leucanthus,4,0.3,3
2020,Stormy.Pass,SP,Lathyrus.leucanthus,5,0.2,2
2020,Stormy.Pass,SP,Lathyrus.leucanthus,6,0.9,9
2020,Stormy.Pass,SP,Lathyrus.leucanthus,7,0.3,3
2020,Stormy.Pass,SP,Lathyrus.leucanthus,8,0.9,9
2020,Stormy.Pass,SP,Lathyrus.leucanthus,10,4.6,46
2020,Stormy.Pass,SP,Lathyrus.leucanthus,11,1,10
2020,Stormy.Pass,SP,Lathyrus.leucanthus,13,0.4,4
2020,Stormy.Pass,SP,Ligusticum.porteri,7,1.5,15
2020,Stormy.Pass,SP,Ligusticum.porteri,8,1.6,16
2020,Stormy.Pass,SP,Ligusticum.porteri,9,0.5,5
2020,Stormy.Pass,SP,Ligusticum.porteri,10,0.1,1
2020,Stormy.Pass,SP,Maianthemum.stellatum,5,0.4,4
2020,Stormy.Pass,SP,Maianthemum.stellatum,6,0.8,8
2020,Stormy.Pass,SP,Mertensia.ciliata,6,1,10
2020,Stormy.Pass,SP,Mertensia.ciliata,7,1.2,12
2020,Stormy.Pass,SP,Mertensia.ciliata,8,2.5,25
2020,Stormy.Pass,SP,Mertensia.ciliata,9,3.5,35
2020,Stormy.Pass,SP,Mertensia.ciliata,10,1.7,17
2020,Stormy.Pass,SP,Mertensia.ciliata,11,0.4,4
2020,Stormy.Pass,SP,Mertensia.fusiformis,1,0.5,5
2020,Stormy.Pass,SP,Mertensia.fusiformis,2,52,520
2020,Stormy.Pass,SP,Mertensia.fusiformis,3,63.5,635
2020,Stormy.Pass,SP,Mertensia.fusiformis,4,11.4,114
2020,Stormy.Pass,SP,Mertensia.fusiformis,5,0.4,4
2020,Stormy.Pass,SP,Noccaea.fendleri,1,0.3,3
2020,Stormy.Pass,SP,Noccaea.fendleri,2,1.9,19
2020,Stormy.Pass,SP,Noccaea.fendleri,3,5.8,58
2020,Stormy.Pass,SP,Noccaea.fendleri,4,0.4,4
2020,Stormy.Pass,SP,Pentaphylloides.floribunda,13,0.2,2
2020,Stormy.Pass,SP,Potentilla.pulcherrima,6,0.4,4
2020,Stormy.Pass,SP,Potentilla.pulcherrima,7,2.7,27
2020,Stormy.Pass,SP,Potentilla.pulcherrima,8,27,270
2020,Stormy.Pass,SP,Potentilla.pulcherrima,9,65.7,657
2020,Stormy.Pass,SP,Potentilla.pulcherrima,10,84,840
2020,Stormy.Pass,SP,Potentilla.pulcherrima,11,25.5,255
2020,Stormy.Pass,SP,Potentilla.pulcherrima,12,39,390
2020,Stormy.Pass,SP,Potentilla.pulcherrima,13,13.200000000000001,132
2020,Stormy.Pass,SP,Potentilla.pulcherrima,14,1.9,19
2020,Stormy.Pass,SP,Potentilla.pulcherrima,15,0.2,2
2020,Stormy.Pass,SP,Potentilla.pulcherrima,17,0.2,2
2020,Stormy.Pass,SP,Pseudocymopterus.montanus,3,0.3,3
2020,Stormy.Pass,SP,Pseudocymopterus.montanus,4,1.1,11
2020,Stormy.Pass,SP,Pseudocymopterus.montanus,5,2,20
2020,Stormy.Pass,SP,Pseudocymopterus.montanus,6,2.5,25
2020,Stormy.Pass,SP,Pseudocymopterus.montanus,7,3.9,39
2020,Stormy.Pass,SP,Pseudocymopterus.montanus,8,5,50
2020,Stormy.Pass,SP,Pseudocymopterus.montanus,9,1.3,13
2020,Stormy.Pass,SP,Pyrrocoma.crocea,10,0.3,3
2020,Stormy.Pass,SP,Ranunculus.inamoenus,1,0.4,4
2020,Stormy.Pass,SP,Ranunculus.inamoenus,2,1.3,13
2020,Stormy.Pass,SP,Ranunculus.inamoenus,3,0.4,4
2020,Stormy.Pass,SP,Ranunculus.inamoenus,4,0.30000000000000004,3
2020,Stormy.Pass,SP,Ranunculus.inamoenus,5,0.2,2
2020,Stormy.Pass,SP,Ranunculus.inamoenus,6,0.5,5
2020,Stormy.Pass,SP,Ranunculus.inamoenus,8,0.1,1
2020,Stormy.Pass,SP,Salix.wolfii,3,9.3,93
2020,Stormy.Pass,SP,Salix.wolfii,4,0.8,8
2020,Stormy.Pass,SP,Sambucus.racemosa,5,0.1,1
2020,Stormy.Pass,SP,Sambucus.racemosa,6,0.2,2
2020,Stormy.Pass,SP,Sambucus.racemosa,7,0.1,1
2020,Stormy.Pass,SP,Senecio.serra,11,0.30000000000000004,3
2020,Stormy.Pass,SP,Senecio.serra,12,0.4,4
2020,Stormy.Pass,SP,Senecio.serra,13,2.1,21
2020,Stormy.Pass,SP,Senecio.serra,14,1.1,11
2020,Stormy.Pass,SP,Senecio.serra,15,0.7,7
2020,Stormy.Pass,SP,Solidago.multiradiata,13,2.1,21
2020,Stormy.Pass,SP,Taraxacum.officinale,3,0.1,1
2020,Stormy.Pass,SP,Taraxacum.officinale,4,2.7,27
2020,Stormy.Pass,SP,Taraxacum.officinale,5,1.3,13
2020,Stormy.Pass,SP,Taraxacum.officinale,6,0.9,9
2020,Stormy.Pass,SP,Taraxacum.officinale,7,0.2,2
2020,Stormy.Pass,SP,Taraxacum.officinale,11,0.2,2
2020,Stormy.Pass,SP,Vicia.americana,7,0.5,5
2020,Stormy.Pass,SP,Vicia.americana,8,1.9,19
2020,Stormy.Pass,SP,Vicia.americana,9,1,10
2020,Stormy.Pass,SP,Vicia.americana,10,2.3,23
2020,Stormy.Pass,SP,Vicia.americana,11,0.8999999999999999,9
2020,Stormy.Pass,SP,Vicia.americana,12,0.1,1
2020,Stormy.Pass,SP,Viola.praemorsa,3,12.9,129
2020,Stormy.Pass,SP,Viola.praemorsa,4,10.5,105
2020,Stormy.Pass,SP,Viola.praemorsa,5,2.9,29
2020,Stormy.Pass,SP,Viola.praemorsa,6,0.6000000000000001,6
2021,Avery.Wash,AW,Achillea.millefolium,10,1,10
2021,Avery.Wash,AW,Achillea.millefolium,11,1.8,18
2021,Avery.Wash,AW,Achillea.millefolium,12,2.7,27
2021,Avery.Wash,AW,Achillea.millefolium,13,4.2,42
2021,Avery.Wash,AW,Achillea.millefolium,14,4.8,48
2021,Avery.Wash,AW,Achillea.millefolium,15,4.3,43
2021,Avery.Wash,AW,Achillea.millefolium,16,4.4,44
2021,Avery.Wash,AW,Achillea.millefolium,17,3.9,39
2021,Avery.Wash,AW,Achillea.millefolium,18,2.9,29
2021,Avery.Wash,AW,Achillea.millefolium,19,2.4,24
2021,Avery.Wash,AW,Achillea.millefolium,20,1.2,12
2021,Avery.Wash,AW,Achillea.millefolium,21,0.1,1
2021,Avery.Wash,AW,Aconitum.columbianum,11,0.1,1
2021,Avery.Wash,AW,Agoseris.aurantiaca,10,0.1,1
2021,Avery.Wash,AW,Agoseris.aurantiaca,12,0.5,5
2021,Avery.Wash,AW,Agoseris.aurantiaca,13,1.6,16
2021,Avery.Wash,AW,Agoseris.aurantiaca,14,1.6,16
2021,Avery.Wash,AW,Agoseris.aurantiaca,16,0.2,2
2021,Avery.Wash,AW,Agoseris.aurantiaca,17,0.2,2
2021,Avery.Wash,AW,Agoseris.glauca,11,0.2,2
2021,Avery.Wash,AW,Agoseris.glauca,12,0.8,8
2021,Avery.Wash,AW,Agoseris.glauca,13,1.3,13
2021,Avery.Wash,AW,Agoseris.glauca,14,1.2,12
2021,Avery.Wash,AW,Agoseris.glauca,15,0.2,2
2021,Avery.Wash,AW,Aquilegia.coerulea,8,0.5,5
2021,Avery.Wash,AW,Aquilegia.coerulea,9,0.8,8
2021,Avery.Wash,AW,Aquilegia.coerulea,10,0.7000000000000001,7
2021,Avery.Wash,AW,Aquilegia.coerulea,11,0.2,2
2021,Avery.Wash,AW,Aquilegia.coerulea,12,0.2,2
2021,Avery.Wash,AW,Aquilegia.coerulea,13,0.1,1
2021,Avery.Wash,AW,Arnica.parryi,10,0.9,9
2021,Avery.Wash,AW,Arnica.parryi,11,3,30
2021,Avery.Wash,AW,Arnica.parryi,12,5.3,53
2021,Avery.Wash,AW,Arnica.parryi,13,2.5,25
2021,Avery.Wash,AW,Aster.foliaceus,17,0.1,1
2021,Avery.Wash,AW,Aster.foliaceus,18,0.1,1
2021,Avery.Wash,AW,Castilleja.linariifolia,16,1.1,11
2021,Avery.Wash,AW,Claytonia.lanceolata,3,58.599999999999994,586
2021,Avery.Wash,AW,Claytonia.lanceolata,4,89.7,897
2021,Avery.Wash,AW,Claytonia.lanceolata,5,295.2,2952
2021,Avery.Wash,AW,Claytonia.lanceolata,6,13.4,134
2021,Avery.Wash,AW,Collomia.linearis,9,1.3,13
2021,Avery.Wash,AW,Collomia.linearis,10,2.3,23
2021,Avery.Wash,AW,Collomia.linearis,11,195.1,1951
2021,Avery.Wash,AW,Collomia.linearis,12,127.5,1275
2021,Avery.Wash,AW,Collomia.linearis,13,22.1,221
2021,Avery.Wash,AW,Collomia.linearis,14,23.099999999999998,231
2021,Avery.Wash,AW,Collomia.linearis,15,0.8,8
2021,Avery.Wash,AW,Collomia.linearis,16,3.8,38
2021,Avery.Wash,AW,Collomia.linearis,17,1.9,19
2021,Avery.Wash,AW,Collomia.linearis,18,3.1,31
2021,Avery.Wash,AW,Collomia.linearis,19,2.1999999999999997,22
2021,Avery.Wash,AW,Collomia.linearis,20,0.9,9
2021,Avery.Wash,AW,Delphinium.barbeyi,11,4.9,49
2021,Avery.Wash,AW,Delphinium.barbeyi,12,29.599999999999998,296
2021,Avery.Wash,AW,Delphinium.barbeyi,13,43.1,431
2021,Avery.Wash,AW,Delphinium.barbeyi,14,10.6,106
2021,Avery.Wash,AW,Delphinium.barbeyi,15,2.2,22
2021,Avery.Wash,AW,Delphinium.nuttallianum,6,0.4,4
2021,Avery.Wash,AW,Delphinium.nuttallianum,7,33.6,336
2021,Avery.Wash,AW,Delphinium.nuttallianum,8,6.4,64
2021,Avery.Wash,AW,Delphinium.nuttallianum,9,0.1,1
2021,Avery.Wash,AW,Draba.aurea,7,0.2,2
2021,Avery.Wash,AW,Draba.aurea,8,0.30000000000000004,3
2021,Avery.Wash,AW,Draba.aurea,9,0.3,3
2021,Avery.Wash,AW,Draba.aurea,10,0.2,2
2021,Avery.Wash,AW,Dugaldia.hoopesii,9,0.1,1
2021,Avery.Wash,AW,Dugaldia.hoopesii,10,0.2,2
2021,Avery.Wash,AW,Dugaldia.hoopesii,11,1.0999999999999999,11
2021,Avery.Wash,AW,Dugaldia.hoopesii,12,0.6000000000000001,6
2021,Avery.Wash,AW,Dugaldia.hoopesii,13,1.1,11
2021,Avery.Wash,AW,Dugaldia.hoopesii,14,1,10
2021,Avery.Wash,AW,Dugaldia.hoopesii,15,0.1,1
2021,Avery.Wash,AW,Erigeron.coulteri,13,0.4,4
2021,Avery.Wash,AW,Erigeron.elatior,11,1.8,18
2021,Avery.Wash,AW,Erigeron.elatior,12,13.6,136
2021,Avery.Wash,AW,Erigeron.elatior,13,30,300
2021,Avery.Wash,AW,Erigeron.elatior,14,31.7,317
2021,Avery.Wash,AW,Erigeron.elatior,15,19.1,191
2021,Avery.Wash,AW,Erigeron.elatior,16,0.9,9
2021,Avery.Wash,AW,Erigeron.elatior,17,0.2,2
2021,Avery.Wash,AW,Erigeron.elatior,18,0.1,1
2021,Avery.Wash,AW,Erigeron.elatior,19,0.2,2
2021,Avery.Wash,AW,Erigeron.flagellaris,11,0.1,1
2021,Avery.Wash,AW,Erigeron.speciosus,11,0.2,2
2021,Avery.Wash,AW,Erigeron.speciosus,12,9.299999999999999,93
2021,Avery.Wash,AW,Erigeron.speciosus,13,28.2,282
2021,Avery.Wash,AW,Erigeron.speciosus,14,37.1,371
2021,Avery.Wash,AW,Erigeron.speciosus,15,33.1,331
2021,Avery.Wash,AW,Erigeron.speciosus,16,5.4,54
2021,Avery.Wash,AW,Erigeron.speciosus,17,0.8,8
2021,Avery.Wash,AW,Erigeron.speciosus,18,0.7999999999999999,8
2021,Avery.Wash,AW,Erigeron.speciosus,19,0.2,2
2021,Avery.Wash,AW,Erigeron.speciosus,20,0.1,1
2021,Avery.Wash,AW,Erythronium.grandiflorum,5,0.2,2
2021,Avery.Wash,AW,Erythronium.grandiflorum,6,0.1,1
2021,Avery.Wash,AW,Fragaria.virginiana,5,0.1,1
2021,Avery.Wash,AW,Fragaria.virginiana,6,4.2,42
2021,Avery.Wash,AW,Fragaria.virginiana,7,19.5,195
2021,Avery.Wash,AW,Fragaria.virginiana,8,5.1000000000000005,51
2021,Avery.Wash,AW,Fragaria.virginiana,9,1.5,15
2021,Avery.Wash,AW,Fragaria.virginiana,10,0.4,4
2021,Avery.Wash,AW,Gentiana.parryi,19,0.4,4
2021,Avery.Wash,AW,Geranium.richardsonii,9,0.7000000000000001,7
2021,Avery.Wash,AW,Geranium.richardsonii,10,0.8,8
2021,Avery.Wash,AW,Geranium.richardsonii,11,0.4,4
2021,Avery.Wash,AW,Geranium.richardsonii,12,0.8,8
2021,Avery.Wash,AW,Geranium.richardsonii,13,0.4,4
2021,Avery.Wash,AW,Helianthella.quinquenervis,10,0.5,5
2021,Avery.Wash,AW,Helianthella.quinquenervis,11,4,40
2021,Avery.Wash,AW,Helianthella.quinquenervis,12,6,60
2021,Avery.Wash,AW,Helianthella.quinquenervis,13,3,30
2021,Avery.Wash,AW,Helianthella.quinquenervis,14,0.9,9
2021,Avery.Wash,AW,Helianthella.quinquenervis,16,0.1,1
2021,Avery.Wash,AW,Heliomeris.multiflora,13,1.5999999999999999,16
2021,Avery.Wash,AW,Heliomeris.multiflora,14,0.5,5
2021,Avery.Wash,AW,Heliomeris.multiflora,15,11.4,114
2021,Avery.Wash,AW,Heliomeris.multiflora,16,13.7,137
2021,Avery.Wash,AW,Heliomeris.multiflora,17,18.400000000000002,184
2021,Avery.Wash,AW,Heliomeris.multiflora,18,30.8,308
2021,Avery.Wash,AW,Heliomeris.multiflora,19,14.8,148
2021,Avery.Wash,AW,Heliomeris.multiflora,20,2.6999999999999997,27
2021,Avery.Wash,AW,Heracleum.sphondylium,11,0.3,3
2021,Avery.Wash,AW,Heracleum.sphondylium,12,0.8999999999999999,9
2021,Avery.Wash,AW,Heracleum.sphondylium,13,1,10
2021,Avery.Wash,AW,Heracleum.sphondylium,14,0.2,2
2021,Avery.Wash,AW,Heterotheca.villosa,10,0.1,1
2021,Avery.Wash,AW,Heterotheca.villosa,11,1.6,16
2021,Avery.Wash,AW,Heterotheca.villosa,12,6.199999999999999,62
2021,Avery.Wash,AW,Heterotheca.villosa,13,10.1,101
2021,Avery.Wash,AW,Heterotheca.villosa,14,13.299999999999999,133
2021,Avery.Wash,AW,Heterotheca.villosa,15,8.4,84
2021,Avery.Wash,AW,Heterotheca.villosa,16,0.5,5
2021,Avery.Wash,AW,Heterotheca.villosa,17,1.1,11
2021,Avery.Wash,AW,Heterotheca.villosa,18,1.1,11
2021,Avery.Wash,AW,Heterotheca.villosa,19,0.6,6
2021,Avery.Wash,AW,Heterotheca.villosa,20,0.3,3
2021,Avery.Wash,AW,Hydrophyllum.fendleri,7,3.5,35
2021,Avery.Wash,AW,Hydrophyllum.fendleri,8,36.9,369
2021,Avery.Wash,AW,Hydrophyllum.fendleri,9,32.800000000000004,328
2021,Avery.Wash,AW,Hydrophyllum.fendleri,10,12.1,121
2021,Avery.Wash,AW,Hydrophyllum.fendleri,11,1.4,14
2021,Avery.Wash,AW,Hydrophyllum.fendleri,13,0.3,3
2021,Avery.Wash,AW,Lathyrus.leucanthus,7,0.9,9
2021,Avery.Wash,AW,Lathyrus.leucanthus,8,55.199999999999996,552
2021,Avery.Wash,AW,Lathyrus.leucanthus,9,65.7,657
2021,Avery.Wash,AW,Lathyrus.leucanthus,10,57.9,579
2021,Avery.Wash,AW,Lathyrus.leucanthus,11,19.9,199
2021,Avery.Wash,AW,Lathyrus.leucanthus,12,4.3,43
2021,Avery.Wash,AW,Lathyrus.leucanthus,13,0.3,3
2021,Avery.Wash,AW,Ligularia.bigelovii,13,0.9,9
2021,Avery.Wash,AW,Ligularia.bigelovii,14,1.1,11
2021,Avery.Wash,AW,Ligularia.bigelovii,15,2.7,27
2021,Avery.Wash,AW,Ligusticum.porteri,9,0.6000000000000001,6
2021,Avery.Wash,AW,Ligusticum.porteri,10,8.299999999999999,83
2021,Avery.Wash,AW,Ligusticum.porteri,11,29.400000000000002,294
2021,Avery.Wash,AW,Ligusticum.porteri,12,16.35,163.5
2021,Avery.Wash,AW,Ligusticum.porteri,13,0.9,9
2021,Avery.Wash,AW,Mertensia.ciliata,8,0.1,1
2021,Avery.Wash,AW,Mertensia.ciliata,10,0.5,5
2021,Avery.Wash,AW,Mertensia.ciliata,11,0.7,7
2021,Avery.Wash,AW,Mertensia.ciliata,12,0.7,7
2021,Avery.Wash,AW,Mertensia.ciliata,13,0.2,2
2021,Avery.Wash,AW,Mertensia.fusiformis,4,0.4,4
2021,Avery.Wash,AW,Mertensia.fusiformis,5,27.3,273
2021,Avery.Wash,AW,Mertensia.fusiformis,6,40.8,408
2021,Avery.Wash,AW,Mertensia.fusiformis,7,6.3,63
2021,Avery.Wash,AW,Pentaphylloides.floribunda,11,0.4,4
2021,Avery.Wash,AW,Potentilla.pulcherrima,7,0.9,9
2021,Avery.Wash,AW,Potentilla.pulcherrima,8,35.5,355
2021,Avery.Wash,AW,Potentilla.pulcherrima,9,128,1280
2021,Avery.Wash,AW,Potentilla.pulcherrima,10,93.3,933
2021,Avery.Wash,AW,Potentilla.pulcherrima,11,233.9,2339
2021,Avery.Wash,AW,Potentilla.pulcherrima,12,201.5,2015
2021,Avery.Wash,AW,Potentilla.pulcherrima,13,127.3,1273
2021,Avery.Wash,AW,Potentilla.pulcherrima,14,42.7,427
2021,Avery.Wash,AW,Potentilla.pulcherrima,15,7.3,73
2021,Avery.Wash,AW,Potentilla.pulcherrima,16,0.7,7
2021,Avery.Wash,AW,Pseudocymopterus.montanus,5,0.1,1
2021,Avery.Wash,AW,Pseudocymopterus.montanus,6,0.2,2
2021,Avery.Wash,AW,Pseudocymopterus.montanus,7,0.7,7
2021,Avery.Wash,AW,Pseudocymopterus.montanus,8,1.6,16
2021,Avery.Wash,AW,Pseudocymopterus.montanus,9,1,10
2021,Avery.Wash,AW,Pseudocymopterus.montanus,10,0.7999999999999999,8
2021,Avery.Wash,AW,Pyrrocoma.crocea,12,1.2,12
2021,Avery.Wash,AW,Ranunculus.inamoenus,5,0.6000000000000001,6
2021,Avery.Wash,AW,Ranunculus.inamoenus,6,3,30
2021,Avery.Wash,AW,Ranunculus.inamoenus,7,0.1,1
2021,Avery.Wash,AW,Senecio.crassulus,9,0.9,9
2021,Avery.Wash,AW,Senecio.crassulus,10,4.3,43
2021,Avery.Wash,AW,Senecio.crassulus,11,7.9,79
2021,Avery.Wash,AW,Senecio.crassulus,12,2.4,24
2021,Avery.Wash,AW,Senecio.crassulus,13,0.2,2
2021,Avery.Wash,AW,Senecio.serra,14,7.1,71
2021,Avery.Wash,AW,Senecio.serra,15,13.9,139
2021,Avery.Wash,AW,Senecio.serra,16,23.5,235
2021,Avery.Wash,AW,Senecio.serra,17,10.2,102
2021,Avery.Wash,AW,Senecio.serra,18,7.1000000000000005,71
2021,Avery.Wash,AW,Senecio.serra,19,0.1,1
2021,Avery.Wash,AW,Solidago.multiradiata,11,3.2,32
2021,Avery.Wash,AW,Solidago.multiradiata,12,39.5,395
2021,Avery.Wash,AW,Solidago.multiradiata,13,55.9,559
2021,Avery.Wash,AW,Solidago.multiradiata,14,26.6,266
2021,Avery.Wash,AW,Solidago.multiradiata,15,6.9,69
2021,Avery.Wash,AW,Solidago.multiradiata,16,0.6,6
2021,Avery.Wash,AW,Solidago.multiradiata,19,0.3,3
2021,Avery.Wash,AW,Solidago.multiradiata,20,0.4,4
2021,Avery.Wash,AW,Taraxacum.officinale,5,0.4,4
2021,Avery.Wash,AW,Taraxacum.officinale,6,7.2,72
2021,Avery.Wash,AW,Taraxacum.officinale,7,13,130
2021,Avery.Wash,AW,Taraxacum.officinale,8,2.8000000000000003,28
2021,Avery.Wash,AW,Taraxacum.officinale,9,0.30000000000000004,3
2021,Avery.Wash,AW,Taraxacum.officinale,12,0.2,2
2021,Avery.Wash,AW,Taraxacum.officinale,13,0.1,1
2021,Avery.Wash,AW,Taraxacum.officinale,17,0.1,1
2021,Avery.Wash,AW,Valeriana.occidentalis,8,0.1,1
2021,Avery.Wash,AW,Valeriana.occidentalis,9,0.1,1
2021,Avery.Wash,AW,Vicia.americana,9,3.8000000000000003,38
2021,Avery.Wash,AW,Vicia.americana,10,11.8,118
2021,Avery.Wash,AW,Vicia.americana,11,15.5,155
2021,Avery.Wash,AW,Vicia.americana,12,8.3,83
2021,Avery.Wash,AW,Vicia.americana,13,4.4,44
2021,Avery.Wash,AW,Vicia.americana,14,2.6,26
2021,Avery.Wash,AW,Vicia.americana,15,1,10
2021,Avery.Wash,AW,Viola.praemorsa,6,53.6,536
2021,Avery.Wash,AW,Viola.praemorsa,7,21.4,214
2021,Copper.Creek,CC,Achillea.millefolium,10,0.1,1
2021,Copper.Creek,CC,Achillea.millefolium,12,0.6,6
2021,Copper.Creek,CC,Achillea.millefolium,13,0.4,4
2021,Copper.Creek,CC,Achillea.millefolium,14,0.6,6
2021,Copper.Creek,CC,Achillea.millefolium,15,0.6000000000000001,6
2021,Copper.Creek,CC,Achillea.millefolium,16,0.7,7
2021,Copper.Creek,CC,Achillea.millefolium,17,0.7,7
2021,Copper.Creek,CC,Achillea.millefolium,18,0.5,5
2021,Copper.Creek,CC,Achillea.millefolium,19,0.30000000000000004,3
2021,Copper.Creek,CC,Aconitum.columbianum,11,12.2,122
2021,Copper.Creek,CC,Aconitum.columbianum,12,8.7,87
2021,Copper.Creek,CC,Aconitum.columbianum,13,3.6,36
2021,Copper.Creek,CC,Aconitum.columbianum,14,1.7,17
2021,Copper.Creek,CC,Aconitum.columbianum,15,0.1,1
2021,Copper.Creek,CC,Adenolinum.lewisii,9,1.4,14
2021,Copper.Creek,CC,Adenolinum.lewisii,10,0.8,8
2021,Copper.Creek,CC,Adenolinum.lewisii,11,1.7,17
2021,Copper.Creek,CC,Adenolinum.lewisii,13,0.1,1
2021,Copper.Creek,CC,Aquilegia.coerulea,9,0.2,2
2021,Copper.Creek,CC,Aster.foliaceus,15,0.1,1
2021,Copper.Creek,CC,Aster.foliaceus,16,0.3,3
2021,Copper.Creek,CC,Aster.foliaceus,19,0.1,1
2021,Copper.Creek,CC,Calochortus.gunnisonii,12,0.1,1
2021,Copper.Creek,CC,Calochortus.gunnisonii,13,0.2,2
2021,Copper.Creek,CC,Campanula.rotundifolia,11,0.2,2
2021,Copper.Creek,CC,Campanula.rotundifolia,12,0.4,4
2021,Copper.Creek,CC,Campanula.rotundifolia,13,1.1,11
2021,Copper.Creek,CC,Campanula.rotundifolia,14,0.30000000000000004,3
2021,Copper.Creek,CC,Campanula.rotundifolia,15,0.8999999999999999,9
2021,Copper.Creek,CC,Campanula.rotundifolia,16,0.3,3
2021,Copper.Creek,CC,Campanula.rotundifolia,17,0.1,1
2021,Copper.Creek,CC,Cirsium.parryi,14,0.1,1
2021,Copper.Creek,CC,Cirsium.parryi,15,1.8,18
2021,Copper.Creek,CC,Cirsium.parryi,16,2.3,23
2021,Copper.Creek,CC,Cirsium.parryi,17,1.4,14
2021,Copper.Creek,CC,Cirsium.parryi,18,0.5,5
2021,Copper.Creek,CC,Claytonia.lanceolata,1,0.6000000000000001,6
2021,Copper.Creek,CC,Claytonia.lanceolata,2,38.9,389
2021,Copper.Creek,CC,Claytonia.lanceolata,3,108.4,1084
2021,Copper.Creek,CC,Claytonia.lanceolata,4,221,2210
2021,Copper.Creek,CC,Claytonia.lanceolata,5,153.3,1533
2021,Copper.Creek,CC,Claytonia.lanceolata,6,8.8,88
2021,Copper.Creek,CC,Collomia.linearis,9,0.5,5
2021,Copper.Creek,CC,Collomia.linearis,10,9,90
2021,Copper.Creek,CC,Collomia.linearis,11,64.6,646
2021,Copper.Creek,CC,Collomia.linearis,12,195.6,1956
2021,Copper.Creek,CC,Collomia.linearis,13,182,1820
2021,Copper.Creek,CC,Collomia.linearis,14,24.2,242
2021,Copper.Creek,CC,Collomia.linearis,15,39.5,395
2021,Copper.Creek,CC,Collomia.linearis,16,23.700000000000003,237
2021,Copper.Creek,CC,Collomia.linearis,17,18.9,189
2021,Copper.Creek,CC,Collomia.linearis,18,7,70
2021,Copper.Creek,CC,Collomia.linearis,19,4.2,42
2021,Copper.Creek,CC,Collomia.linearis,20,1,10
2021,Copper.Creek,CC,Delphinium.barbeyi,10,1.5,15
2021,Copper.Creek,CC,Delphinium.barbeyi,11,119.8,1198
2021,Copper.Creek,CC,Delphinium.barbeyi,12,235.4,2354
2021,Copper.Creek,CC,Delphinium.barbeyi,13,172.3,1723
2021,Copper.Creek,CC,Delphinium.barbeyi,14,40.7,407
2021,Copper.Creek,CC,Delphinium.barbeyi,15,2.6999999999999997,27
2021,Copper.Creek,CC,Delphinium.barbeyi,16,0.6000000000000001,6
2021,Copper.Creek,CC,Delphinium.barbeyi,17,0.1,1
2021,Copper.Creek,CC,Delphinium.nuttallianum,5,1.4000000000000001,14
2021,Copper.Creek,CC,Delphinium.nuttallianum,6,70.5,705
2021,Copper.Creek,CC,Delphinium.nuttallianum,7,163.2,1632
2021,Copper.Creek,CC,Delphinium.nuttallianum,8,64.6,646
2021,Copper.Creek,CC,Delphinium.nuttallianum,9,0.4,4
2021,Copper.Creek,CC,Dugaldia.hoopesii,9,0.1,1
2021,Copper.Creek,CC,Dugaldia.hoopesii,10,0.2,2
2021,Copper.Creek,CC,Dugaldia.hoopesii,11,0.8999999999999999,9
2021,Copper.Creek,CC,Dugaldia.hoopesii,12,0.2,2
2021,Copper.Creek,CC,Dugaldia.hoopesii,13,3.5,35
2021,Copper.Creek,CC,Dugaldia.hoopesii,14,4.4,44
2021,Copper.Creek,CC,Dugaldia.hoopesii,15,2.9,29
2021,Copper.Creek,CC,Dugaldia.hoopesii,16,0.3,3
2021,Copper.Creek,CC,Erigeron.coulteri,11,0.3,3
2021,Copper.Creek,CC,Erigeron.coulteri,12,0.3,3
2021,Copper.Creek,CC,Erigeron.elatior,13,0.4,4
2021,Copper.Creek,CC,Erigeron.elatior,14,0.4,4
2021,Copper.Creek,CC,Erigeron.elatior,15,0.30000000000000004,3
2021,Copper.Creek,CC,Erigeron.elatior,16,0.2,2
2021,Copper.Creek,CC,Erigeron.speciosus,11,3.8000000000000003,38
2021,Copper.Creek,CC,Erigeron.speciosus,12,35.9,359
2021,Copper.Creek,CC,Erigeron.speciosus,13,93.05,930.5
2021,Copper.Creek,CC,Erigeron.speciosus,14,107.3,1073
2021,Copper.Creek,CC,Erigeron.speciosus,15,78.1,781
2021,Copper.Creek,CC,Erigeron.speciosus,16,21.5,215
2021,Copper.Creek,CC,Erigeron.speciosus,17,2,20
2021,Copper.Creek,CC,Erigeron.speciosus,18,0.4,4
2021,Copper.Creek,CC,Erigeron.speciosus,19,0.2,2
2021,Copper.Creek,CC,Eriogonum.umbellatum,11,0.2,2
2021,Copper.Creek,CC,Erysimum.capitatum,9,0.8,8
2021,Copper.Creek,CC,Erysimum.capitatum,10,0.3,3
2021,Copper.Creek,CC,Erysimum.capitatum,11,1.3,13
2021,Copper.Creek,CC,Erysimum.capitatum,12,0.8,8
2021,Copper.Creek,CC,Erythronium.grandiflorum,4,0.1,1
2021,Copper.Creek,CC,Erythronium.grandiflorum,5,4.4,44
2021,Copper.Creek,CC,Erythronium.grandiflorum,6,0.2,2
2021,Copper.Creek,CC,Eucephalus.engelmannii,15,0.3,3
2021,Copper.Creek,CC,Eucephalus.engelmannii,16,0.3,3
2021,Copper.Creek,CC,Geranium.richardsonii,8,0.2,2
2021,Copper.Creek,CC,Geranium.richardsonii,9,1.5,15
2021,Copper.Creek,CC,Geranium.richardsonii,10,2.2,22
2021,Copper.Creek,CC,Geranium.richardsonii,11,2.3,23
2021,Copper.Creek,CC,Geranium.richardsonii,12,1.8,18
2021,Copper.Creek,CC,Geranium.richardsonii,13,0.7,7
2021,Copper.Creek,CC,Geranium.richardsonii,14,0.3,3
2021,Copper.Creek,CC,Geranium.richardsonii,15,0.1,1
2021,Copper.Creek,CC,Geranium.richardsonii,16,0.2,2
2021,Copper.Creek,CC,Hackelia.floribunda,13,1,10
2021,Copper.Creek,CC,Helianthella.quinquenervis,9,0.1,1
2021,Copper.Creek,CC,Helianthella.quinquenervis,10,1.8,18
2021,Copper.Creek,CC,Helianthella.quinquenervis,11,15.899999999999999,159
2021,Copper.Creek,CC,Helianthella.quinquenervis,12,18.4,184
2021,Copper.Creek,CC,Helianthella.quinquenervis,13,13.1,131
2021,Copper.Creek,CC,Helianthella.quinquenervis,14,2.4,24
2021,Copper.Creek,CC,Heliomeris.multiflora,11,0.1,1
2021,Copper.Creek,CC,Heliomeris.multiflora,12,2.3,23
2021,Copper.Creek,CC,Heliomeris.multiflora,13,11.5,115
2021,Copper.Creek,CC,Heliomeris.multiflora,14,44.1,441
2021,Copper.Creek,CC,Heliomeris.multiflora,15,61.9,619
2021,Copper.Creek,CC,Heliomeris.multiflora,16,131,1310
2021,Copper.Creek,CC,Heliomeris.multiflora,17,110,1100
2021,Copper.Creek,CC,Heliomeris.multiflora,18,155.5,1555
2021,Copper.Creek,CC,Heliomeris.multiflora,19,92.2,922
2021,Copper.Creek,CC,Heliomeris.multiflora,20,42.5,425
2021,Copper.Creek,CC,Heliomeris.multiflora,21,7.8,78
2021,Copper.Creek,CC,Heracleum.sphondylium,9,0.30000000000000004,3
2021,Copper.Creek,CC,Heracleum.sphondylium,10,0.1,1
2021,Copper.Creek,CC,Heracleum.sphondylium,11,2.2,22
2021,Copper.Creek,CC,Heracleum.sphondylium,12,1.7,17
2021,Copper.Creek,CC,Heracleum.sphondylium,13,1.5,15
2021,Copper.Creek,CC,Heracleum.sphondylium,14,0.2,2
2021,Copper.Creek,CC,Heracleum.sphondylium,15,0.1,1
2021,Copper.Creek,CC,Heterotheca.villosa,10,0.2,2
2021,Copper.Creek,CC,Heterotheca.villosa,11,1.8,18
2021,Copper.Creek,CC,Heterotheca.villosa,12,9.799999999999999,98
2021,Copper.Creek,CC,Heterotheca.villosa,13,17.400000000000002,174
2021,Copper.Creek,CC,Heterotheca.villosa,14,18.599999999999998,186
2021,Copper.Creek,CC,Heterotheca.villosa,15,15.899999999999999,159
2021,Copper.Creek,CC,Heterotheca.villosa,16,9.8,98
2021,Copper.Creek,CC,Heterotheca.villosa,17,3.5999999999999996,36
2021,Copper.Creek,CC,Heterotheca.villosa,18,0.4,4
2021,Copper.Creek,CC,Heterotheca.villosa,19,0.5,5
2021,Copper.Creek,CC,Heterotheca.villosa,20,0.30000000000000004,3
2021,Copper.Creek,CC,Hydrophyllum.capitatum,5,3.4000000000000004,34
2021,Copper.Creek,CC,Hydrophyllum.capitatum,6,60.699999999999996,607
2021,Copper.Creek,CC,Hydrophyllum.capitatum,7,36.6,366
2021,Copper.Creek,CC,Hydrophyllum.capitatum,8,0.9,9
2021,Copper.Creek,CC,Hydrophyllum.fendleri,7,0.1,1
2021,Copper.Creek,CC,Hydrophyllum.fendleri,8,11.5,115
2021,Copper.Creek,CC,Hydrophyllum.fendleri,9,11.5,115
2021,Copper.Creek,CC,Hydrophyllum.fendleri,10,12.8,128
2021,Copper.Creek,CC,Hydrophyllum.fendleri,11,1.7000000000000002,17
2021,Copper.Creek,CC,Lathyrus.leucanthus,6,0.8,8
2021,Copper.Creek,CC,Lathyrus.leucanthus,7,13.6,136
2021,Copper.Creek,CC,Lathyrus.leucanthus,8,19.4,194
2021,Copper.Creek,CC,Lathyrus.leucanthus,9,3.7,37
2021,Copper.Creek,CC,Lathyrus.leucanthus,10,0.8,8
2021,Copper.Creek,CC,Lathyrus.leucanthus,11,1.5,15
2021,Copper.Creek,CC,Ligularia.bigelovii,14,1.3,13
2021,Copper.Creek,CC,Ligularia.bigelovii,15,2.8,28
2021,Copper.Creek,CC,Ligusticum.porteri,9,4.2,42
2021,Copper.Creek,CC,Ligusticum.porteri,10,7.1,71
2021,Copper.Creek,CC,Ligusticum.porteri,11,33.1,331
2021,Copper.Creek,CC,Ligusticum.porteri,12,16.3,163
2021,Copper.Creek,CC,Ligusticum.porteri,13,0.5,5
2021,Copper.Creek,CC,Lomatium.dissectum,5,0.2,2
2021,Copper.Creek,CC,Lupinus.bakeri,7,0.2,2
2021,Copper.Creek,CC,Lupinus.bakeri,8,95.1,951
2021,Copper.Creek,CC,Lupinus.bakeri,9,492.6,4926
2021,Copper.Creek,CC,Lupinus.bakeri,10,338.3,3383
2021,Copper.Creek,CC,Lupinus.bakeri,11,245.9,2459
2021,Copper.Creek,CC,Lupinus.bakeri,12,18.6,186
2021,Copper.Creek,CC,Lupinus.bakeri,13,1.5,15
2021,Copper.Creek,CC,Mahonia.repens,5,15.6,156
2021,Copper.Creek,CC,Mahonia.repens,6,61.8,618
2021,Copper.Creek,CC,Mahonia.repens,7,18.5,185
2021,Copper.Creek,CC,Maianthemum.stellatum,7,0.3,3
2021,Copper.Creek,CC,Maianthemum.stellatum,8,1.7,17
2021,Copper.Creek,CC,Mertensia.fusiformis,3,11.9,119
2021,Copper.Creek,CC,Mertensia.fusiformis,4,38.5,385
2021,Copper.Creek,CC,Mertensia.fusiformis,5,105.4,1054
2021,Copper.Creek,CC,Mertensia.fusiformis,6,30,300
2021,Copper.Creek,CC,Mertensia.fusiformis,7,3,30
2021,Copper.Creek,CC,Pedicularis.procera,11,0.5,5
2021,Copper.Creek,CC,Phacelia.heterophylla,9,1.4,14
2021,Copper.Creek,CC,Phacelia.heterophylla,10,4.1,41
2021,Copper.Creek,CC,Phacelia.heterophylla,11,13,130
2021,Copper.Creek,CC,Phacelia.heterophylla,12,2,20
2021,Copper.Creek,CC,Phacelia.heterophylla,13,1.7,17
2021,Copper.Creek,CC,Phacelia.heterophylla,14,0.9,9
2021,Copper.Creek,CC,Phacelia.heterophylla,15,1.1,11
2021,Copper.Creek,CC,Phacelia.heterophylla,16,0.3,3
2021,Copper.Creek,CC,Potentilla.pulcherrima,8,0.1,1
2021,Copper.Creek,CC,Potentilla.pulcherrima,9,1.3,13
2021,Copper.Creek,CC,Potentilla.pulcherrima,10,10,100
2021,Copper.Creek,CC,Potentilla.pulcherrima,11,16.099999999999998,161
2021,Copper.Creek,CC,Potentilla.pulcherrima,12,32.9,329
2021,Copper.Creek,CC,Potentilla.pulcherrima,13,9.2,92
2021,Copper.Creek,CC,Potentilla.pulcherrima,14,6.3,63
2021,Copper.Creek,CC,Potentilla.pulcherrima,15,3,30
2021,Copper.Creek,CC,Pseudocymopterus.montanus,8,0.1,1
2021,Copper.Creek,CC,Pseudocymopterus.montanus,10,0.2,2
2021,Copper.Creek,CC,Pseudocymopterus.montanus,11,0.1,1
2021,Copper.Creek,CC,Pyrrocoma.crocea,12,2.4,24
2021,Copper.Creek,CC,Ranunculus.inamoenus,5,0.1,1
2021,Copper.Creek,CC,Ranunculus.inamoenus,6,0.1,1
2021,Copper.Creek,CC,Rosa.woodsii,11,0.1,1
2021,Copper.Creek,CC,Rosa.woodsii,12,0.1,1
2021,Copper.Creek,CC,Salix.wolfii,6,7.4,74
2021,Copper.Creek,CC,Senecio.serra,13,0.8,8
2021,Copper.Creek,CC,Senecio.serra,14,4.8,48
2021,Copper.Creek,CC,Senecio.serra,15,6.3,63
2021,Copper.Creek,CC,Senecio.serra,16,2,20
2021,Copper.Creek,CC,Senecio.serra,18,0.6,6
2021,Copper.Creek,CC,Taraxacum.officinale,5,0.30000000000000004,3
2021,Copper.Creek,CC,Taraxacum.officinale,6,1.4,14
2021,Copper.Creek,CC,Taraxacum.officinale,7,0.9,9
2021,Copper.Creek,CC,Taraxacum.officinale,8,0.30000000000000004,3
2021,Copper.Creek,CC,Valeriana.occidentalis,4,0.2,2
2021,Copper.Creek,CC,Valeriana.occidentalis,5,0.7,7
2021,Copper.Creek,CC,Valeriana.occidentalis,6,16.5,165
2021,Copper.Creek,CC,Valeriana.occidentalis,7,22.1,221
2021,Copper.Creek,CC,Valeriana.occidentalis,8,9.5,95
2021,Copper.Creek,CC,Valeriana.occidentalis,9,3.3000000000000003,33
2021,Copper.Creek,CC,Valeriana.occidentalis,10,1.9000000000000001,19
2021,Copper.Creek,CC,Valeriana.occidentalis,11,0.1,1
2021,Copper.Creek,CC,Vicia.americana,8,0.9,9
2021,Copper.Creek,CC,Vicia.americana,9,0.2,2
2021,Copper.Creek,CC,Vicia.americana,10,0.7,7
2021,Copper.Creek,CC,Vicia.americana,11,1.2,12
2021,Copper.Creek,CC,Vicia.americana,12,0.2,2
2021,Copper.Creek,CC,Vicia.americana,13,0.2,2
2021,Copper.Creek,CC,Vicia.americana,15,0.2,2
2021,Copper.Creek,CC,Vicia.americana,17,0.2,2
2021,Copper.Creek,CC,Viola.praemorsa,5,0.2,2
2021,Copper.Creek,CC,Viola.praemorsa,6,0.7000000000000001,7
2021,Copper.Creek,CC,Viola.praemorsa,7,6.5,65
2021,Copper.Creek,CC,Viola.praemorsa,8,0.1,1
2021,Frogs.Pond,FP,Achillea.millefolium,9,0.2,2
2021,Frogs.Pond,FP,Achillea.millefolium,10,0.3,3
2021,Frogs.Pond,FP,Achillea.millefolium,11,1.3,13
2021,Frogs.Pond,FP,Achillea.millefolium,12,3.1,31
2021,Frogs.Pond,FP,Achillea.millefolium,13,3.6,36
2021,Frogs.Pond,FP,Achillea.millefolium,14,2.9,29
2021,Frogs.Pond,FP,Achillea.millefolium,15,2.1,21
2021,Frogs.Pond,FP,Achillea.millefolium,16,13.4,134
2021,Frogs.Pond,FP,Achillea.millefolium,17,2.4,24
2021,Frogs.Pond,FP,Achillea.millefolium,18,1.1,11
2021,Frogs.Pond,FP,Achillea.millefolium,19,0.6000000000000001,6
2021,Frogs.Pond,FP,Achillea.millefolium,20,0.7,7
2021,Frogs.Pond,FP,Achillea.millefolium,21,0.1,1
2021,Frogs.Pond,FP,Adenolinum.lewisii,7,0.1,1
2021,Frogs.Pond,FP,Adenolinum.lewisii,8,5.9,59
2021,Frogs.Pond,FP,Adenolinum.lewisii,9,24.6,246
2021,Frogs.Pond,FP,Adenolinum.lewisii,10,9,90
2021,Frogs.Pond,FP,Adenolinum.lewisii,11,5.6,56
2021,Frogs.Pond,FP,Adenolinum.lewisii,12,0.2,2
2021,Frogs.Pond,FP,Adenolinum.lewisii,13,0.8,8
2021,Frogs.Pond,FP,Adenolinum.lewisii,14,0.30000000000000004,3
2021,Frogs.Pond,FP,Adenolinum.lewisii,15,0.3,3
2021,Frogs.Pond,FP,Adenolinum.lewisii,16,0.1,1
2021,Frogs.Pond,FP,Agoseris.aurantiaca,9,0.1,1
2021,Frogs.Pond,FP,Agoseris.aurantiaca,11,0.1,1
2021,Frogs.Pond,FP,Agoseris.glauca,13,0.2,2
2021,Frogs.Pond,FP,Agoseris.glauca,14,0.2,2
2021,Frogs.Pond,FP,Aster.foliaceus,13,0.7999999999999999,8
2021,Frogs.Pond,FP,Aster.foliaceus,14,1,10
2021,Frogs.Pond,FP,Aster.foliaceus,15,1.5,15
2021,Frogs.Pond,FP,Aster.foliaceus,16,0.7,7
2021,Frogs.Pond,FP,Aster.foliaceus,17,0.2,2
2021,Frogs.Pond,FP,Aster.foliaceus,18,0.3,3
2021,Frogs.Pond,FP,Aster.foliaceus,19,0.1,1
2021,Frogs.Pond,FP,Calochortus.gunnisonii,11,0.8,8
2021,Frogs.Pond,FP,Calochortus.gunnisonii,12,1.7,17
2021,Frogs.Pond,FP,Calochortus.gunnisonii,13,0.75,7.5
2021,Frogs.Pond,FP,Campanula.parryi,14,0.1,1
2021,Frogs.Pond,FP,Campanula.rotundifolia,11,0.4,4
2021,Frogs.Pond,FP,Campanula.rotundifolia,12,0.9,9
2021,Frogs.Pond,FP,Campanula.rotundifolia,13,0.5,5
2021,Frogs.Pond,FP,Campanula.rotundifolia,14,0.7,7
2021,Frogs.Pond,FP,Campanula.rotundifolia,15,0.3,3
2021,Frogs.Pond,FP,Campanula.rotundifolia,16,0.1,1
2021,Frogs.Pond,FP,Castilleja.linariifolia,11,0.7,7
2021,Frogs.Pond,FP,Castilleja.linariifolia,12,2.1,21
2021,Frogs.Pond,FP,Castilleja.linariifolia,14,0.6,6
2021,Frogs.Pond,FP,Castilleja.linariifolia,15,1,10
2021,Frogs.Pond,FP,Castilleja.linariifolia,16,0.30000000000000004,3
2021,Frogs.Pond,FP,Castilleja.linariifolia,17,0.2,2
2021,Frogs.Pond,FP,Cirsium.parryi,12,0.9,9
2021,Frogs.Pond,FP,Cirsium.parryi,13,0.4,4
2021,Frogs.Pond,FP,Cirsium.parryi,14,1.5,15
2021,Frogs.Pond,FP,Cirsium.parryi,15,0.30000000000000004,3
2021,Frogs.Pond,FP,Cirsium.parryi,16,0.4,4
2021,Frogs.Pond,FP,Cirsium.parryi,19,0.1,1
2021,Frogs.Pond,FP,Claytonia.lanceolata,4,0.1,1
2021,Frogs.Pond,FP,Collomia.linearis,9,0.6,6
2021,Frogs.Pond,FP,Collomia.linearis,10,36.3,363
2021,Frogs.Pond,FP,Collomia.linearis,11,82.4,824
2021,Frogs.Pond,FP,Collomia.linearis,12,77.2,772
2021,Frogs.Pond,FP,Collomia.linearis,13,17.7,177
2021,Frogs.Pond,FP,Collomia.linearis,14,27.099999999999998,271
2021,Frogs.Pond,FP,Collomia.linearis,15,8.5,85
2021,Frogs.Pond,FP,Collomia.linearis,16,10,100
2021,Frogs.Pond,FP,Collomia.linearis,17,1.5,15
2021,Frogs.Pond,FP,Collomia.linearis,18,0.4,4
2021,Frogs.Pond,FP,Collomia.linearis,20,0.2,2
2021,Frogs.Pond,FP,Delphinium.barbeyi,10,5.7,57
2021,Frogs.Pond,FP,Delphinium.barbeyi,11,18.8,188
2021,Frogs.Pond,FP,Delphinium.barbeyi,12,67.1,671
2021,Frogs.Pond,FP,Delphinium.barbeyi,13,50,500
2021,Frogs.Pond,FP,Delphinium.barbeyi,14,9.5,95
2021,Frogs.Pond,FP,Delphinium.barbeyi,15,2.5,25
2021,Frogs.Pond,FP,Delphinium.barbeyi,16,1.2,12
2021,Frogs.Pond,FP,Delphinium.barbeyi,17,0.1,1
2021,Frogs.Pond,FP,Delphinium.barbeyi,18,0.5,5
2021,Frogs.Pond,FP,Delphinium.nuttallianum,6,0.4,4
2021,Frogs.Pond,FP,Delphinium.nuttallianum,7,2.3,23
2021,Frogs.Pond,FP,Delphinium.nuttallianum,8,0.8,8
2021,Frogs.Pond,FP,Eremogone.congesta,8,0.3,3
2021,Frogs.Pond,FP,Ericameria.parryi,14,0.3,3
2021,Frogs.Pond,FP,Ericameria.parryi,16,2.8,28
2021,Frogs.Pond,FP,Ericameria.parryi,17,8,80
2021,Frogs.Pond,FP,Ericameria.parryi,18,5.7,57
2021,Frogs.Pond,FP,Ericameria.parryi,19,2.2,22
2021,Frogs.Pond,FP,Ericameria.parryi,20,5.4,54
2021,Frogs.Pond,FP,Ericameria.parryi,21,0.9,9
2021,Frogs.Pond,FP,Ericameria.parryi,22,0.3,3
2021,Frogs.Pond,FP,Erigeron.elatior,12,0.8,8
2021,Frogs.Pond,FP,Erigeron.elatior,13,5.5,55
2021,Frogs.Pond,FP,Erigeron.elatior,15,0.6,6
2021,Frogs.Pond,FP,Erigeron.speciosus,10,3.9,39
2021,Frogs.Pond,FP,Erigeron.speciosus,11,67.7,677
2021,Frogs.Pond,FP,Erigeron.speciosus,12,191,1910
2021,Frogs.Pond,FP,Erigeron.speciosus,13,184,1840
2021,Frogs.Pond,FP,Erigeron.speciosus,14,117.2,1172
2021,Frogs.Pond,FP,Erigeron.speciosus,15,83.2,832
2021,Frogs.Pond,FP,Erigeron.speciosus,16,1,10
2021,Frogs.Pond,FP,Erigeron.speciosus,17,0.3,3
2021,Frogs.Pond,FP,Eriogonum.subalpinum,8,0.3,3
2021,Frogs.Pond,FP,Eriogonum.subalpinum,9,1,10
2021,Frogs.Pond,FP,Eriogonum.subalpinum,10,0.8,8
2021,Frogs.Pond,FP,Eriogonum.subalpinum,11,0.6,6
2021,Frogs.Pond,FP,Eriogonum.umbellatum,8,0.3,3
2021,Frogs.Pond,FP,Eriogonum.umbellatum,9,2.3,23
2021,Frogs.Pond,FP,Eriogonum.umbellatum,10,1.7000000000000002,17
2021,Frogs.Pond,FP,Eriogonum.umbellatum,11,1.2,12
2021,Frogs.Pond,FP,Erysimum.capitatum,8,0.2,2
2021,Frogs.Pond,FP,Erythrocoma.triflora,6,0.5,5
2021,Frogs.Pond,FP,Erythrocoma.triflora,7,0.4,4
2021,Frogs.Pond,FP,Erythrocoma.triflora,8,1.4,14
2021,Frogs.Pond,FP,Erythrocoma.triflora,13,0.3,3
2021,Frogs.Pond,FP,Fragaria.virginiana,5,0.2,2
2021,Frogs.Pond,FP,Fragaria.virginiana,6,0.2,2
2021,Frogs.Pond,FP,Fragaria.virginiana,7,0.1,1
2021,Frogs.Pond,FP,Gentiana.parryi,16,2.8,28
2021,Frogs.Pond,FP,Gentiana.parryi,17,1,10
2021,Frogs.Pond,FP,Gentiana.parryi,18,0.9,9
2021,Frogs.Pond,FP,Geranium.richardsonii,8,0.1,1
2021,Frogs.Pond,FP,Geranium.richardsonii,9,0.1,1
2021,Frogs.Pond,FP,Geranium.richardsonii,10,0.4,4
2021,Frogs.Pond,FP,Geranium.richardsonii,11,0.2,2
2021,Frogs.Pond,FP,Geranium.richardsonii,12,0.1,1
2021,Frogs.Pond,FP,Geranium.richardsonii,13,0.1,1
2021,Frogs.Pond,FP,Helianthella.quinquenervis,9,0.1,1
2021,Frogs.Pond,FP,Helianthella.quinquenervis,10,1.5,15
2021,Frogs.Pond,FP,Helianthella.quinquenervis,11,6.7,67
2021,Frogs.Pond,FP,Helianthella.quinquenervis,12,11.8,118
2021,Frogs.Pond,FP,Helianthella.quinquenervis,13,7.3,73
2021,Frogs.Pond,FP,Helianthella.quinquenervis,14,0.2,2
2021,Frogs.Pond,FP,Helianthella.quinquenervis,15,0.2,2
2021,Frogs.Pond,FP,Helianthella.quinquenervis,16,0.1,1
2021,Frogs.Pond,FP,Heliomeris.multiflora,11,0.1,1
2021,Frogs.Pond,FP,Heliomeris.multiflora,12,3.1,31
2021,Frogs.Pond,FP,Heliomeris.multiflora,13,25,250
2021,Frogs.Pond,FP,Heliomeris.multiflora,14,72.5,725
2021,Frogs.Pond,FP,Heliomeris.multiflora,15,108.3,1083
2021,Frogs.Pond,FP,Heliomeris.multiflora,16,115,1150
2021,Frogs.Pond,FP,Heliomeris.multiflora,17,119,1190
2021,Frogs.Pond,FP,Heliomeris.multiflora,18,141.2,1412
2021,Frogs.Pond,FP,Heliomeris.multiflora,19,6.5,65
2021,Frogs.Pond,FP,Heliomeris.multiflora,20,3.4,34
2021,Frogs.Pond,FP,Heracleum.sphondylium,9,0.1,1
2021,Frogs.Pond,FP,Heracleum.sphondylium,10,0.2,2
2021,Frogs.Pond,FP,Heracleum.sphondylium,11,1.8,18
2021,Frogs.Pond,FP,Heracleum.sphondylium,12,2,20
2021,Frogs.Pond,FP,Heracleum.sphondylium,13,3.6999999999999997,37
2021,Frogs.Pond,FP,Heracleum.sphondylium,14,0.2,2
2021,Frogs.Pond,FP,Heterotheca.villosa,10,1.3,13
2021,Frogs.Pond,FP,Heterotheca.villosa,11,8.5,85
2021,Frogs.Pond,FP,Heterotheca.villosa,12,18.799999999999997,188
2021,Frogs.Pond,FP,Heterotheca.villosa,13,16.6,166
2021,Frogs.Pond,FP,Heterotheca.villosa,14,10.6,106
2021,Frogs.Pond,FP,Heterotheca.villosa,15,5.300000000000001,53
2021,Frogs.Pond,FP,Heterotheca.villosa,16,1.9000000000000001,19
2021,Frogs.Pond,FP,Heterotheca.villosa,17,0.7,7
2021,Frogs.Pond,FP,Heterotheca.villosa,18,0.1,1
2021,Frogs.Pond,FP,Hydrophyllum.fendleri,7,0.30000000000000004,3
2021,Frogs.Pond,FP,Hydrophyllum.fendleri,8,9.6,96
2021,Frogs.Pond,FP,Hydrophyllum.fendleri,9,9,90
2021,Frogs.Pond,FP,Hydrophyllum.fendleri,10,5.2,52
2021,Frogs.Pond,FP,Ipomopsis.aggregata,8,1.4000000000000001,14
2021,Frogs.Pond,FP,Ipomopsis.aggregata,9,4.3999999999999995,44
2021,Frogs.Pond,FP,Ipomopsis.aggregata,10,1.8,18
2021,Frogs.Pond,FP,Ipomopsis.aggregata,11,3,30
2021,Frogs.Pond,FP,Ipomopsis.aggregata,12,7.3,73
2021,Frogs.Pond,FP,Ipomopsis.aggregata,13,5,50
2021,Frogs.Pond,FP,Ipomopsis.aggregata,14,5.3,53
2021,Frogs.Pond,FP,Ipomopsis.aggregata,15,6.1,61
2021,Frogs.Pond,FP,Ipomopsis.aggregata,16,5.6,56
2021,Frogs.Pond,FP,Ipomopsis.aggregata,17,4.1,41
2021,Frogs.Pond,FP,Ipomopsis.aggregata,18,3.8000000000000003,38
2021,Frogs.Pond,FP,Ipomopsis.aggregata,19,2,20
2021,Frogs.Pond,FP,Ipomopsis.aggregata,20,4.7,47
2021,Frogs.Pond,FP,Ipomopsis.aggregata,21,0.8999999999999999,9
2021,Frogs.Pond,FP,Lathyrus.leucanthus,6,1.7,17
2021,Frogs.Pond,FP,Lathyrus.leucanthus,7,47.4,474
2021,Frogs.Pond,FP,Lathyrus.leucanthus,8,163,1630
2021,Frogs.Pond,FP,Lathyrus.leucanthus,9,78.1,781
2021,Frogs.Pond,FP,Lathyrus.leucanthus,10,38.9,389
2021,Frogs.Pond,FP,Lathyrus.leucanthus,11,1,10
2021,Frogs.Pond,FP,Ligularia.bigelovii,13,0.8,8
2021,Frogs.Pond,FP,Ligularia.bigelovii,14,1.1,11
2021,Frogs.Pond,FP,Ligularia.bigelovii,15,1.2,12
2021,Frogs.Pond,FP,Ligusticum.porteri,9,0.2,2
2021,Frogs.Pond,FP,Ligusticum.porteri,10,3.1,31
2021,Frogs.Pond,FP,Ligusticum.porteri,11,8.2,82
2021,Frogs.Pond,FP,Ligusticum.porteri,12,1.8,18
2021,Frogs.Pond,FP,Ligusticum.porteri,13,0.2,2
2021,Frogs.Pond,FP,Lupinus.bakeri,6,0.1,1
2021,Frogs.Pond,FP,Lupinus.bakeri,7,42.5,425
2021,Frogs.Pond,FP,Lupinus.bakeri,8,174.4,1744
2021,Frogs.Pond,FP,Lupinus.bakeri,9,249.10000000000002,2491
2021,Frogs.Pond,FP,Lupinus.bakeri,10,133.8,1338
2021,Frogs.Pond,FP,Lupinus.bakeri,11,41,410
2021,Frogs.Pond,FP,Lupinus.bakeri,12,7.3999999999999995,74
2021,Frogs.Pond,FP,Lupinus.bakeri,13,2,20
2021,Frogs.Pond,FP,Mahonia.repens,3,0.1,1
2021,Frogs.Pond,FP,Mahonia.repens,4,1.8,18
2021,Frogs.Pond,FP,Mahonia.repens,5,4.3,43
2021,Frogs.Pond,FP,Mahonia.repens,6,3.1,31
2021,Frogs.Pond,FP,Mahonia.repens,7,0.9,9
2021,Frogs.Pond,FP,Mertensia.fusiformis,1,1,10
2021,Frogs.Pond,FP,Mertensia.fusiformis,2,18.8,188
2021,Frogs.Pond,FP,Mertensia.fusiformis,3,242.29999999999998,2423
2021,Frogs.Pond,FP,Mertensia.fusiformis,4,252.5,2525
2021,Frogs.Pond,FP,Mertensia.fusiformis,5,226.9,2269
2021,Frogs.Pond,FP,Mertensia.fusiformis,6,99.4,994
2021,Frogs.Pond,FP,Mertensia.fusiformis,7,2.3,23
2021,Frogs.Pond,FP,Pedicularis.procera,15,0.2,2
2021,Frogs.Pond,FP,Pentaphylloides.floribunda,8,0.4,4
2021,Frogs.Pond,FP,Pentaphylloides.floribunda,9,4.4,44
2021,Frogs.Pond,FP,Pentaphylloides.floribunda,10,3.8,38
2021,Frogs.Pond,FP,Pentaphylloides.floribunda,11,4.4,44
2021,Frogs.Pond,FP,Pentaphylloides.floribunda,12,7.8,78
2021,Frogs.Pond,FP,Pentaphylloides.floribunda,13,7.1,71
2021,Frogs.Pond,FP,Pentaphylloides.floribunda,14,3.5,35
2021,Frogs.Pond,FP,Pentaphylloides.floribunda,15,4.3,43
2021,Frogs.Pond,FP,Pentaphylloides.floribunda,16,3.4,34
2021,Frogs.Pond,FP,Pentaphylloides.floribunda,17,3.4000000000000004,34
2021,Frogs.Pond,FP,Pentaphylloides.floribunda,18,1.6,16
2021,Frogs.Pond,FP,Pentaphylloides.floribunda,19,0.1,1
2021,Frogs.Pond,FP,Potentilla.pulcherrima,8,10.299999999999999,103
2021,Frogs.Pond,FP,Potentilla.pulcherrima,9,7.5,75
2021,Frogs.Pond,FP,Potentilla.pulcherrima,10,29,290
2021,Frogs.Pond,FP,Potentilla.pulcherrima,11,33.3,333
2021,Frogs.Pond,FP,Potentilla.pulcherrima,12,21,210
2021,Frogs.Pond,FP,Potentilla.pulcherrima,13,12.1,121
2021,Frogs.Pond,FP,Potentilla.pulcherrima,14,2.7,27
2021,Frogs.Pond,FP,Potentilla.pulcherrima,15,0.4,4
2021,Frogs.Pond,FP,Potentilla.pulcherrima,16,0.3,3
2021,Frogs.Pond,FP,Potentilla.pulcherrima,18,0.1,1
2021,Frogs.Pond,FP,Pseudocymopterus.montanus,8,0.1,1
2021,Frogs.Pond,FP,Pseudocymopterus.montanus,9,0.4,4
2021,Frogs.Pond,FP,Pyrrocoma.crocea,12,0.5,5
2021,Frogs.Pond,FP,Pyrrocoma.crocea,13,1,10
2021,Frogs.Pond,FP,Pyrrocoma.crocea,14,1.3,13
2021,Frogs.Pond,FP,Pyrrocoma.crocea,15,0.4,4
2021,Frogs.Pond,FP,Pyrrocoma.crocea,17,0.1,1
2021,Frogs.Pond,FP,Pyrrocoma.crocea,18,0.1,1
2021,Frogs.Pond,FP,Ranunculus.inamoenus,7,0.3,3
2021,Frogs.Pond,FP,Senecio.integerrimus,7,3.6,36
2021,Frogs.Pond,FP,Senecio.integerrimus,8,16.6,166
2021,Frogs.Pond,FP,Senecio.integerrimus,9,0.7,7
2021,Frogs.Pond,FP,Senecio.integerrimus,10,0.5,5
2021,Frogs.Pond,FP,Senecio.serra,13,0.2,2
2021,Frogs.Pond,FP,Senecio.serra,14,2.4,24
2021,Frogs.Pond,FP,Senecio.serra,15,4.5,45
2021,Frogs.Pond,FP,Senecio.serra,16,0.8,8
2021,Frogs.Pond,FP,Solidago.multiradiata,12,8.4,84
2021,Frogs.Pond,FP,Solidago.multiradiata,13,20.099999999999998,201
2021,Frogs.Pond,FP,Solidago.multiradiata,14,8.6,86
2021,Frogs.Pond,FP,Solidago.multiradiata,15,6,60
2021,Frogs.Pond,FP,Solidago.multiradiata,16,0.3,3
2021,Frogs.Pond,FP,Taraxacum.officinale,4,0.2,2
2021,Frogs.Pond,FP,Taraxacum.officinale,5,2.4,24
2021,Frogs.Pond,FP,Taraxacum.officinale,6,5.3999999999999995,54
2021,Frogs.Pond,FP,Taraxacum.officinale,7,2.6,26
2021,Frogs.Pond,FP,Taraxacum.officinale,8,0.30000000000000004,3
2021,Frogs.Pond,FP,Taraxacum.officinale,12,0.1,1
2021,Frogs.Pond,FP,Valeriana.occidentalis,5,0.5,5
2021,Frogs.Pond,FP,Valeriana.occidentalis,6,1.2,12
2021,Frogs.Pond,FP,Valeriana.occidentalis,7,0.2,2
2021,Frogs.Pond,FP,Vicia.americana,8,5.8,58
2021,Frogs.Pond,FP,Vicia.americana,9,32.7,327
2021,Frogs.Pond,FP,Vicia.americana,10,12.4,124
2021,Frogs.Pond,FP,Vicia.americana,11,5.2,52
2021,Frogs.Pond,FP,Vicia.americana,12,1.1,11
2021,Frogs.Pond,FP,Vicia.americana,13,0.4,4
2021,Frogs.Pond,FP,Viola.praemorsa,4,0.5,5
2021,Frogs.Pond,FP,Viola.praemorsa,5,8.9,89
2021,Frogs.Pond,FP,Viola.praemorsa,6,5.6000000000000005,56
2021,Gothic.Spires,GS,Achillea.millefolium,10,0.30000000000000004,3
2021,Gothic.Spires,GS,Achillea.millefolium,11,0.9,9
2021,Gothic.Spires,GS,Achillea.millefolium,12,4.5,45
2021,Gothic.Spires,GS,Achillea.millefolium,13,5.2,52
2021,Gothic.Spires,GS,Achillea.millefolium,14,5.75,57.5
2021,Gothic.Spires,GS,Achillea.millefolium,15,5.5,55
2021,Gothic.Spires,GS,Achillea.millefolium,16,5.6,56
2021,Gothic.Spires,GS,Achillea.millefolium,17,5.5,55
2021,Gothic.Spires,GS,Achillea.millefolium,18,4.8,48
2021,Gothic.Spires,GS,Achillea.millefolium,19,2.8,28
2021,Gothic.Spires,GS,Achillea.millefolium,20,1.2,12
2021,Gothic.Spires,GS,Achillea.millefolium,21,0.4,4
2021,Gothic.Spires,GS,Aconitum.columbianum,9,0.1,1
2021,Gothic.Spires,GS,Aconitum.columbianum,10,1.1,11
2021,Gothic.Spires,GS,Aconitum.columbianum,11,5,50
2021,Gothic.Spires,GS,Aconitum.columbianum,12,17.2,172
2021,Gothic.Spires,GS,Aconitum.columbianum,13,11.1,111
2021,Gothic.Spires,GS,Aconitum.columbianum,14,7,70
2021,Gothic.Spires,GS,Aconitum.columbianum,15,1.4,14
2021,Gothic.Spires,GS,Adenolinum.lewisii,9,1.5,15
2021,Gothic.Spires,GS,Adenolinum.lewisii,10,0.9,9
2021,Gothic.Spires,GS,Adenolinum.lewisii,12,0.1,1
2021,Gothic.Spires,GS,Adenolinum.lewisii,14,0.1,1
2021,Gothic.Spires,GS,Agoseris.aurantiaca,13,0.1,1
2021,Gothic.Spires,GS,Agoseris.glauca,12,0.1,1
2021,Gothic.Spires,GS,Agoseris.glauca,15,0.1,1
2021,Gothic.Spires,GS,Amerosedum.lanceolatum,12,0.5,5
2021,Gothic.Spires,GS,Amerosedum.lanceolatum,13,0.5,5
2021,Gothic.Spires,GS,Aster.foliaceus,13,0.5,5
2021,Gothic.Spires,GS,Aster.foliaceus,14,9.3,93
2021,Gothic.Spires,GS,Aster.foliaceus,15,40.9,409
2021,Gothic.Spires,GS,Aster.foliaceus,16,34.2,342
2021,Gothic.Spires,GS,Aster.foliaceus,17,8.2,82
2021,Gothic.Spires,GS,Aster.foliaceus,18,14.399999999999999,144
2021,Gothic.Spires,GS,Aster.foliaceus,19,0.4,4
2021,Gothic.Spires,GS,Campanula.rotundifolia,17,0.2,2
2021,Gothic.Spires,GS,Campanula.rotundifolia,18,0.2,2
2021,Gothic.Spires,GS,Castilleja.sulphurea,8,0.1,1
2021,Gothic.Spires,GS,Castilleja.sulphurea,9,0.1,1
2021,Gothic.Spires,GS,Castilleja.sulphurea,10,0.1,1
2021,Gothic.Spires,GS,Castilleja.sulphurea,11,0.2,2
2021,Gothic.Spires,GS,Castilleja.sulphurea,12,0.4,4
2021,Gothic.Spires,GS,Castilleja.sulphurea,13,0.6,6
2021,Gothic.Spires,GS,Castilleja.sulphurea,14,1.1,11
2021,Gothic.Spires,GS,Castilleja.sulphurea,15,0.8,8
2021,Gothic.Spires,GS,Castilleja.sulphurea,16,0.8,8
2021,Gothic.Spires,GS,Castilleja.sulphurea,17,1,10
2021,Gothic.Spires,GS,Castilleja.sulphurea,18,1.1,11
2021,Gothic.Spires,GS,Castilleja.sulphurea,19,0.1,1
2021,Gothic.Spires,GS,Castilleja.sulphurea,20,0.1,1
2021,Gothic.Spires,GS,Castilleja.sulphurea,21,0.1,1
2021,Gothic.Spires,GS,Chamerion.danielsii,14,1.5,15
2021,Gothic.Spires,GS,Chamerion.danielsii,15,0.7,7
2021,Gothic.Spires,GS,Claytonia.lanceolata,2,1.6,16
2021,Gothic.Spires,GS,Claytonia.lanceolata,3,330,3300
2021,Gothic.Spires,GS,Claytonia.lanceolata,4,388.1,3881
2021,Gothic.Spires,GS,Claytonia.lanceolata,5,675.1999999999999,6752
2021,Gothic.Spires,GS,Claytonia.lanceolata,6,2.8,28
2021,Gothic.Spires,GS,Collomia.linearis,11,6.8,68
2021,Gothic.Spires,GS,Collomia.linearis,12,2.7,27
2021,Gothic.Spires,GS,Collomia.linearis,13,8.1,81
2021,Gothic.Spires,GS,Collomia.linearis,14,0.3,3
2021,Gothic.Spires,GS,Collomia.linearis,17,1.2000000000000002,12
2021,Gothic.Spires,GS,Collomia.linearis,18,0.8,8
2021,Gothic.Spires,GS,Collomia.linearis,19,0.1,1
2021,Gothic.Spires,GS,Collomia.linearis,20,0.2,2
2021,Gothic.Spires,GS,Corallorhiza.maculata,10,1.6,16
2021,Gothic.Spires,GS,Delphinium.barbeyi,11,5.5,55
2021,Gothic.Spires,GS,Delphinium.barbeyi,12,16,160
2021,Gothic.Spires,GS,Delphinium.barbeyi,13,18.9,189
2021,Gothic.Spires,GS,Delphinium.barbeyi,14,3.5,35
2021,Gothic.Spires,GS,Delphinium.nuttallianum,6,4.1,41
2021,Gothic.Spires,GS,Delphinium.nuttallianum,7,181.7,1817
2021,Gothic.Spires,GS,Delphinium.nuttallianum,8,15.4,154
2021,Gothic.Spires,GS,Delphinium.nuttallianum,9,0.7,7
2021,Gothic.Spires,GS,Distegia.involucrata,7,0.2,2
2021,Gothic.Spires,GS,Dodecatheon.pulchellum,8,18.9,189
2021,Gothic.Spires,GS,Dodecatheon.pulchellum,9,4.5,45
2021,Gothic.Spires,GS,Draba.aurea,6,0.30000000000000004,3
2021,Gothic.Spires,GS,Draba.aurea,7,2.1,21
2021,Gothic.Spires,GS,Draba.aurea,8,1.5999999999999999,16
2021,Gothic.Spires,GS,Draba.aurea,9,0.1,1
2021,Gothic.Spires,GS,Draba.aurea,10,0.1,1
2021,Gothic.Spires,GS,Dugaldia.hoopesii,10,0.3,3
2021,Gothic.Spires,GS,Eremogone.congesta,11,1.3,13
2021,Gothic.Spires,GS,Eremogone.congesta,12,6.9,69
2021,Gothic.Spires,GS,Eremogone.congesta,13,8.9,89
2021,Gothic.Spires,GS,Eremogone.congesta,14,5.3,53
2021,Gothic.Spires,GS,Eremogone.congesta,15,4.1,41
2021,Gothic.Spires,GS,Eremogone.congesta,16,3.1,31
2021,Gothic.Spires,GS,Eremogone.congesta,17,0.7,7
2021,Gothic.Spires,GS,Eremogone.congesta,18,0.8,8
2021,Gothic.Spires,GS,Eremogone.congesta,19,0.2,2
2021,Gothic.Spires,GS,Eremogone.congesta,20,0.2,2
2021,Gothic.Spires,GS,Erigeron.coulteri,11,0.1,1
2021,Gothic.Spires,GS,Erigeron.coulteri,12,1.4,14
2021,Gothic.Spires,GS,Erigeron.coulteri,13,0.3,3
2021,Gothic.Spires,GS,Erigeron.coulteri,14,0.2,2
2021,Gothic.Spires,GS,Erigeron.elatior,11,0.2,2
2021,Gothic.Spires,GS,Erigeron.elatior,12,1.3,13
2021,Gothic.Spires,GS,Erigeron.elatior,13,3.9,39
2021,Gothic.Spires,GS,Erigeron.elatior,14,2.9000000000000004,29
2021,Gothic.Spires,GS,Erigeron.elatior,15,3.4000000000000004,34
2021,Gothic.Spires,GS,Erigeron.flagellaris,12,0.1,1
2021,Gothic.Spires,GS,Erigeron.speciosus,11,5,50
2021,Gothic.Spires,GS,Erigeron.speciosus,12,36.4,364
2021,Gothic.Spires,GS,Erigeron.speciosus,13,46.1,461
2021,Gothic.Spires,GS,Erigeron.speciosus,14,48.8,488
2021,Gothic.Spires,GS,Erigeron.speciosus,15,38.7,387
2021,Gothic.Spires,GS,Erigeron.speciosus,16,2.1,21
2021,Gothic.Spires,GS,Erigeron.speciosus,17,0.3,3
2021,Gothic.Spires,GS,Erigeron.speciosus,18,0.4,4
2021,Gothic.Spires,GS,Erigeron.speciosus,19,0.30000000000000004,3
2021,Gothic.Spires,GS,Erigeron.speciosus,20,0.7,7
2021,Gothic.Spires,GS,Erigeron.speciosus,21,0.3,3
2021,Gothic.Spires,GS,Erythronium.grandiflorum,3,0.30000000000000004,3
2021,Gothic.Spires,GS,Erythronium.grandiflorum,4,4.3,43
2021,Gothic.Spires,GS,Erythronium.grandiflorum,5,24,240
2021,Gothic.Spires,GS,Erythronium.grandiflorum,6,1.6,16
2021,Gothic.Spires,GS,Fragaria.virginiana,6,3.4000000000000004,34
2021,Gothic.Spires,GS,Fragaria.virginiana,7,15.4,154
2021,Gothic.Spires,GS,Fragaria.virginiana,8,2.8000000000000003,28
2021,Gothic.Spires,GS,Fragaria.virginiana,9,1,10
2021,Gothic.Spires,GS,Geranium.richardsonii,8,0.1,1
2021,Gothic.Spires,GS,Geranium.richardsonii,9,0.9,9
2021,Gothic.Spires,GS,Geranium.richardsonii,10,2,20
2021,Gothic.Spires,GS,Geranium.richardsonii,11,1.4,14
2021,Gothic.Spires,GS,Geranium.richardsonii,12,3,30
2021,Gothic.Spires,GS,Geranium.richardsonii,13,0.7,7
2021,Gothic.Spires,GS,Geranium.richardsonii,14,0.30000000000000004,3
2021,Gothic.Spires,GS,Geranium.richardsonii,15,0.2,2
2021,Gothic.Spires,GS,Geranium.richardsonii,17,0.1,1
2021,Gothic.Spires,GS,Geum.aleppicum,10,0.4,4
2021,Gothic.Spires,GS,Geum.aleppicum,11,0.7,7
2021,Gothic.Spires,GS,Helianthella.quinquenervis,10,2.3,23
2021,Gothic.Spires,GS,Helianthella.quinquenervis,11,6.4,64
2021,Gothic.Spires,GS,Helianthella.quinquenervis,12,8.9,89
2021,Gothic.Spires,GS,Helianthella.quinquenervis,13,5.1000000000000005,51
2021,Gothic.Spires,GS,Helianthella.quinquenervis,14,0.6,6
2021,Gothic.Spires,GS,Helianthella.quinquenervis,15,0.1,1
2021,Gothic.Spires,GS,Heliomeris.multiflora,13,3,30
2021,Gothic.Spires,GS,Heliomeris.multiflora,14,13.4,134
2021,Gothic.Spires,GS,Heliomeris.multiflora,15,23.2,232
2021,Gothic.Spires,GS,Heliomeris.multiflora,16,27.299999999999997,273
2021,Gothic.Spires,GS,Heliomeris.multiflora,17,57.7,577
2021,Gothic.Spires,GS,Heliomeris.multiflora,18,76.5,765
2021,Gothic.Spires,GS,Heliomeris.multiflora,19,78.7,787
2021,Gothic.Spires,GS,Heliomeris.multiflora,20,34.9,349
2021,Gothic.Spires,GS,Heracleum.sphondylium,10,0.1,1
2021,Gothic.Spires,GS,Heracleum.sphondylium,12,0.4,4
2021,Gothic.Spires,GS,Heracleum.sphondylium,13,0.3,3
2021,Gothic.Spires,GS,Heterotheca.villosa,16,1.2,12
2021,Gothic.Spires,GS,Hydrophyllum.capitatum,6,18.6,186
2021,Gothic.Spires,GS,Hydrophyllum.capitatum,7,6.9,69
2021,Gothic.Spires,GS,Hydrophyllum.fendleri,8,3.9,39
2021,Gothic.Spires,GS,Hydrophyllum.fendleri,9,0.7,7
2021,Gothic.Spires,GS,Lathyrus.leucanthus,7,4.5,45
2021,Gothic.Spires,GS,Lathyrus.leucanthus,8,38.9,389
2021,Gothic.Spires,GS,Lathyrus.leucanthus,9,21.1,211
2021,Gothic.Spires,GS,Lathyrus.leucanthus,10,10.6,106
2021,Gothic.Spires,GS,Lathyrus.leucanthus,11,0.2,2
2021,Gothic.Spires,GS,Ligularia.bigelovii,12,0.3,3
2021,Gothic.Spires,GS,Ligularia.bigelovii,13,0.7,7
2021,Gothic.Spires,GS,Ligularia.bigelovii,15,0.9,9
2021,Gothic.Spires,GS,Ligusticum.porteri,9,5.6000000000000005,56
2021,Gothic.Spires,GS,Ligusticum.porteri,10,17.400000000000002,174
2021,Gothic.Spires,GS,Ligusticum.porteri,11,40.2,402
2021,Gothic.Spires,GS,Ligusticum.porteri,12,20.5,205
2021,Gothic.Spires,GS,Ligusticum.porteri,13,1.1,11
2021,Gothic.Spires,GS,Lomatium.dissectum,7,0.4,4
2021,Gothic.Spires,GS,Lomatium.dissectum,8,0.7,7
2021,Gothic.Spires,GS,Mertensia.ciliata,7,1.1,11
2021,Gothic.Spires,GS,Mertensia.ciliata,8,9,90
2021,Gothic.Spires,GS,Mertensia.ciliata,9,10.1,101
2021,Gothic.Spires,GS,Mertensia.ciliata,10,14.200000000000001,142
2021,Gothic.Spires,GS,Mertensia.ciliata,11,7.2,72
2021,Gothic.Spires,GS,Mertensia.ciliata,12,0.9,9
2021,Gothic.Spires,GS,Mertensia.fusiformis,4,1.6,16
2021,Gothic.Spires,GS,Mertensia.fusiformis,5,87.2,872
2021,Gothic.Spires,GS,Mertensia.fusiformis,6,50.8,508
2021,Gothic.Spires,GS,Mertensia.fusiformis,7,2.1,21
2021,Gothic.Spires,GS,Pentaphylloides.floribunda,9,2.1,21
2021,Gothic.Spires,GS,Pentaphylloides.floribunda,10,2.5,25
2021,Gothic.Spires,GS,Pentaphylloides.floribunda,11,2.6,26
2021,Gothic.Spires,GS,Pentaphylloides.floribunda,12,3.7,37
2021,Gothic.Spires,GS,Pentaphylloides.floribunda,13,3.7,37
2021,Gothic.Spires,GS,Pentaphylloides.floribunda,14,4.1,41
2021,Gothic.Spires,GS,Pentaphylloides.floribunda,15,2.7,27
2021,Gothic.Spires,GS,Pentaphylloides.floribunda,16,2.3,23
2021,Gothic.Spires,GS,Pentaphylloides.floribunda,17,1,10
2021,Gothic.Spires,GS,Pentaphylloides.floribunda,18,0.4,4
2021,Gothic.Spires,GS,Potentilla.pulcherrima,7,0.2,2
2021,Gothic.Spires,GS,Potentilla.pulcherrima,8,9.1,91
2021,Gothic.Spires,GS,Potentilla.pulcherrima,9,45.1,451
2021,Gothic.Spires,GS,Potentilla.pulcherrima,10,50.5,505
2021,Gothic.Spires,GS,Potentilla.pulcherrima,11,83.60000000000001,836
2021,Gothic.Spires,GS,Potentilla.pulcherrima,12,93.9,939
2021,Gothic.Spires,GS,Potentilla.pulcherrima,13,61,610
2021,Gothic.Spires,GS,Potentilla.pulcherrima,14,13.100000000000001,131
2021,Gothic.Spires,GS,Potentilla.pulcherrima,15,2.3,23
2021,Gothic.Spires,GS,Potentilla.pulcherrima,16,0.2,2
2021,Gothic.Spires,GS,Pseudocymopterus.montanus,7,1.3,13
2021,Gothic.Spires,GS,Pseudocymopterus.montanus,8,2,20
2021,Gothic.Spires,GS,Pseudocymopterus.montanus,9,1.5,15
2021,Gothic.Spires,GS,Pseudocymopterus.montanus,10,0.5,5
2021,Gothic.Spires,GS,Pseudocymopterus.montanus,11,0.7999999999999999,8
2021,Gothic.Spires,GS,Pseudocymopterus.montanus,12,0.1,1
2021,Gothic.Spires,GS,Ranunculus.inamoenus,3,0.1,1
2021,Gothic.Spires,GS,Ranunculus.inamoenus,5,0.4,4
2021,Gothic.Spires,GS,Ranunculus.inamoenus,6,0.6,6
2021,Gothic.Spires,GS,Salix.sp,4,0.4,4
2021,Gothic.Spires,GS,Salix.sp,5,5.6,56
2021,Gothic.Spires,GS,Senecio.crassulus,12,0.4,4
2021,Gothic.Spires,GS,Senecio.integerrimus,7,72.4,724
2021,Gothic.Spires,GS,Senecio.integerrimus,8,79.8,798
2021,Gothic.Spires,GS,Senecio.integerrimus,9,7,70
2021,Gothic.Spires,GS,Senecio.integerrimus,10,2,20
2021,Gothic.Spires,GS,Senecio.serra,14,0.8,8
2021,Gothic.Spires,GS,Senecio.serra,15,0.3,3
2021,Gothic.Spires,GS,Senecio.serra,16,1,10
2021,Gothic.Spires,GS,Solidago.multiradiata,11,5.3,53
2021,Gothic.Spires,GS,Solidago.multiradiata,12,70.5,705
2021,Gothic.Spires,GS,Solidago.multiradiata,13,57.699999999999996,577
2021,Gothic.Spires,GS,Solidago.multiradiata,14,52.699999999999996,527
2021,Gothic.Spires,GS,Solidago.multiradiata,15,23.2,232
2021,Gothic.Spires,GS,Solidago.multiradiata,16,2.9,29
2021,Gothic.Spires,GS,Solidago.multiradiata,17,0.8,8
2021,Gothic.Spires,GS,Taraxacum.officinale,5,0.2,2
2021,Gothic.Spires,GS,Taraxacum.officinale,6,56.6,566
2021,Gothic.Spires,GS,Taraxacum.officinale,7,304.6,3046
2021,Gothic.Spires,GS,Taraxacum.officinale,8,39.2,392
2021,Gothic.Spires,GS,Taraxacum.officinale,9,1.7999999999999998,18
2021,Gothic.Spires,GS,Taraxacum.officinale,10,0.2,2
2021,Gothic.Spires,GS,Taraxacum.officinale,12,0.2,2
2021,Gothic.Spires,GS,Taraxacum.officinale,13,0.2,2
2021,Gothic.Spires,GS,Taraxacum.officinale,16,0.2,2
2021,Gothic.Spires,GS,Taraxacum.officinale,17,0.2,2
2021,Gothic.Spires,GS,Taraxacum.officinale,18,0.4,4
2021,Gothic.Spires,GS,Taraxacum.officinale,19,0.2,2
2021,Gothic.Spires,GS,Trifolium.pratense,12,0.2,2
2021,Gothic.Spires,GS,Trifolium.pratense,13,0.3,3
2021,Gothic.Spires,GS,Trifolium.pratense,14,0.4,4
2021,Gothic.Spires,GS,Trifolium.pratense,15,0.3,3
2021,Gothic.Spires,GS,Trifolium.pratense,16,4,40
2021,Gothic.Spires,GS,Trifolium.pratense,19,0.2,2
2021,Gothic.Spires,GS,Trifolium.pratense,20,0.2,2
2021,Gothic.Spires,GS,Trifolium.repens,13,0.1,1
2021,Gothic.Spires,GS,Trifolium.repens,15,0.3,3
2021,Gothic.Spires,GS,Valeriana.occidentalis,6,1,10
2021,Gothic.Spires,GS,Valeriana.occidentalis,7,1.4000000000000001,14
2021,Gothic.Spires,GS,Valeriana.occidentalis,8,0.7999999999999999,8
2021,Gothic.Spires,GS,Vicia.americana,8,1.2,12
2021,Gothic.Spires,GS,Vicia.americana,9,11.5,115
2021,Gothic.Spires,GS,Vicia.americana,10,37.2,372
2021,Gothic.Spires,GS,Vicia.americana,11,36.4,364
2021,Gothic.Spires,GS,Vicia.americana,12,13.799999999999999,138
2021,Gothic.Spires,GS,Viola.adunca,6,0.30000000000000004,3
2021,Gothic.Spires,GS,Viola.adunca,7,2.6,26
2021,Gothic.Spires,GS,Viola.praemorsa,5,0.1,1
2021,Gothic.Spires,GS,Viola.praemorsa,6,57.7,577
2021,Gothic.Spires,GS,Viola.praemorsa,7,3.8,38
2021,Rosy.Hills,RH,Achillea.millefolium,9,0.1,1
2021,Rosy.Hills,RH,Achillea.millefolium,11,0.7,7
2021,Rosy.Hills,RH,Achillea.millefolium,12,0.7,7
2021,Rosy.Hills,RH,Achillea.millefolium,13,0.7,7
2021,Rosy.Hills,RH,Achillea.millefolium,14,0.5,5
2021,Rosy.Hills,RH,Achillea.millefolium,15,0.6000000000000001,6
2021,Rosy.Hills,RH,Achillea.millefolium,16,0.5,5
2021,Rosy.Hills,RH,Achillea.millefolium,17,0.6,6
2021,Rosy.Hills,RH,Achillea.millefolium,18,0.5,5
2021,Rosy.Hills,RH,Achillea.millefolium,19,0.2,2
2021,Rosy.Hills,RH,Achillea.millefolium,20,0.1,1
2021,Rosy.Hills,RH,Aconitum.columbianum,8,0.1,1
2021,Rosy.Hills,RH,Aconitum.columbianum,9,1.4,14
2021,Rosy.Hills,RH,Aconitum.columbianum,10,3.5,35
2021,Rosy.Hills,RH,Aconitum.columbianum,11,5.8,58
2021,Rosy.Hills,RH,Aconitum.columbianum,12,3.1,31
2021,Rosy.Hills,RH,Aconitum.columbianum,13,0.8,8
2021,Rosy.Hills,RH,Adenolinum.lewisii,9,0.2,2
2021,Rosy.Hills,RH,Adenolinum.lewisii,10,0.30000000000000004,3
2021,Rosy.Hills,RH,Agastache.urticifolia,11,1,10
2021,Rosy.Hills,RH,Agastache.urticifolia,12,2,20
2021,Rosy.Hills,RH,Agastache.urticifolia,13,2.8,28
2021,Rosy.Hills,RH,Agastache.urticifolia,14,1.7,17
2021,Rosy.Hills,RH,Agastache.urticifolia,15,2.6,26
2021,Rosy.Hills,RH,Agastache.urticifolia,16,0.8,8
2021,Rosy.Hills,RH,Agastache.urticifolia,17,0.1,1
2021,Rosy.Hills,RH,Agastache.urticifolia,18,0.1,1
2021,Rosy.Hills,RH,Agoseris.aurantiaca,12,0.3,3
2021,Rosy.Hills,RH,Agoseris.aurantiaca,13,0.1,1
2021,Rosy.Hills,RH,Agoseris.aurantiaca,14,0.1,1
2021,Rosy.Hills,RH,Agoseris.glauca,16,0.1,1
2021,Rosy.Hills,RH,Antennaria.rosea,9,2.5,25
2021,Rosy.Hills,RH,Aster.foliaceus,17,0.2,2
2021,Rosy.Hills,RH,Aster.foliaceus,18,0.2,2
2021,Rosy.Hills,RH,Aster.foliaceus,19,0.4,4
2021,Rosy.Hills,RH,Calochortus.gunnisonii,12,0.4,4
2021,Rosy.Hills,RH,Chrysothamnus.viscidiflorus,18,0.2,2
2021,Rosy.Hills,RH,Chrysothamnus.viscidiflorus,19,0.3,3
2021,Rosy.Hills,RH,Claytonia.lanceolata,2,1.7,17
2021,Rosy.Hills,RH,Claytonia.lanceolata,3,62.900000000000006,629
2021,Rosy.Hills,RH,Claytonia.lanceolata,4,66.6,666
2021,Rosy.Hills,RH,Claytonia.lanceolata,5,94.30000000000001,943
2021,Rosy.Hills,RH,Claytonia.lanceolata,6,6.9,69
2021,Rosy.Hills,RH,Collomia.linearis,11,28.8,288
2021,Rosy.Hills,RH,Collomia.linearis,12,35.3,353
2021,Rosy.Hills,RH,Collomia.linearis,13,9.6,96
2021,Rosy.Hills,RH,Collomia.linearis,15,1.3,13
2021,Rosy.Hills,RH,Collomia.linearis,16,1.4,14
2021,Rosy.Hills,RH,Delphinium.barbeyi,11,17.2,172
2021,Rosy.Hills,RH,Delphinium.barbeyi,12,48.1,481
2021,Rosy.Hills,RH,Delphinium.barbeyi,13,18.599999999999998,186
2021,Rosy.Hills,RH,Delphinium.barbeyi,14,0.3,3
2021,Rosy.Hills,RH,Delphinium.nuttallianum,6,4.5,45
2021,Rosy.Hills,RH,Delphinium.nuttallianum,7,40.1,401
2021,Rosy.Hills,RH,Delphinium.nuttallianum,8,4.9,49
2021,Rosy.Hills,RH,Dugaldia.hoopesii,10,0.2,2
2021,Rosy.Hills,RH,Dugaldia.hoopesii,11,0.9,9
2021,Rosy.Hills,RH,Dugaldia.hoopesii,12,1.2,12
2021,Rosy.Hills,RH,Dugaldia.hoopesii,13,1.1,11
2021,Rosy.Hills,RH,Eremogone.congesta,8,1.5,15
2021,Rosy.Hills,RH,Eremogone.congesta,9,55.1,551
2021,Rosy.Hills,RH,Eremogone.congesta,10,149.9,1499
2021,Rosy.Hills,RH,Eremogone.congesta,11,146.5,1465
2021,Rosy.Hills,RH,Eremogone.congesta,12,72.7,727
2021,Rosy.Hills,RH,Eremogone.congesta,13,16.4,164
2021,Rosy.Hills,RH,Eremogone.congesta,14,1.2,12
2021,Rosy.Hills,RH,Eremogone.congesta,15,4.6,46
2021,Rosy.Hills,RH,Eremogone.congesta,16,1.4000000000000001,14
2021,Rosy.Hills,RH,Eremogone.congesta,17,0.5,5
2021,Rosy.Hills,RH,Eremogone.congesta,18,0.3,3
2021,Rosy.Hills,RH,Ericameria.parryi,14,2.5,25
2021,Rosy.Hills,RH,Ericameria.parryi,15,12.8,128
2021,Rosy.Hills,RH,Ericameria.parryi,16,11.9,119
2021,Rosy.Hills,RH,Ericameria.parryi,17,44.6,446
2021,Rosy.Hills,RH,Ericameria.parryi,18,39.8,398
2021,Rosy.Hills,RH,Ericameria.parryi,19,4.1,41
2021,Rosy.Hills,RH,Ericameria.parryi,20,4.300000000000001,43
2021,Rosy.Hills,RH,Ericameria.parryi,21,1.1,11
2021,Rosy.Hills,RH,Erigeron.elatior,11,0.4,4
2021,Rosy.Hills,RH,Erigeron.elatior,12,3.4,34
2021,Rosy.Hills,RH,Erigeron.elatior,13,3.8,38
2021,Rosy.Hills,RH,Erigeron.elatior,14,3.8,38
2021,Rosy.Hills,RH,Erigeron.elatior,15,3.7,37
2021,Rosy.Hills,RH,Erigeron.speciosus,10,0.1,1
2021,Rosy.Hills,RH,Erigeron.speciosus,11,13.2,132
2021,Rosy.Hills,RH,Erigeron.speciosus,12,98,980
2021,Rosy.Hills,RH,Erigeron.speciosus,13,88.60000000000001,886
2021,Rosy.Hills,RH,Erigeron.speciosus,14,77.6,776
2021,Rosy.Hills,RH,Erigeron.speciosus,15,49.1,491
2021,Rosy.Hills,RH,Erigeron.speciosus,16,4.3,43
2021,Rosy.Hills,RH,Erigeron.speciosus,17,0.30000000000000004,3
2021,Rosy.Hills,RH,Erigeron.speciosus,18,0.1,1
2021,Rosy.Hills,RH,Eriogonum.subalpinum,8,2,20
2021,Rosy.Hills,RH,Eriogonum.subalpinum,9,7.699999999999999,77
2021,Rosy.Hills,RH,Eriogonum.subalpinum,10,9.9,99
2021,Rosy.Hills,RH,Eriogonum.subalpinum,11,7.9,79
2021,Rosy.Hills,RH,Eriogonum.subalpinum,12,2.7,27
2021,Rosy.Hills,RH,Eriogonum.subalpinum,13,0.8,8
2021,Rosy.Hills,RH,Eriogonum.umbellatum,8,4.8,48
2021,Rosy.Hills,RH,Eriogonum.umbellatum,9,21.7,217
2021,Rosy.Hills,RH,Eriogonum.umbellatum,10,36.3,363
2021,Rosy.Hills,RH,Eriogonum.umbellatum,11,34.6,346
2021,Rosy.Hills,RH,Eriogonum.umbellatum,12,13.4,134
2021,Rosy.Hills,RH,Eriogonum.umbellatum,13,7.2,72
2021,Rosy.Hills,RH,Erythrocoma.triflora,7,0.2,2
2021,Rosy.Hills,RH,Erythrocoma.triflora,8,0.1,1
2021,Rosy.Hills,RH,Erythrocoma.triflora,9,0.3,3
2021,Rosy.Hills,RH,Erythrocoma.triflora,11,0.1,1
2021,Rosy.Hills,RH,Eucephalus.engelmannii,12,0.4,4
2021,Rosy.Hills,RH,Eucephalus.engelmannii,13,5.4,54
2021,Rosy.Hills,RH,Eucephalus.engelmannii,14,8.2,82
2021,Rosy.Hills,RH,Eucephalus.engelmannii,15,9.5,95
2021,Rosy.Hills,RH,Eucephalus.engelmannii,16,1.5999999999999999,16
2021,Rosy.Hills,RH,Eucephalus.engelmannii,17,0.7,7
2021,Rosy.Hills,RH,Geranium.richardsonii,10,0.2,2
2021,Rosy.Hills,RH,Geranium.richardsonii,11,0.1,1
2021,Rosy.Hills,RH,Geranium.richardsonii,12,0.2,2
2021,Rosy.Hills,RH,Helianthella.quinquenervis,10,2.3000000000000003,23
2021,Rosy.Hills,RH,Helianthella.quinquenervis,11,29.3,293
2021,Rosy.Hills,RH,Helianthella.quinquenervis,12,64.89999999999999,649
2021,Rosy.Hills,RH,Helianthella.quinquenervis,13,24,240
2021,Rosy.Hills,RH,Helianthella.quinquenervis,14,2.2,22
2021,Rosy.Hills,RH,Helianthella.quinquenervis,15,0.4,4
2021,Rosy.Hills,RH,Heliomeris.multiflora,13,0.1,1
2021,Rosy.Hills,RH,Heliomeris.multiflora,14,0.9,9
2021,Rosy.Hills,RH,Heliomeris.multiflora,15,2.3,23
2021,Rosy.Hills,RH,Heliomeris.multiflora,16,0.9,9
2021,Rosy.Hills,RH,Heliomeris.multiflora,17,3.9,39
2021,Rosy.Hills,RH,Heliomeris.multiflora,18,2.2,22
2021,Rosy.Hills,RH,Heliomeris.multiflora,19,1.2000000000000002,12
2021,Rosy.Hills,RH,Heliomeris.multiflora,20,1,10
2021,Rosy.Hills,RH,Heracleum.sphondylium,11,0.5,5
2021,Rosy.Hills,RH,Heracleum.sphondylium,12,1.1,11
2021,Rosy.Hills,RH,Heracleum.sphondylium,13,0.6000000000000001,6
2021,Rosy.Hills,RH,Heuchera.parvifolia,8,0.4,4
2021,Rosy.Hills,RH,Heuchera.parvifolia,9,0.4,4
2021,Rosy.Hills,RH,Hydrophyllum.fendleri,7,0.9,9
2021,Rosy.Hills,RH,Hydrophyllum.fendleri,8,5.9,59
2021,Rosy.Hills,RH,Hydrophyllum.fendleri,9,3.4000000000000004,34
2021,Rosy.Hills,RH,Lathyrus.leucanthus,7,0.6000000000000001,6
2021,Rosy.Hills,RH,Lathyrus.leucanthus,8,14.6,146
2021,Rosy.Hills,RH,Lathyrus.leucanthus,9,12.1,121
2021,Rosy.Hills,RH,Lathyrus.leucanthus,10,1.2,12
2021,Rosy.Hills,RH,Lathyrus.leucanthus,11,0.2,2
2021,Rosy.Hills,RH,Ligusticum.porteri,9,7.7,77
2021,Rosy.Hills,RH,Ligusticum.porteri,10,27.4,274
2021,Rosy.Hills,RH,Ligusticum.porteri,11,50.4,504
2021,Rosy.Hills,RH,Ligusticum.porteri,12,8.6,86
2021,Rosy.Hills,RH,Lupinus.bakeri,7,0.3,3
2021,Rosy.Hills,RH,Lupinus.bakeri,8,71.8,718
2021,Rosy.Hills,RH,Lupinus.bakeri,9,56,560
2021,Rosy.Hills,RH,Lupinus.bakeri,10,62.9,629
2021,Rosy.Hills,RH,Lupinus.bakeri,11,3.9000000000000004,39
2021,Rosy.Hills,RH,Mahonia.repens,6,0.7,7
2021,Rosy.Hills,RH,Mahonia.repens,7,0.8,8
2021,Rosy.Hills,RH,Mertensia.fusiformis,3,7.3999999999999995,74
2021,Rosy.Hills,RH,Mertensia.fusiformis,4,32.8,328
2021,Rosy.Hills,RH,Mertensia.fusiformis,5,112.2,1122
2021,Rosy.Hills,RH,Mertensia.fusiformis,6,44.4,444
2021,Rosy.Hills,RH,Mertensia.fusiformis,7,0.7,7
2021,Rosy.Hills,RH,Mertensia.fusiformis,8,0.5,5
2021,Rosy.Hills,RH,Moehringia.macrophylla,9,2.2,22
2021,Rosy.Hills,RH,Pentaphylloides.floribunda,9,0.9,9
2021,Rosy.Hills,RH,Pentaphylloides.floribunda,10,1.3,13
2021,Rosy.Hills,RH,Pentaphylloides.floribunda,11,1.8,18
2021,Rosy.Hills,RH,Pentaphylloides.floribunda,12,1.5,15
2021,Rosy.Hills,RH,Pentaphylloides.floribunda,13,5.3,53
2021,Rosy.Hills,RH,Pentaphylloides.floribunda,14,2.3,23
2021,Rosy.Hills,RH,Pentaphylloides.floribunda,15,0.8,8
2021,Rosy.Hills,RH,Pentaphylloides.floribunda,16,0.2,2
2021,Rosy.Hills,RH,Potentilla.pulcherrima,8,0.30000000000000004,3
2021,Rosy.Hills,RH,Potentilla.pulcherrima,9,2.6,26
2021,Rosy.Hills,RH,Potentilla.pulcherrima,10,3,30
2021,Rosy.Hills,RH,Potentilla.pulcherrima,11,15.700000000000001,157
2021,Rosy.Hills,RH,Potentilla.pulcherrima,12,11.1,111
2021,Rosy.Hills,RH,Potentilla.pulcherrima,13,1.6,16
2021,Rosy.Hills,RH,Potentilla.pulcherrima,14,0.30000000000000004,3
2021,Rosy.Hills,RH,Pseudocymopterus.montanus,6,0.1,1
2021,Rosy.Hills,RH,Pseudocymopterus.montanus,7,0.2,2
2021,Rosy.Hills,RH,Pseudocymopterus.montanus,8,0.5,5
2021,Rosy.Hills,RH,Pseudocymopterus.montanus,9,0.3,3
2021,Rosy.Hills,RH,Pyrrocoma.crocea,11,0.7,7
2021,Rosy.Hills,RH,Pyrrocoma.crocea,12,1.7999999999999998,18
2021,Rosy.Hills,RH,Pyrrocoma.crocea,13,3.2,32
2021,Rosy.Hills,RH,Pyrrocoma.crocea,14,1.1,11
2021,Rosy.Hills,RH,Pyrrocoma.crocea,15,0.6,6
2021,Rosy.Hills,RH,Rosa.woodsii,10,0.2,2
2021,Rosy.Hills,RH,Rosa.woodsii,11,0.1,1
2021,Rosy.Hills,RH,Senecio.integerrimus,6,1.4,14
2021,Rosy.Hills,RH,Senecio.integerrimus,7,13.6,136
2021,Rosy.Hills,RH,Senecio.integerrimus,8,15,150
2021,Rosy.Hills,RH,Senecio.integerrimus,9,1.2,12
2021,Rosy.Hills,RH,Symphoricarpos.rotundifolius,9,59.900000000000006,599
2021,Rosy.Hills,RH,Symphoricarpos.rotundifolius,10,26,260
2021,Rosy.Hills,RH,Symphoricarpos.rotundifolius,11,6.3999999999999995,64
2021,Rosy.Hills,RH,Taraxacum.officinale,6,0.1,1
2021,Rosy.Hills,RH,Taraxacum.officinale,7,0.30000000000000004,3
2021,Rosy.Hills,RH,Taraxacum.officinale,8,0.1,1
2021,Rosy.Hills,RH,Valeriana.occidentalis,5,0.2,2
2021,Rosy.Hills,RH,Valeriana.occidentalis,6,2.3000000000000003,23
2021,Rosy.Hills,RH,Valeriana.occidentalis,7,1.3,13
2021,Rosy.Hills,RH,Valeriana.occidentalis,8,1.4000000000000001,14
2021,Rosy.Hills,RH,Valeriana.occidentalis,9,0.6000000000000001,6
2021,Rosy.Hills,RH,Vicia.americana,8,0.3,3
2021,Rosy.Hills,RH,Vicia.americana,9,5.9,59
2021,Rosy.Hills,RH,Vicia.americana,10,15,150
2021,Rosy.Hills,RH,Vicia.americana,11,10.4,104
2021,Rosy.Hills,RH,Vicia.americana,12,6.7,67
2021,Rosy.Hills,RH,Vicia.americana,13,1.2999999999999998,13
2021,Rosy.Hills,RH,Viola.adunca,7,0.1,1
2021,Rosy.Hills,RH,Viola.praemorsa,5,0.4,4
2021,Rosy.Hills,RH,Viola.praemorsa,6,3,30
2021,Rosy.Hills,RH,Wyethia.arizonica,8,0.2,2
2021,Rosy.Hills,RH,Wyethia.arizonica,9,1.3,13
2021,Rosy.Hills,RH,Wyethia.arizonica,10,4.1,41
2021,Rosy.Hills,RH,Wyethia.arizonica,11,2.1,21
2021,Rosy.Hills,RH,Wyethia.arizonica,12,1.5,15
2021,Rosy.Hills,RH,Wyethia.arizonica,13,1.1,11
2021,Stormy.Pass,SP,Achillea.millefolium,10,0.30000000000000004,3
2021,Stormy.Pass,SP,Achillea.millefolium,11,2.6,26
2021,Stormy.Pass,SP,Achillea.millefolium,12,5.8,58
2021,Stormy.Pass,SP,Achillea.millefolium,13,5,50
2021,Stormy.Pass,SP,Achillea.millefolium,14,6.7,67
2021,Stormy.Pass,SP,Achillea.millefolium,15,6,60
2021,Stormy.Pass,SP,Achillea.millefolium,16,8.8,88
2021,Stormy.Pass,SP,Achillea.millefolium,17,4.5,45
2021,Stormy.Pass,SP,Achillea.millefolium,18,4,40
2021,Stormy.Pass,SP,Achillea.millefolium,19,2.1,21
2021,Stormy.Pass,SP,Achillea.millefolium,20,1.5,15
2021,Stormy.Pass,SP,Achillea.millefolium,21,0.6000000000000001,6
2021,Stormy.Pass,SP,Adenolinum.lewisii,8,0.4,4
2021,Stormy.Pass,SP,Adenolinum.lewisii,9,0.8,8
2021,Stormy.Pass,SP,Adenolinum.lewisii,10,0.9,9
2021,Stormy.Pass,SP,Adenolinum.lewisii,11,1.2,12
2021,Stormy.Pass,SP,Adenolinum.lewisii,12,1.1,11
2021,Stormy.Pass,SP,Adenolinum.lewisii,13,0.2,2
2021,Stormy.Pass,SP,Agoseris.aurantiaca,8,0.2,2
2021,Stormy.Pass,SP,Agoseris.aurantiaca,11,0.1,1
2021,Stormy.Pass,SP,Agoseris.aurantiaca,12,0.2,2
2021,Stormy.Pass,SP,Agoseris.aurantiaca,14,0.3,3
2021,Stormy.Pass,SP,Agoseris.aurantiaca,16,0.30000000000000004,3
2021,Stormy.Pass,SP,Agoseris.glauca,12,0.1,1
2021,Stormy.Pass,SP,Agoseris.glauca,13,0.5,5
2021,Stormy.Pass,SP,Agoseris.glauca,14,0.1,1
2021,Stormy.Pass,SP,Cirsium.parryi,13,0.1,1
2021,Stormy.Pass,SP,Cirsium.parryi,14,1.1,11
2021,Stormy.Pass,SP,Cirsium.parryi,15,0.3,3
2021,Stormy.Pass,SP,Cirsium.parryi,16,1.4,14
2021,Stormy.Pass,SP,Claytonia.lanceolata,3,0.1,1
2021,Stormy.Pass,SP,Claytonia.lanceolata,4,3.3,33
2021,Stormy.Pass,SP,Claytonia.lanceolata,5,15,150
2021,Stormy.Pass,SP,Claytonia.lanceolata,6,0.6,6
2021,Stormy.Pass,SP,Collomia.linearis,10,8.2,82
2021,Stormy.Pass,SP,Collomia.linearis,11,173.8,1738
2021,Stormy.Pass,SP,Collomia.linearis,12,71.4,714
2021,Stormy.Pass,SP,Collomia.linearis,13,57.3,573
2021,Stormy.Pass,SP,Collomia.linearis,14,18.7,187
2021,Stormy.Pass,SP,Collomia.linearis,15,12.9,129
2021,Stormy.Pass,SP,Collomia.linearis,16,23.4,234
2021,Stormy.Pass,SP,Collomia.linearis,17,3.7,37
2021,Stormy.Pass,SP,Collomia.linearis,18,2.6,26
2021,Stormy.Pass,SP,Collomia.linearis,19,1.1,11
2021,Stormy.Pass,SP,Collomia.linearis,20,0.7,7
2021,Stormy.Pass,SP,Collomia.linearis,21,0.7,7
2021,Stormy.Pass,SP,Delphinium.barbeyi,10,0.9,9
2021,Stormy.Pass,SP,Delphinium.barbeyi,11,29.2,292
2021,Stormy.Pass,SP,Delphinium.barbeyi,12,79.4,794
2021,Stormy.Pass,SP,Delphinium.barbeyi,13,89.3,893
2021,Stormy.Pass,SP,Delphinium.barbeyi,14,60.9,609
2021,Stormy.Pass,SP,Delphinium.barbeyi,15,7.3999999999999995,74
2021,Stormy.Pass,SP,Delphinium.barbeyi,16,10.5,105
2021,Stormy.Pass,SP,Delphinium.barbeyi,17,2.6,26
2021,Stormy.Pass,SP,Delphinium.barbeyi,18,0.9,9
2021,Stormy.Pass,SP,Delphinium.nuttallianum,6,1.2,12
2021,Stormy.Pass,SP,Delphinium.nuttallianum,7,44.8,448
2021,Stormy.Pass,SP,Delphinium.nuttallianum,8,28.4,284
2021,Stormy.Pass,SP,Delphinium.nuttallianum,9,0.5,5
2021,Stormy.Pass,SP,Dugaldia.hoopesii,9,0.30000000000000004,3
2021,Stormy.Pass,SP,Dugaldia.hoopesii,10,2.2,22
2021,Stormy.Pass,SP,Dugaldia.hoopesii,11,2.2,22
2021,Stormy.Pass,SP,Dugaldia.hoopesii,12,2.8000000000000003,28
2021,Stormy.Pass,SP,Dugaldia.hoopesii,13,3,30
2021,Stormy.Pass,SP,Dugaldia.hoopesii,14,2.5,25
2021,Stormy.Pass,SP,Dugaldia.hoopesii,15,0.7,7
2021,Stormy.Pass,SP,Dugaldia.hoopesii,16,0.1,1
2021,Stormy.Pass,SP,Erigeron.coulteri,11,0.2,2
2021,Stormy.Pass,SP,Erigeron.coulteri,12,0.2,2
2021,Stormy.Pass,SP,Erigeron.coulteri,13,0.3,3
2021,Stormy.Pass,SP,Erigeron.coulteri,14,0.3,3
2021,Stormy.Pass,SP,Erigeron.coulteri,15,0.3,3
2021,Stormy.Pass,SP,Erigeron.coulteri,16,0.5,5
2021,Stormy.Pass,SP,Erigeron.elatior,11,1.6,16
2021,Stormy.Pass,SP,Erigeron.elatior,12,7.5,75
2021,Stormy.Pass,SP,Erigeron.elatior,13,14.200000000000001,142
2021,Stormy.Pass,SP,Erigeron.elatior,14,25.4,254
2021,Stormy.Pass,SP,Erigeron.elatior,15,18.6,186
2021,Stormy.Pass,SP,Erigeron.elatior,16,5.6,56
2021,Stormy.Pass,SP,Erigeron.elatior,17,0.2,2
2021,Stormy.Pass,SP,Erigeron.elatior,18,0.1,1
2021,Stormy.Pass,SP,Erigeron.speciosus,11,1.3,13
2021,Stormy.Pass,SP,Erigeron.speciosus,12,30.7,307
2021,Stormy.Pass,SP,Erigeron.speciosus,13,128.9,1289
2021,Stormy.Pass,SP,Erigeron.speciosus,14,158.6,1586
2021,Stormy.Pass,SP,Erigeron.speciosus,15,104.4,1044
2021,Stormy.Pass,SP,Erigeron.speciosus,16,30.5,305
2021,Stormy.Pass,SP,Erigeron.speciosus,17,0.7,7
2021,Stormy.Pass,SP,Erigeron.speciosus,18,2,20
2021,Stormy.Pass,SP,Erigeron.speciosus,19,0.30000000000000004,3
2021,Stormy.Pass,SP,Fragaria.virginiana,6,1.4,14
2021,Stormy.Pass,SP,Fragaria.virginiana,7,20.2,202
2021,Stormy.Pass,SP,Fragaria.virginiana,8,30.3,303
2021,Stormy.Pass,SP,Fragaria.virginiana,9,2.9,29
2021,Stormy.Pass,SP,Fragaria.virginiana,10,1,10
2021,Stormy.Pass,SP,Fragaria.virginiana,11,0.30000000000000004,3
2021,Stormy.Pass,SP,Gentiana.parryi,16,0.1,1
2021,Stormy.Pass,SP,Gentiana.parryi,17,0.8,8
2021,Stormy.Pass,SP,Gentiana.parryi,18,0.5,5
2021,Stormy.Pass,SP,Gentiana.parryi,19,0.2,2
2021,Stormy.Pass,SP,Geranium.richardsonii,8,0.1,1
2021,Stormy.Pass,SP,Geranium.richardsonii,9,0.8,8
2021,Stormy.Pass,SP,Geranium.richardsonii,10,0.5,5
2021,Stormy.Pass,SP,Geranium.richardsonii,11,1.3,13
2021,Stormy.Pass,SP,Geranium.richardsonii,12,1.5999999999999999,16
2021,Stormy.Pass,SP,Geranium.richardsonii,13,0.7,7
2021,Stormy.Pass,SP,Geranium.richardsonii,14,0.1,1
2021,Stormy.Pass,SP,Geranium.richardsonii,15,0.1,1
2021,Stormy.Pass,SP,Helianthella.quinquenervis,11,0.30000000000000004,3
2021,Stormy.Pass,SP,Helianthella.quinquenervis,12,1.1,11
2021,Stormy.Pass,SP,Helianthella.quinquenervis,13,1.3,13
2021,Stormy.Pass,SP,Helianthella.quinquenervis,14,0.6000000000000001,6
2021,Stormy.Pass,SP,Helianthella.quinquenervis,15,0.1,1
2021,Stormy.Pass,SP,Heliomeris.multiflora,12,0.1,1
2021,Stormy.Pass,SP,Heliomeris.multiflora,13,2.6,26
2021,Stormy.Pass,SP,Heliomeris.multiflora,14,17.8,178
2021,Stormy.Pass,SP,Heliomeris.multiflora,15,25.4,254
2021,Stormy.Pass,SP,Heliomeris.multiflora,16,47.4,474
2021,Stormy.Pass,SP,Heliomeris.multiflora,17,42.2,422
2021,Stormy.Pass,SP,Heliomeris.multiflora,18,52.9,529
2021,Stormy.Pass,SP,Heliomeris.multiflora,19,11.7,117
2021,Stormy.Pass,SP,Heliomeris.multiflora,20,2.4,24
2021,Stormy.Pass,SP,Heracleum.sphondylium,11,0.1,1
2021,Stormy.Pass,SP,Heracleum.sphondylium,12,0.2,2
2021,Stormy.Pass,SP,Heracleum.sphondylium,13,0.2,2
2021,Stormy.Pass,SP,Heracleum.sphondylium,14,0.2,2
2021,Stormy.Pass,SP,Heterotheca.villosa,14,3.2,32
2021,Stormy.Pass,SP,Hydrophyllum.fendleri,7,0.1,1
2021,Stormy.Pass,SP,Hydrophyllum.fendleri,8,13.4,134
2021,Stormy.Pass,SP,Hydrophyllum.fendleri,9,13.8,138
2021,Stormy.Pass,SP,Hydrophyllum.fendleri,10,6.3,63
2021,Stormy.Pass,SP,Hydrophyllum.fendleri,11,2.7,27
2021,Stormy.Pass,SP,Hydrophyllum.fendleri,12,2.2,22
2021,Stormy.Pass,SP,Hydrophyllum.fendleri,13,0.3,3
2021,Stormy.Pass,SP,Lathyrus.leucanthus,7,6.1000000000000005,61
2021,Stormy.Pass,SP,Lathyrus.leucanthus,8,93.1,931
2021,Stormy.Pass,SP,Lathyrus.leucanthus,9,90.3,903
2021,Stormy.Pass,SP,Lathyrus.leucanthus,10,71,710
2021,Stormy.Pass,SP,Lathyrus.leucanthus,11,86.5,865
2021,Stormy.Pass,SP,Lathyrus.leucanthus,12,19.3,193
2021,Stormy.Pass,SP,Lathyrus.leucanthus,13,0.6,6
2021,Stormy.Pass,SP,Lathyrus.leucanthus,15,0.2,2
2021,Stormy.Pass,SP,Ligularia.bigelovii,13,0.1,1
2021,Stormy.Pass,SP,Ligularia.bigelovii,14,2.1999999999999997,22
2021,Stormy.Pass,SP,Ligularia.bigelovii,15,2.3,23
2021,Stormy.Pass,SP,Ligularia.bigelovii,16,0.1,1
2021,Stormy.Pass,SP,Ligusticum.porteri,9,0.30000000000000004,3
2021,Stormy.Pass,SP,Ligusticum.porteri,10,1.3,13
2021,Stormy.Pass,SP,Ligusticum.porteri,11,10.8,108
2021,Stormy.Pass,SP,Ligusticum.porteri,12,8.7,87
2021,Stormy.Pass,SP,Ligusticum.porteri,13,0.1,1
2021,Stormy.Pass,SP,Maianthemum.stellatum,8,1.2,12
2021,Stormy.Pass,SP,Mertensia.ciliata,8,1.7999999999999998,18
2021,Stormy.Pass,SP,Mertensia.ciliata,9,9.4,94
2021,Stormy.Pass,SP,Mertensia.ciliata,10,16.599999999999998,166
2021,Stormy.Pass,SP,Mertensia.ciliata,11,52,520
2021,Stormy.Pass,SP,Mertensia.ciliata,12,35.8,358
2021,Stormy.Pass,SP,Mertensia.ciliata,13,27.5,275
2021,Stormy.Pass,SP,Mertensia.ciliata,14,6.699999999999999,67
2021,Stormy.Pass,SP,Mertensia.ciliata,15,1.5,15
2021,Stormy.Pass,SP,Mertensia.ciliata,16,0.1,1
2021,Stormy.Pass,SP,Mertensia.fusiformis,2,3,30
2021,Stormy.Pass,SP,Mertensia.fusiformis,3,1.9,19
2021,Stormy.Pass,SP,Mertensia.fusiformis,4,5.300000000000001,53
2021,Stormy.Pass,SP,Mertensia.fusiformis,5,105.7,1057
2021,Stormy.Pass,SP,Mertensia.fusiformis,6,82.5,825
2021,Stormy.Pass,SP,Mertensia.fusiformis,7,24.3,243
2021,Stormy.Pass,SP,Mertensia.fusiformis,8,2.4,24
2021,Stormy.Pass,SP,Noccaea.fendleri,5,4.5,45
2021,Stormy.Pass,SP,Noccaea.fendleri,6,8.6,86
2021,Stormy.Pass,SP,Noccaea.fendleri,7,3.3,33
2021,Stormy.Pass,SP,Noccaea.fendleri,8,0.7,7
2021,Stormy.Pass,SP,Pentaphylloides.floribunda,10,0.3,3
2021,Stormy.Pass,SP,Pentaphylloides.floribunda,11,1.2,12
2021,Stormy.Pass,SP,Pentaphylloides.floribunda,12,1.5,15
2021,Stormy.Pass,SP,Pentaphylloides.floribunda,13,2.9,29
2021,Stormy.Pass,SP,Pentaphylloides.floribunda,14,1.4,14
2021,Stormy.Pass,SP,Pentaphylloides.floribunda,15,0.8,8
2021,Stormy.Pass,SP,Pentaphylloides.floribunda,16,0.4,4
2021,Stormy.Pass,SP,Pentaphylloides.floribunda,17,0.2,2
2021,Stormy.Pass,SP,Potentilla.pulcherrima,8,7,70
2021,Stormy.Pass,SP,Potentilla.pulcherrima,9,56.8,568
2021,Stormy.Pass,SP,Potentilla.pulcherrima,10,149.5,1495
2021,Stormy.Pass,SP,Potentilla.pulcherrima,11,384.8,3848
2021,Stormy.Pass,SP,Potentilla.pulcherrima,12,258.8,2588
2021,Stormy.Pass,SP,Potentilla.pulcherrima,13,171.8,1718
2021,Stormy.Pass,SP,Potentilla.pulcherrima,14,48.8,488
2021,Stormy.Pass,SP,Potentilla.pulcherrima,15,15.5,155
2021,Stormy.Pass,SP,Potentilla.pulcherrima,16,2.9,29
2021,Stormy.Pass,SP,Potentilla.pulcherrima,17,0.30000000000000004,3
2021,Stormy.Pass,SP,Potentilla.pulcherrima,19,0.1,1
2021,Stormy.Pass,SP,Potentilla.pulcherrima,20,0.2,2
2021,Stormy.Pass,SP,Potentilla.pulcherrima,21,0.3,3
2021,Stormy.Pass,SP,Pseudocymopterus.montanus,6,0.1,1
2021,Stormy.Pass,SP,Pseudocymopterus.montanus,7,1.7999999999999998,18
2021,Stormy.Pass,SP,Pseudocymopterus.montanus,8,2.4,24
2021,Stormy.Pass,SP,Pseudocymopterus.montanus,9,1.7,17
2021,Stormy.Pass,SP,Pseudocymopterus.montanus,10,0.3,3
2021,Stormy.Pass,SP,Pseudocymopterus.montanus,11,1.9,19
2021,Stormy.Pass,SP,Pseudocymopterus.montanus,12,1.5,15
2021,Stormy.Pass,SP,Pseudocymopterus.montanus,13,0.2,2
2021,Stormy.Pass,SP,Pseudocymopterus.montanus,14,0.2,2
2021,Stormy.Pass,SP,Pyrrocoma.crocea,12,0.2,2
2021,Stormy.Pass,SP,Ranunculus.inamoenus,5,0.6,6
2021,Stormy.Pass,SP,Ranunculus.inamoenus,6,2.2,22
2021,Stormy.Pass,SP,Ranunculus.inamoenus,7,1.2,12
2021,Stormy.Pass,SP,Ranunculus.inamoenus,8,0.8,8
2021,Stormy.Pass,SP,Salix.wolfii,6,10.2,102
2021,Stormy.Pass,SP,Salix.wolfii,7,4.6,46
2021,Stormy.Pass,SP,Senecio.serra,14,3,30
2021,Stormy.Pass,SP,Senecio.serra,15,5.9,59
2021,Stormy.Pass,SP,Senecio.serra,16,23,230
2021,Stormy.Pass,SP,Senecio.serra,17,3.8000000000000003,38
2021,Stormy.Pass,SP,Senecio.serra,18,1.6,16
2021,Stormy.Pass,SP,Solidago.multiradiata,12,1,10
2021,Stormy.Pass,SP,Solidago.multiradiata,13,5.2,52
2021,Stormy.Pass,SP,Solidago.multiradiata,14,7,70
2021,Stormy.Pass,SP,Solidago.multiradiata,15,2,20
2021,Stormy.Pass,SP,Solidago.multiradiata,16,4.4,44
2021,Stormy.Pass,SP,Taraxacum.officinale,4,0.1,1
2021,Stormy.Pass,SP,Taraxacum.officinale,5,0.6000000000000001,6
2021,Stormy.Pass,SP,Taraxacum.officinale,6,0.4,4
2021,Stormy.Pass,SP,Taraxacum.officinale,7,4.8,48
2021,Stormy.Pass,SP,Taraxacum.officinale,8,5.8999999999999995,59
2021,Stormy.Pass,SP,Taraxacum.officinale,9,0.30000000000000004,3
2021,Stormy.Pass,SP,Taraxacum.officinale,12,0.1,1
2021,Stormy.Pass,SP,Taraxacum.officinale,14,0.1,1
2021,Stormy.Pass,SP,Vicia.americana,9,5.3,53
2021,Stormy.Pass,SP,Vicia.americana,10,7.1,71
2021,Stormy.Pass,SP,Vicia.americana,11,8.7,87
2021,Stormy.Pass,SP,Vicia.americana,12,3.9,39
2021,Stormy.Pass,SP,Vicia.americana,13,0.8,8
2021,Stormy.Pass,SP,Vicia.americana,14,0.7,7
2021,Stormy.Pass,SP,Vicia.americana,15,0.6000000000000001,6
2021,Stormy.Pass,SP,Viola.praemorsa,6,41.3,413
2021,Stormy.Pass,SP,Viola.praemorsa,7,33.3,333
2021,Stormy.Pass,SP,Viola.praemorsa,8,2.1,21
2022,Avery.Wash,AW,Achillea.millefolium,10,0.5,5
2022,Avery.Wash,AW,Achillea.millefolium,12,2.2,22
2022,Avery.Wash,AW,Achillea.millefolium,13,2.1,21
2022,Avery.Wash,AW,Achillea.millefolium,14,1.8,18
2022,Avery.Wash,AW,Achillea.millefolium,15,1.4,14
2022,Avery.Wash,AW,Achillea.millefolium,16,0.8,8
2022,Avery.Wash,AW,Achillea.millefolium,18,0.30000000000000004,3
2022,Avery.Wash,AW,Aconitum.columbianum,9,0.6000000000000001,6
2022,Avery.Wash,AW,Aconitum.columbianum,10,0.2,2
2022,Avery.Wash,AW,Adenolinum.lewisii,8,0.1,1
2022,Avery.Wash,AW,Adenolinum.lewisii,9,0.2,2
2022,Avery.Wash,AW,Agoseris.aurantiaca,10,0.7,7
2022,Avery.Wash,AW,Agoseris.aurantiaca,11,2.3000000000000003,23
2022,Avery.Wash,AW,Agoseris.aurantiaca,12,3.3,33
2022,Avery.Wash,AW,Agoseris.aurantiaca,16,0.30000000000000004,3
2022,Avery.Wash,AW,Agoseris.glauca,9,0.1,1
2022,Avery.Wash,AW,Agoseris.glauca,10,0.4,4
2022,Avery.Wash,AW,Agoseris.glauca,11,0.9,9
2022,Avery.Wash,AW,Agoseris.glauca,12,0.5,5
2022,Avery.Wash,AW,Aquilegia.coerulea,8,0.2,2
2022,Avery.Wash,AW,Aquilegia.coerulea,11,0.2,2
2022,Avery.Wash,AW,Arnica.parryi,11,0.9,9
2022,Avery.Wash,AW,Arnica.parryi,12,0.5,5
2022,Avery.Wash,AW,Aster.foliaceus,15,0.1,1
2022,Avery.Wash,AW,Cirsium.eatonii,14,0.3,3
2022,Avery.Wash,AW,Cirsium.parryi,11,0.6,6
2022,Avery.Wash,AW,Cirsium.parryi,12,0.8,8
2022,Avery.Wash,AW,Cirsium.parryi,13,0.8,8
2022,Avery.Wash,AW,Cirsium.parryi,14,0.4,4
2022,Avery.Wash,AW,Cirsium.parryi,15,0.5,5
2022,Avery.Wash,AW,Cirsium.parryi,16,0.4,4
2022,Avery.Wash,AW,Cirsium.parryi,17,0.3,3
2022,Avery.Wash,AW,Claytonia.lanceolata,1,4.2,42
2022,Avery.Wash,AW,Claytonia.lanceolata,2,153.4,1534
2022,Avery.Wash,AW,Claytonia.lanceolata,3,93.6,936
2022,Avery.Wash,AW,Claytonia.lanceolata,4,4.2,42
2022,Avery.Wash,AW,Collomia.linearis,10,115.1,1151
2022,Avery.Wash,AW,Collomia.linearis,12,12.5,125
2022,Avery.Wash,AW,Collomia.linearis,14,14.5,145
2022,Avery.Wash,AW,Collomia.linearis,18,0.8,8
2022,Avery.Wash,AW,Collomia.linearis,19,0.2,2
2022,Avery.Wash,AW,Delphinium.barbeyi,10,0.5,5
2022,Avery.Wash,AW,Delphinium.barbeyi,11,20.1,201
2022,Avery.Wash,AW,Delphinium.barbeyi,12,9.6,96
2022,Avery.Wash,AW,Delphinium.barbeyi,13,3.9,39
2022,Avery.Wash,AW,Delphinium.barbeyi,14,1.9,19
2022,Avery.Wash,AW,Delphinium.nuttallianum,4,0.9,9
2022,Avery.Wash,AW,Delphinium.nuttallianum,5,15.3,153
2022,Avery.Wash,AW,Delphinium.nuttallianum,7,2.4,24
2022,Avery.Wash,AW,Delphinium.nuttallianum,12,5.3,53
2022,Avery.Wash,AW,Dugaldia.hoopesii,7,3.9,39
2022,Avery.Wash,AW,Dugaldia.hoopesii,8,6.3999999999999995,64
2022,Avery.Wash,AW,Dugaldia.hoopesii,9,8.1,81
2022,Avery.Wash,AW,Dugaldia.hoopesii,10,10.2,102
2022,Avery.Wash,AW,Dugaldia.hoopesii,11,15.4,154
2022,Avery.Wash,AW,Dugaldia.hoopesii,12,6.6,66
2022,Avery.Wash,AW,Dugaldia.hoopesii,13,2.6,26
2022,Avery.Wash,AW,Dugaldia.hoopesii,14,0.4,4
2022,Avery.Wash,AW,Dugaldia.hoopesii,15,0.2,2
2022,Avery.Wash,AW,Erigeron.elatior,9,0.1,1
2022,Avery.Wash,AW,Erigeron.elatior,10,2.4,24
2022,Avery.Wash,AW,Erigeron.elatior,11,15,150
2022,Avery.Wash,AW,Erigeron.elatior,12,14.5,145
2022,Avery.Wash,AW,Erigeron.elatior,13,4.5,45
2022,Avery.Wash,AW,Erigeron.elatior,14,2.5,25
2022,Avery.Wash,AW,Erigeron.elatior,15,0.4,4
2022,Avery.Wash,AW,Erigeron.speciosus,10,1.1,11
2022,Avery.Wash,AW,Erigeron.speciosus,11,14,140
2022,Avery.Wash,AW,Erigeron.speciosus,12,13.9,139
2022,Avery.Wash,AW,Erigeron.speciosus,13,9.5,95
2022,Avery.Wash,AW,Erigeron.speciosus,14,6.7,67
2022,Avery.Wash,AW,Erigeron.speciosus,15,2.8,28
2022,Avery.Wash,AW,Erigeron.speciosus,16,1,10
2022,Avery.Wash,AW,Erigeron.speciosus,17,0.3,3
2022,Avery.Wash,AW,Erigeron.speciosus,18,0.2,2
2022,Avery.Wash,AW,Erythronium.grandiflorum,3,0.1,1
2022,Avery.Wash,AW,Fragaria.virginiana,4,14.399999999999999,144
2022,Avery.Wash,AW,Fragaria.virginiana,5,14.6,146
2022,Avery.Wash,AW,Fragaria.virginiana,7,0.1,1
2022,Avery.Wash,AW,Fragaria.virginiana,8,0.6,6
2022,Avery.Wash,AW,Gentianella.acuta,9,0.2,2
2022,Avery.Wash,AW,Geranium.richardsonii,7,0.2,2
2022,Avery.Wash,AW,Geranium.richardsonii,8,0.7000000000000001,7
2022,Avery.Wash,AW,Geranium.richardsonii,9,0.5,5
2022,Avery.Wash,AW,Geranium.richardsonii,10,0.4,4
2022,Avery.Wash,AW,Geranium.richardsonii,11,0.2,2
2022,Avery.Wash,AW,Geranium.richardsonii,12,0.2,2
2022,Avery.Wash,AW,Geranium.richardsonii,13,0.1,1
2022,Avery.Wash,AW,Helianthella.quinquenervis,8,0.6,6
2022,Avery.Wash,AW,Helianthella.quinquenervis,9,2.9,29
2022,Avery.Wash,AW,Helianthella.quinquenervis,10,3.1,31
2022,Avery.Wash,AW,Helianthella.quinquenervis,11,2.5,25
2022,Avery.Wash,AW,Helianthella.quinquenervis,12,1.1,11
2022,Avery.Wash,AW,Heliomeris.multiflora,10,0.4,4
2022,Avery.Wash,AW,Heliomeris.multiflora,11,1,10
2022,Avery.Wash,AW,Heliomeris.multiflora,12,1.8,18
2022,Avery.Wash,AW,Heliomeris.multiflora,13,8.5,85
2022,Avery.Wash,AW,Heliomeris.multiflora,14,27.3,273
2022,Avery.Wash,AW,Heliomeris.multiflora,15,16.099999999999998,161
2022,Avery.Wash,AW,Heliomeris.multiflora,16,12.1,121
2022,Avery.Wash,AW,Heliomeris.multiflora,17,9.9,99
2022,Avery.Wash,AW,Heliomeris.multiflora,18,2.2,22
2022,Avery.Wash,AW,Heracleum.sphondylium,11,0.4,4
2022,Avery.Wash,AW,Heracleum.sphondylium,12,0.30000000000000004,3
2022,Avery.Wash,AW,Heterotheca.villosa,10,3.2,32
2022,Avery.Wash,AW,Heterotheca.villosa,11,6.9,69
2022,Avery.Wash,AW,Heterotheca.villosa,12,6.4,64
2022,Avery.Wash,AW,Heterotheca.villosa,13,14.8,148
2022,Avery.Wash,AW,Heterotheca.villosa,14,9.3,93
2022,Avery.Wash,AW,Heterotheca.villosa,15,4.4,44
2022,Avery.Wash,AW,Heterotheca.villosa,16,1.7000000000000002,17
2022,Avery.Wash,AW,Heterotheca.villosa,17,0.2,2
2022,Avery.Wash,AW,Hydrophyllum.fendleri,5,0.7999999999999999,8
2022,Avery.Wash,AW,Hydrophyllum.fendleri,7,17.6,176
2022,Avery.Wash,AW,Hydrophyllum.fendleri,8,16,160
2022,Avery.Wash,AW,Hydrophyllum.fendleri,9,4.3999999999999995,44
2022,Avery.Wash,AW,Hydrophyllum.fendleri,10,0.8,8
2022,Avery.Wash,AW,Lathyrus.leucanthus,5,0.5,5
2022,Avery.Wash,AW,Lathyrus.leucanthus,7,25.3,253
2022,Avery.Wash,AW,Lathyrus.leucanthus,8,26.8,268
2022,Avery.Wash,AW,Lathyrus.leucanthus,9,11.9,119
2022,Avery.Wash,AW,Lathyrus.leucanthus,10,3.5,35
2022,Avery.Wash,AW,Lathyrus.leucanthus,11,0.1,1
2022,Avery.Wash,AW,Lathyrus.leucanthus,12,0.6,6
2022,Avery.Wash,AW,Lathyrus.leucanthus,14,0.4,4
2022,Avery.Wash,AW,Ligularia.bigelovii,10,1.3,13
2022,Avery.Wash,AW,Ligularia.bigelovii,11,25.8,258
2022,Avery.Wash,AW,Ligularia.bigelovii,12,12.600000000000001,126
2022,Avery.Wash,AW,Ligularia.bigelovii,13,30.5,305
2022,Avery.Wash,AW,Ligularia.bigelovii,14,0.2,2
2022,Avery.Wash,AW,Ligusticum.porteri,8,10.7,107
2022,Avery.Wash,AW,Ligusticum.porteri,9,11.6,116
2022,Avery.Wash,AW,Ligusticum.porteri,10,12.8,128
2022,Avery.Wash,AW,Ligusticum.porteri,11,1.1,11
2022,Avery.Wash,AW,Mertensia.ciliata,7,0.3,3
2022,Avery.Wash,AW,Mertensia.ciliata,8,0.3,3
2022,Avery.Wash,AW,Mertensia.ciliata,9,1.5,15
2022,Avery.Wash,AW,Mertensia.ciliata,10,0.6,6
2022,Avery.Wash,AW,Mertensia.ciliata,11,0.7,7
2022,Avery.Wash,AW,Mertensia.ciliata,12,0.2,2
2022,Avery.Wash,AW,Mertensia.fusiformis,2,0.7,7
2022,Avery.Wash,AW,Mertensia.fusiformis,3,18.3,183
2022,Avery.Wash,AW,Mertensia.fusiformis,4,13.8,138
2022,Avery.Wash,AW,Mertensia.fusiformis,5,1.7,17
2022,Avery.Wash,AW,Potentilla.pulcherrima,5,0.2,2
2022,Avery.Wash,AW,Potentilla.pulcherrima,7,20.1,201
2022,Avery.Wash,AW,Potentilla.pulcherrima,8,68.2,682
2022,Avery.Wash,AW,Potentilla.pulcherrima,9,90.9,909
2022,Avery.Wash,AW,Potentilla.pulcherrima,10,111.2,1112
2022,Avery.Wash,AW,Potentilla.pulcherrima,11,87.3,873
2022,Avery.Wash,AW,Potentilla.pulcherrima,12,38.1,381
2022,Avery.Wash,AW,Potentilla.pulcherrima,13,5.3,53
2022,Avery.Wash,AW,Potentilla.pulcherrima,14,1.8,18
2022,Avery.Wash,AW,Potentilla.pulcherrima,15,0.30000000000000004,3
2022,Avery.Wash,AW,Pseudocymopterus.montanus,5,0.5,5
2022,Avery.Wash,AW,Pseudocymopterus.montanus,8,0.9,9
2022,Avery.Wash,AW,Pseudocymopterus.montanus,10,0.1,1
2022,Avery.Wash,AW,Ranunculus.inamoenus,3,0.4,4
2022,Avery.Wash,AW,Ranunculus.inamoenus,4,2.3,23
2022,Avery.Wash,AW,Ranunculus.inamoenus,5,0.1,1
2022,Avery.Wash,AW,Senecio.crassulus,7,0.2,2
2022,Avery.Wash,AW,Senecio.crassulus,8,2,20
2022,Avery.Wash,AW,Senecio.crassulus,9,6.1,61
2022,Avery.Wash,AW,Senecio.crassulus,10,4.6,46
2022,Avery.Wash,AW,Senecio.serra,12,1.4,14
2022,Avery.Wash,AW,Senecio.serra,13,8.2,82
2022,Avery.Wash,AW,Senecio.serra,14,22.9,229
2022,Avery.Wash,AW,Senecio.serra,15,5.7,57
2022,Avery.Wash,AW,Senecio.serra,16,1.2,12
2022,Avery.Wash,AW,Senecio.serra,17,0.2,2
2022,Avery.Wash,AW,Solidago.multiradiata,10,9.1,91
2022,Avery.Wash,AW,Solidago.multiradiata,11,26.900000000000002,269
2022,Avery.Wash,AW,Solidago.multiradiata,12,21.1,211
2022,Avery.Wash,AW,Solidago.multiradiata,13,0.5,5
2022,Avery.Wash,AW,Solidago.multiradiata,18,0.1,1
2022,Avery.Wash,AW,Taraxacum.officinale,3,0.6000000000000001,6
2022,Avery.Wash,AW,Taraxacum.officinale,4,5.9,59
2022,Avery.Wash,AW,Taraxacum.officinale,5,6.6,66
2022,Avery.Wash,AW,Taraxacum.officinale,7,0.30000000000000004,3
2022,Avery.Wash,AW,Taraxacum.officinale,9,0.2,2
2022,Avery.Wash,AW,Taraxacum.officinale,10,0.1,1
2022,Avery.Wash,AW,Taraxacum.officinale,11,0.2,2
2022,Avery.Wash,AW,Trifolium.repens,15,0.1,1
2022,Avery.Wash,AW,Vicia.americana,7,0.4,4
2022,Avery.Wash,AW,Vicia.americana,8,9.5,95
2022,Avery.Wash,AW,Vicia.americana,9,32.8,328
2022,Avery.Wash,AW,Vicia.americana,10,14.9,149
2022,Avery.Wash,AW,Vicia.americana,11,12,120
2022,Avery.Wash,AW,Vicia.americana,12,6.9,69
2022,Avery.Wash,AW,Vicia.americana,13,2,20
2022,Avery.Wash,AW,Vicia.americana,14,0.9,9
2022,Avery.Wash,AW,Vicia.americana,16,0.4,4
2022,Avery.Wash,AW,Viola.praemorsa,3,6.4,64
2022,Avery.Wash,AW,Viola.praemorsa,4,70.7,707
2022,Avery.Wash,AW,Viola.praemorsa,5,9.2,92
2022,Avery.wash,AW,Delphinium.nuttallianum,6,13.2,132
2022,Avery.wash,AW,Draba.aurea,6,0.1,1
2022,Avery.wash,AW,Dugaldia.hoopesii,6,0.7000000000000001,7
2022,Avery.wash,AW,Fragaria.virginiana,6,5.9,59
2022,Avery.wash,AW,Geranium.richardsonii,6,0.1,1
2022,Avery.wash,AW,Hydrophyllum.fendleri,6,24.4,244
2022,Avery.wash,AW,Lathyrus.leucanthus,6,22.6,226
2022,Avery.wash,AW,Mertensia.fusiformis,6,0.1,1
2022,Avery.wash,AW,Potentilla.pulcherrima,6,4.5,45
2022,Avery.wash,AW,Taraxacum.officinale,6,2.2,22
2022,Avery.wash,AW,Viola.praemorsa,6,0.2,2
2022,Copper.Creek,CC,Achillea.millefolium,13,0.2,2
2022,Copper.Creek,CC,Achillea.millefolium,14,0.1,1
2022,Copper.Creek,CC,Achillea.millefolium,15,0.1,1
2022,Copper.Creek,CC,Achillea.millefolium,16,0.1,1
2022,Copper.Creek,CC,Aconitum.columbianum,9,0.2,2
2022,Copper.Creek,CC,Aconitum.columbianum,10,15.5,155
2022,Copper.Creek,CC,Aconitum.columbianum,11,15.5,155
2022,Copper.Creek,CC,Aconitum.columbianum,12,7.1,71
2022,Copper.Creek,CC,Aconitum.columbianum,13,0.2,2
2022,Copper.Creek,CC,Adenolinum.lewisii,8,0.2,2
2022,Copper.Creek,CC,Adenolinum.lewisii,9,0.3,3
2022,Copper.Creek,CC,Adenolinum.lewisii,10,0.6,6
2022,Copper.Creek,CC,Adenolinum.lewisii,11,0.3,3
2022,Copper.Creek,CC,Calochortus.gunnisonii,12,0.2,2
2022,Copper.Creek,CC,Campanula.rotundifolia,11,0.4,4
2022,Copper.Creek,CC,Campanula.rotundifolia,12,1.2,12
2022,Copper.Creek,CC,Campanula.rotundifolia,13,1.4,14
2022,Copper.Creek,CC,Campanula.rotundifolia,15,0.1,1
2022,Copper.Creek,CC,Cirsium.parryi,13,1.8,18
2022,Copper.Creek,CC,Cirsium.parryi,14,0.3,3
2022,Copper.Creek,CC,Cirsium.parryi,15,0.6,6
2022,Copper.Creek,CC,Claytonia.lanceolata,1,6,60
2022,Copper.Creek,CC,Claytonia.lanceolata,2,275.7,2757
2022,Copper.Creek,CC,Claytonia.lanceolata,3,111.5,1115
2022,Copper.Creek,CC,Claytonia.lanceolata,4,15,150
2022,Copper.Creek,CC,Claytonia.lanceolata,5,0.1,1
2022,Copper.Creek,CC,Collomia.linearis,10,15.4,154
2022,Copper.Creek,CC,Collomia.linearis,11,43.8,438
2022,Copper.Creek,CC,Collomia.linearis,12,14.2,142
2022,Copper.Creek,CC,Collomia.linearis,13,2.2,22
2022,Copper.Creek,CC,Collomia.linearis,15,1.1,11
2022,Copper.Creek,CC,Collomia.linearis,18,0.1,1
2022,Copper.Creek,CC,Delphinium.barbeyi,9,5,50
2022,Copper.Creek,CC,Delphinium.barbeyi,10,35,350
2022,Copper.Creek,CC,Delphinium.barbeyi,11,18.5,185
2022,Copper.Creek,CC,Delphinium.barbeyi,12,7.5,75
2022,Copper.Creek,CC,Delphinium.nuttallianum,3,1,10
2022,Copper.Creek,CC,Delphinium.nuttallianum,4,22.6,226
2022,Copper.Creek,CC,Delphinium.nuttallianum,5,177.9,1779
2022,Copper.Creek,CC,Delphinium.nuttallianum,6,35.3,353
2022,Copper.Creek,CC,Delphinium.nuttallianum,7,7.4,74
2022,Copper.Creek,CC,Delphinium.nuttallianum,8,0.1,1
2022,Copper.Creek,CC,Dugaldia.hoopesii,9,1.8,18
2022,Copper.Creek,CC,Dugaldia.hoopesii,10,4.8,48
2022,Copper.Creek,CC,Dugaldia.hoopesii,11,7.8,78
2022,Copper.Creek,CC,Dugaldia.hoopesii,12,3.6,36
2022,Copper.Creek,CC,Dugaldia.hoopesii,13,1.4000000000000001,14
2022,Copper.Creek,CC,Dugaldia.hoopesii,14,0.2,2
2022,Copper.Creek,CC,Erigeron.elatior,11,0.5,5
2022,Copper.Creek,CC,Erigeron.elatior,12,0.5,5
2022,Copper.Creek,CC,Erigeron.elatior,13,0.1,1
2022,Copper.Creek,CC,Erigeron.speciosus,9,0.2,2
2022,Copper.Creek,CC,Erigeron.speciosus,10,4.8999999999999995,49
2022,Copper.Creek,CC,Erigeron.speciosus,11,27.5,275
2022,Copper.Creek,CC,Erigeron.speciosus,12,32.4,324
2022,Copper.Creek,CC,Erigeron.speciosus,13,44.699999999999996,447
2022,Copper.Creek,CC,Erigeron.speciosus,14,8.4,84
2022,Copper.Creek,CC,Erigeron.speciosus,15,2.9000000000000004,29
2022,Copper.Creek,CC,Eriogonum.subalpinum,16,0.3,3
2022,Copper.Creek,CC,Eriogonum.umbellatum,9,0.1,1
2022,Copper.Creek,CC,Eriogonum.umbellatum,10,0.4,4
2022,Copper.Creek,CC,Eriogonum.umbellatum,11,0.1,1
2022,Copper.Creek,CC,Eriogonum.umbellatum,12,0.1,1
2022,Copper.Creek,CC,Erysimum.capitatum,6,2.2,22
2022,Copper.Creek,CC,Erysimum.capitatum,7,4.6,46
2022,Copper.Creek,CC,Erysimum.capitatum,8,8,80
2022,Copper.Creek,CC,Erysimum.capitatum,9,2.5,25
2022,Copper.Creek,CC,Erythronium.grandiflorum,3,4.9,49
2022,Copper.Creek,CC,Erythronium.grandiflorum,4,0.8,8
2022,Copper.Creek,CC,Eucephalus.engelmannii,12,0.1,1
2022,Copper.Creek,CC,Eucephalus.engelmannii,13,0.2,2
2022,Copper.Creek,CC,Geranium.richardsonii,6,0.1,1
2022,Copper.Creek,CC,Geranium.richardsonii,7,0.5,5
2022,Copper.Creek,CC,Geranium.richardsonii,8,1.3,13
2022,Copper.Creek,CC,Geranium.richardsonii,9,1,10
2022,Copper.Creek,CC,Geranium.richardsonii,10,1.8,18
2022,Copper.Creek,CC,Geranium.richardsonii,11,0.8,8
2022,Copper.Creek,CC,Geranium.richardsonii,12,0.7,7
2022,Copper.Creek,CC,Geranium.richardsonii,13,0.4,4
2022,Copper.Creek,CC,Helianthella.quinquenervis,9,2,20
2022,Copper.Creek,CC,Helianthella.quinquenervis,10,3.5,35
2022,Copper.Creek,CC,Helianthella.quinquenervis,11,3.2,32
2022,Copper.Creek,CC,Helianthella.quinquenervis,12,2.2,22
2022,Copper.Creek,CC,Helianthella.quinquenervis,13,0.1,1
2022,Copper.Creek,CC,Heliomeris.multiflora,9,0.1,1
2022,Copper.Creek,CC,Heliomeris.multiflora,10,3.7,37
2022,Copper.Creek,CC,Heliomeris.multiflora,11,61.1,611
2022,Copper.Creek,CC,Heliomeris.multiflora,12,77.4,774
2022,Copper.Creek,CC,Heliomeris.multiflora,13,144.10000000000002,1441
2022,Copper.Creek,CC,Heliomeris.multiflora,14,155.3,1553
2022,Copper.Creek,CC,Heliomeris.multiflora,15,280.2,2802
2022,Copper.Creek,CC,Heliomeris.multiflora,16,58.4,584
2022,Copper.Creek,CC,Heliomeris.multiflora,17,25.3,253
2022,Copper.Creek,CC,Heliomeris.multiflora,18,15.6,156
2022,Copper.Creek,CC,Heliomeris.multiflora,19,1,10
2022,Copper.Creek,CC,Heracleum.sphondylium,9,0.9,9
2022,Copper.Creek,CC,Heracleum.sphondylium,10,5.3,53
2022,Copper.Creek,CC,Heracleum.sphondylium,11,5.5,55
2022,Copper.Creek,CC,Heracleum.sphondylium,12,1,10
2022,Copper.Creek,CC,Heterotheca.villosa,10,3.3,33
2022,Copper.Creek,CC,Heterotheca.villosa,11,11.6,116
2022,Copper.Creek,CC,Heterotheca.villosa,12,13.100000000000001,131
2022,Copper.Creek,CC,Heterotheca.villosa,13,12.9,129
2022,Copper.Creek,CC,Heterotheca.villosa,14,8.3,83
2022,Copper.Creek,CC,Heterotheca.villosa,15,15.799999999999999,158
2022,Copper.Creek,CC,Heterotheca.villosa,16,0.7999999999999999,8
2022,Copper.Creek,CC,Heterotheca.villosa,17,1.5,15
2022,Copper.Creek,CC,Heterotheca.villosa,18,1.7,17
2022,Copper.Creek,CC,Heterotheca.villosa,19,0.2,2
2022,Copper.Creek,CC,Hydrophyllum.capitatum,3,0.5,5
2022,Copper.Creek,CC,Hydrophyllum.capitatum,4,11.5,115
2022,Copper.Creek,CC,Hydrophyllum.capitatum,5,60.5,605
2022,Copper.Creek,CC,Hydrophyllum.fendleri,5,0.4,4
2022,Copper.Creek,CC,Hydrophyllum.fendleri,6,18,180
2022,Copper.Creek,CC,Hydrophyllum.fendleri,7,9.4,94
2022,Copper.Creek,CC,Hydrophyllum.fendleri,8,2.9,29
2022,Copper.Creek,CC,Lathyrus.leucanthus,5,18.900000000000002,189
2022,Copper.Creek,CC,Lathyrus.leucanthus,6,38,380
2022,Copper.Creek,CC,Lathyrus.leucanthus,7,35.7,357
2022,Copper.Creek,CC,Lathyrus.leucanthus,8,13.9,139
2022,Copper.Creek,CC,Lathyrus.leucanthus,9,3.4,34
2022,Copper.Creek,CC,Lathyrus.leucanthus,10,0.2,2
2022,Copper.Creek,CC,Lathyrus.leucanthus,11,0.1,1
2022,Copper.Creek,CC,Ligularia.bigelovii,12,0.1,1
2022,Copper.Creek,CC,Ligularia.bigelovii,13,1.9,19
2022,Copper.Creek,CC,Ligularia.bigelovii,14,0.30000000000000004,3
2022,Copper.Creek,CC,Ligusticum.porteri,7,0.30000000000000004,3
2022,Copper.Creek,CC,Ligusticum.porteri,8,5,50
2022,Copper.Creek,CC,Ligusticum.porteri,9,15.1,151
2022,Copper.Creek,CC,Ligusticum.porteri,10,23.1,231
2022,Copper.Creek,CC,Ligusticum.porteri,11,0.5,5
2022,Copper.Creek,CC,Lomatium.dissectum,5,0.1,1
2022,Copper.Creek,CC,Lupinus.bakeri,6,19.7,197
2022,Copper.Creek,CC,Lupinus.bakeri,7,76.5,765
2022,Copper.Creek,CC,Lupinus.bakeri,8,105.69999999999999,1057
2022,Copper.Creek,CC,Lupinus.bakeri,9,89,890
2022,Copper.Creek,CC,Lupinus.bakeri,10,16.3,163
2022,Copper.Creek,CC,Lupinus.bakeri,11,0.3,3
2022,Copper.Creek,CC,Mahonia.repens,3,7.1000000000000005,71
2022,Copper.Creek,CC,Mahonia.repens,4,25.3,253
2022,Copper.Creek,CC,Mahonia.repens,5,63.6,636
2022,Copper.Creek,CC,Mahonia.repens,6,1,10
2022,Copper.Creek,CC,Mahonia.repens,7,0.4,4
2022,Copper.Creek,CC,Maianthemum.stellatum,7,3.2,32
2022,Copper.Creek,CC,Mertensia.ciliata,9,0.3,3
2022,Copper.Creek,CC,Mertensia.fusiformis,2,42.9,429
2022,Copper.Creek,CC,Mertensia.fusiformis,3,48.9,489
2022,Copper.Creek,CC,Mertensia.fusiformis,4,31.9,319
2022,Copper.Creek,CC,Mertensia.fusiformis,5,3.9,39
2022,Copper.Creek,CC,Phacelia.heterophylla,8,15,150
2022,Copper.Creek,CC,Phacelia.heterophylla,9,25.700000000000003,257
2022,Copper.Creek,CC,Phacelia.heterophylla,10,19.799999999999997,198
2022,Copper.Creek,CC,Phacelia.heterophylla,11,4.1,41
2022,Copper.Creek,CC,Phacelia.heterophylla,12,0.5,5
2022,Copper.Creek,CC,Phacelia.heterophylla,13,0.1,1
2022,Copper.Creek,CC,Potentilla.pulcherrima,6,0.1,1
2022,Copper.Creek,CC,Potentilla.pulcherrima,7,0.2,2
2022,Copper.Creek,CC,Potentilla.pulcherrima,8,0.30000000000000004,3
2022,Copper.Creek,CC,Potentilla.pulcherrima,9,2.5,25
2022,Copper.Creek,CC,Potentilla.pulcherrima,10,8.4,84
2022,Copper.Creek,CC,Potentilla.pulcherrima,11,9.6,96
2022,Copper.Creek,CC,Potentilla.pulcherrima,12,3.7,37
2022,Copper.Creek,CC,Potentilla.pulcherrima,13,1.2,12
2022,Copper.Creek,CC,Pseudocymopterus.montanus,4,0.1,1
2022,Copper.Creek,CC,Ranunculus.inamoenus,4,0.1,1
2022,Copper.Creek,CC,Ranunculus.inamoenus,5,0.1,1
2022,Copper.Creek,CC,Ranunculus.inamoenus,7,0.1,1
2022,Copper.Creek,CC,Salix.wolfii,4,17.5,175
2022,Copper.Creek,CC,Salix.wolfii,5,2.5,25
2022,Copper.Creek,CC,Senecio.serra,12,0.8999999999999999,9
2022,Copper.Creek,CC,Senecio.serra,13,1.4000000000000001,14
2022,Copper.Creek,CC,Senecio.serra,14,0.6,6
2022,Copper.Creek,CC,Senecio.serra,15,0.1,1
2022,Copper.Creek,CC,Silene.menziesii,7,0.7,7
2022,Copper.Creek,CC,Silene.menziesii,8,1.5,15
2022,Copper.Creek,CC,Silene.menziesii,9,1.5,15
2022,Copper.Creek,CC,Taraxacum.officinale,4,0.2,2
2022,Copper.Creek,CC,Taraxacum.officinale,5,1.4,14
2022,Copper.Creek,CC,Taraxacum.officinale,6,0.3,3
2022,Copper.Creek,CC,Taraxacum.officinale,7,0.1,1
2022,Copper.Creek,CC,Taraxacum.officinale,9,0.1,1
2022,Copper.Creek,CC,Taraxacum.officinale,10,0.3,3
2022,Copper.Creek,CC,Valeriana.occidentalis,4,10.9,109
2022,Copper.Creek,CC,Valeriana.occidentalis,5,24.7,247
2022,Copper.Creek,CC,Valeriana.occidentalis,6,11.799999999999999,118
2022,Copper.Creek,CC,Valeriana.occidentalis,7,8.799999999999999,88
2022,Copper.Creek,CC,Valeriana.occidentalis,8,2.8,28
2022,Copper.Creek,CC,Valeriana.occidentalis,9,0.8,8
2022,Copper.Creek,CC,Vicia.americana,6,0.5,5
2022,Copper.Creek,CC,Vicia.americana,7,1,10
2022,Copper.Creek,CC,Vicia.americana,8,3.9000000000000004,39
2022,Copper.Creek,CC,Vicia.americana,9,2.6,26
2022,Copper.Creek,CC,Vicia.americana,10,2.2,22
2022,Copper.Creek,CC,Vicia.americana,11,0.5,5
2022,Copper.Creek,CC,Vicia.americana,12,0.1,1
2022,Copper.Creek,CC,Vicia.americana,13,0.1,1
2022,Copper.Creek,CC,Viola.praemorsa,4,0.5,5
2022,Copper.Creek,CC,Viola.praemorsa,5,10.4,104
2022,Copper.Creek,CC,Viola.praemorsa,7,0.1,1
2022,Copper.Creek,CC,Wyethia.arizonica,8,0.3,3
2022,Frogs.Pond,FP,Achillea.millefolium,11,1.4,14
2022,Frogs.Pond,FP,Achillea.millefolium,12,2.4,24
2022,Frogs.Pond,FP,Achillea.millefolium,13,2.8,28
2022,Frogs.Pond,FP,Achillea.millefolium,14,2.7,27
2022,Frogs.Pond,FP,Achillea.millefolium,15,2.4,24
2022,Frogs.Pond,FP,Achillea.millefolium,16,4.6,46
2022,Frogs.Pond,FP,Achillea.millefolium,17,3.7,37
2022,Frogs.Pond,FP,Achillea.millefolium,18,1.2,12
2022,Frogs.Pond,FP,Achillea.millefolium,19,0.2,2
2022,Frogs.Pond,FP,Adenolinum.lewisii,6,1.5,15
2022,Frogs.Pond,FP,Adenolinum.lewisii,7,28.2,282
2022,Frogs.Pond,FP,Adenolinum.lewisii,8,32.1,321
2022,Frogs.Pond,FP,Adenolinum.lewisii,9,12.6,126
2022,Frogs.Pond,FP,Adenolinum.lewisii,10,4.7,47
2022,Frogs.Pond,FP,Adenolinum.lewisii,11,1,10
2022,Frogs.Pond,FP,Adenolinum.lewisii,12,0.1,1
2022,Frogs.Pond,FP,Adenolinum.lewisii,13,0.2,2
2022,Frogs.Pond,FP,Adenolinum.lewisii,14,0.2,2
2022,Frogs.Pond,FP,Agoseris.glauca,9,0.2,2
2022,Frogs.Pond,FP,Agoseris.glauca,12,0.1,1
2022,Frogs.Pond,FP,Aster.foliaceus,12,0.2,2
2022,Frogs.Pond,FP,Aster.foliaceus,13,0.7,7
2022,Frogs.Pond,FP,Aster.foliaceus,14,0.4,4
2022,Frogs.Pond,FP,Aster.foliaceus,15,0.1,1
2022,Frogs.Pond,FP,Calochortus.gunnisonii,10,0.7000000000000001,7
2022,Frogs.Pond,FP,Calochortus.gunnisonii,11,1.7999999999999998,18
2022,Frogs.Pond,FP,Calochortus.gunnisonii,12,0.1,1
2022,Frogs.Pond,FP,Campanula.parryi,13,0.1,1
2022,Frogs.Pond,FP,Campanula.rotundifolia,10,1,10
2022,Frogs.Pond,FP,Campanula.rotundifolia,11,3.7,37
2022,Frogs.Pond,FP,Campanula.rotundifolia,12,2.2,22
2022,Frogs.Pond,FP,Campanula.rotundifolia,13,0.9,9
2022,Frogs.Pond,FP,Campanula.rotundifolia,14,0.1,1
2022,Frogs.Pond,FP,Castilleja.linariifolia,8,0.4,4
2022,Frogs.Pond,FP,Castilleja.linariifolia,9,1.1,11
2022,Frogs.Pond,FP,Castilleja.linariifolia,10,1,10
2022,Frogs.Pond,FP,Castilleja.linariifolia,11,1.5999999999999999,16
2022,Frogs.Pond,FP,Castilleja.linariifolia,12,0.6,6
2022,Frogs.Pond,FP,Castilleja.linariifolia,13,1.2999999999999998,13
2022,Frogs.Pond,FP,Castilleja.linariifolia,14,0.5,5
2022,Frogs.Pond,FP,Castilleja.linariifolia,15,0.4,4
2022,Frogs.Pond,FP,Cirsium.eatonii,13,1,10
2022,Frogs.Pond,FP,Cirsium.parryi,12,0.9,9
2022,Frogs.Pond,FP,Cirsium.parryi,15,0.3,3
2022,Frogs.Pond,FP,Cirsium.parryi,16,0.3,3
2022,Frogs.Pond,FP,Claytonia.lanceolata,2,0.3,3
2022,Frogs.Pond,FP,Collomia.linearis,10,42.9,429
2022,Frogs.Pond,FP,Collomia.linearis,11,2.6,26
2022,Frogs.Pond,FP,Collomia.linearis,12,5.2,52
2022,Frogs.Pond,FP,Collomia.linearis,13,4.4,44
2022,Frogs.Pond,FP,Collomia.linearis,14,0.2,2
2022,Frogs.Pond,FP,Delphinium.barbeyi,9,4.8,48
2022,Frogs.Pond,FP,Delphinium.barbeyi,10,21.900000000000002,219
2022,Frogs.Pond,FP,Delphinium.barbeyi,11,19.2,192
2022,Frogs.Pond,FP,Delphinium.barbeyi,12,4.8,48
2022,Frogs.Pond,FP,Delphinium.barbeyi,13,0.2,2
2022,Frogs.Pond,FP,Delphinium.nuttallianum,4,1.7,17
2022,Frogs.Pond,FP,Delphinium.nuttallianum,5,3.6,36
2022,Frogs.Pond,FP,Delphinium.nuttallianum,6,0.8,8
2022,Frogs.Pond,FP,Delphinium.nuttallianum,7,0.2,2
2022,Frogs.Pond,FP,Draba.aurea,6,0.5,5
2022,Frogs.Pond,FP,Draba.aurea,7,0.7,7
2022,Frogs.Pond,FP,Eremogone.congesta,6,1.1,11
2022,Frogs.Pond,FP,Ericameria.parryi,18,0.2,2
2022,Frogs.Pond,FP,Ericameria.parryi,19,0.1,1
2022,Frogs.Pond,FP,Erigeron.elatior,11,0.7,7
2022,Frogs.Pond,FP,Erigeron.elatior,12,0.3,3
2022,Frogs.Pond,FP,Erigeron.elatior,13,0.1,1
2022,Frogs.Pond,FP,Erigeron.speciosus,9,8.9,89
2022,Frogs.Pond,FP,Erigeron.speciosus,10,73.2,732
2022,Frogs.Pond,FP,Erigeron.speciosus,11,129.9,1299
2022,Frogs.Pond,FP,Erigeron.speciosus,12,56.6,566
2022,Frogs.Pond,FP,Erigeron.speciosus,13,43.9,439
2022,Frogs.Pond,FP,Erigeron.speciosus,14,4.7,47
2022,Frogs.Pond,FP,Erigeron.speciosus,15,0.6000000000000001,6
2022,Frogs.Pond,FP,Erigeron.speciosus,18,0.1,1
2022,Frogs.Pond,FP,Erigeron.speciosus,19,0.1,1
2022,Frogs.Pond,FP,Eriogonum.subalpinum,7,0.4,4
2022,Frogs.Pond,FP,Eriogonum.subalpinum,8,3.8,38
2022,Frogs.Pond,FP,Eriogonum.subalpinum,9,3.6,36
2022,Frogs.Pond,FP,Eriogonum.subalpinum,10,0.1,1
2022,Frogs.Pond,FP,Eriogonum.umbellatum,6,0.1,1
2022,Frogs.Pond,FP,Eriogonum.umbellatum,7,0.7,7
2022,Frogs.Pond,FP,Eriogonum.umbellatum,8,2.2,22
2022,Frogs.Pond,FP,Eriogonum.umbellatum,9,0.5,5
2022,Frogs.Pond,FP,Eriogonum.umbellatum,10,0.3,3
2022,Frogs.Pond,FP,Erysimum.capitatum,5,0.5,5
2022,Frogs.Pond,FP,Erysimum.capitatum,7,1.3,13
2022,Frogs.Pond,FP,Erysimum.capitatum,8,0.8,8
2022,Frogs.Pond,FP,Erythrocoma.triflora,7,0.4,4
2022,Frogs.Pond,FP,Erythrocoma.triflora,8,0.9,9
2022,Frogs.Pond,FP,Erythrocoma.triflora,9,0.7,7
2022,Frogs.Pond,FP,Erythrocoma.triflora,10,0.6,6
2022,Frogs.Pond,FP,Fragaria.virginiana,7,0.4,4
2022,Frogs.Pond,FP,Gentiana.parryi,15,0.3,3
2022,Frogs.Pond,FP,Gentiana.parryi,16,0.4,4
2022,Frogs.Pond,FP,Geranium.richardsonii,6,0.2,2
2022,Frogs.Pond,FP,Geranium.richardsonii,7,0.2,2
2022,Frogs.Pond,FP,Geranium.richardsonii,8,0.4,4
2022,Frogs.Pond,FP,Geranium.richardsonii,9,0.2,2
2022,Frogs.Pond,FP,Geranium.richardsonii,10,0.6,6
2022,Frogs.Pond,FP,Geranium.richardsonii,11,0.2,2
2022,Frogs.Pond,FP,Hackelia.floribunda,9,0.8,8
2022,Frogs.Pond,FP,Hackelia.floribunda,10,0.8,8
2022,Frogs.Pond,FP,Hackelia.floribunda,11,1,10
2022,Frogs.Pond,FP,Hackelia.floribunda,12,0.2,2
2022,Frogs.Pond,FP,Helianthella.quinquenervis,9,0.8,8
2022,Frogs.Pond,FP,Helianthella.quinquenervis,10,2.3000000000000003,23
2022,Frogs.Pond,FP,Helianthella.quinquenervis,11,0.4,4
2022,Frogs.Pond,FP,Helianthella.quinquenervis,12,13.100000000000001,131
2022,Frogs.Pond,FP,Heliomeris.multiflora,10,0.2,2
2022,Frogs.Pond,FP,Heliomeris.multiflora,11,7,70
2022,Frogs.Pond,FP,Heliomeris.multiflora,12,15.2,152
2022,Frogs.Pond,FP,Heliomeris.multiflora,13,174.5,1745
2022,Frogs.Pond,FP,Heliomeris.multiflora,14,140.1,1401
2022,Frogs.Pond,FP,Heliomeris.multiflora,15,191.7,1917
2022,Frogs.Pond,FP,Heliomeris.multiflora,16,59.4,594
2022,Frogs.Pond,FP,Heliomeris.multiflora,17,35.5,355
2022,Frogs.Pond,FP,Heliomeris.multiflora,18,11.4,114
2022,Frogs.Pond,FP,Heliomeris.multiflora,19,0.5,5
2022,Frogs.Pond,FP,Heracleum.sphondylium,9,0.4,4
2022,Frogs.Pond,FP,Heracleum.sphondylium,10,1.2,12
2022,Frogs.Pond,FP,Heracleum.sphondylium,11,1.1,11
2022,Frogs.Pond,FP,Heracleum.sphondylium,12,0.6000000000000001,6
2022,Frogs.Pond,FP,Heterotheca.villosa,9,1.2,12
2022,Frogs.Pond,FP,Heterotheca.villosa,10,0.4,4
2022,Frogs.Pond,FP,Heterotheca.villosa,12,2.8,28
2022,Frogs.Pond,FP,Heterotheca.villosa,13,3.5,35
2022,Frogs.Pond,FP,Heterotheca.villosa,14,0.8,8
2022,Frogs.Pond,FP,Hydrophyllum.fendleri,5,1.3,13
2022,Frogs.Pond,FP,Hydrophyllum.fendleri,6,0.8,8
2022,Frogs.Pond,FP,Hydrophyllum.fendleri,7,1.7,17
2022,Frogs.Pond,FP,Hydrophyllum.fendleri,8,0.8,8
2022,Frogs.Pond,FP,Hydrophyllum.fendleri,11,0.4,4
2022,Frogs.Pond,FP,Ipomopsis.aggregata,7,0.7,7
2022,Frogs.Pond,FP,Ipomopsis.aggregata,8,2.5,25
2022,Frogs.Pond,FP,Ipomopsis.aggregata,9,2.3,23
2022,Frogs.Pond,FP,Ipomopsis.aggregata,10,2.2,22
2022,Frogs.Pond,FP,Ipomopsis.aggregata,11,10.899999999999999,109
2022,Frogs.Pond,FP,Ipomopsis.aggregata,12,10.7,107
2022,Frogs.Pond,FP,Ipomopsis.aggregata,13,16,160
2022,Frogs.Pond,FP,Ipomopsis.aggregata,14,6.4,64
2022,Frogs.Pond,FP,Ipomopsis.aggregata,15,5.8999999999999995,59
2022,Frogs.Pond,FP,Ipomopsis.aggregata,16,3.2,32
2022,Frogs.Pond,FP,Ipomopsis.aggregata,17,3.3000000000000003,33
2022,Frogs.Pond,FP,Ipomopsis.aggregata,18,5.3,53
2022,Frogs.Pond,FP,Ipomopsis.aggregata,19,5.7,57
2022,Frogs.Pond,FP,Lathyrus.leucanthus,4,0.1,1
2022,Frogs.Pond,FP,Lathyrus.leucanthus,5,71.1,711
2022,Frogs.Pond,FP,Lathyrus.leucanthus,6,77.7,777
2022,Frogs.Pond,FP,Lathyrus.leucanthus,7,43.3,433
2022,Frogs.Pond,FP,Lathyrus.leucanthus,8,20.099999999999998,201
2022,Frogs.Pond,FP,Lathyrus.leucanthus,9,7.800000000000001,78
2022,Frogs.Pond,FP,Lathyrus.leucanthus,10,1.6,16
2022,Frogs.Pond,FP,Ligularia.bigelovii,12,1.4,14
2022,Frogs.Pond,FP,Ligularia.bigelovii,13,2.4,24
2022,Frogs.Pond,FP,Ligularia.bigelovii,14,0.1,1
2022,Frogs.Pond,FP,Ligusticum.porteri,8,0.6,6
2022,Frogs.Pond,FP,Ligusticum.porteri,9,2.4,24
2022,Frogs.Pond,FP,Ligusticum.porteri,10,2,20
2022,Frogs.Pond,FP,Ligusticum.porteri,11,0.2,2
2022,Frogs.Pond,FP,Lupinus.bakeri,5,9,90
2022,Frogs.Pond,FP,Lupinus.bakeri,6,110.7,1107
2022,Frogs.Pond,FP,Lupinus.bakeri,7,54.5,545
2022,Frogs.Pond,FP,Lupinus.bakeri,8,30.7,307
2022,Frogs.Pond,FP,Lupinus.bakeri,9,26.1,261
2022,Frogs.Pond,FP,Lupinus.bakeri,10,12,120
2022,Frogs.Pond,FP,Lupinus.bakeri,11,1.1,11
2022,Frogs.Pond,FP,Mahonia.repens,3,2.3,23
2022,Frogs.Pond,FP,Mahonia.repens,4,1.9,19
2022,Frogs.Pond,FP,Mahonia.repens,5,2,20
2022,Frogs.Pond,FP,Mahonia.repens,6,0.1,1
2022,Frogs.Pond,FP,Mertensia.ciliata,9,5.9,59
2022,Frogs.Pond,FP,Mertensia.fusiformis,2,77.9,779
2022,Frogs.Pond,FP,Mertensia.fusiformis,3,101.5,1015
2022,Frogs.Pond,FP,Mertensia.fusiformis,4,25.7,257
2022,Frogs.Pond,FP,Mertensia.fusiformis,5,0.4,4
2022,Frogs.Pond,FP,Pentaphylloides.floribunda,6,0.5,5
2022,Frogs.Pond,FP,Pentaphylloides.floribunda,7,3,30
2022,Frogs.Pond,FP,Pentaphylloides.floribunda,8,2.4,24
2022,Frogs.Pond,FP,Pentaphylloides.floribunda,9,1.7,17
2022,Frogs.Pond,FP,Pentaphylloides.floribunda,10,5.3,53
2022,Frogs.Pond,FP,Pentaphylloides.floribunda,11,2.4,24
2022,Frogs.Pond,FP,Pentaphylloides.floribunda,12,2.5,25
2022,Frogs.Pond,FP,Pentaphylloides.floribunda,13,2.7,27
2022,Frogs.Pond,FP,Pentaphylloides.floribunda,14,1.6,16
2022,Frogs.Pond,FP,Pentaphylloides.floribunda,15,1.3,13
2022,Frogs.Pond,FP,Pentaphylloides.floribunda,16,0.1,1
2022,Frogs.Pond,FP,Potentilla.pulcherrima,5,0.2,2
2022,Frogs.Pond,FP,Potentilla.pulcherrima,6,0.7000000000000001,7
2022,Frogs.Pond,FP,Potentilla.pulcherrima,7,3.8000000000000003,38
2022,Frogs.Pond,FP,Potentilla.pulcherrima,8,6,60
2022,Frogs.Pond,FP,Potentilla.pulcherrima,9,11.6,116
2022,Frogs.Pond,FP,Potentilla.pulcherrima,10,27.2,272
2022,Frogs.Pond,FP,Potentilla.pulcherrima,11,14.2,142
2022,Frogs.Pond,FP,Potentilla.pulcherrima,12,5.4,54
2022,Frogs.Pond,FP,Potentilla.pulcherrima,13,1.1,11
2022,Frogs.Pond,FP,Pseudocymopterus.montanus,7,0.1,1
2022,Frogs.Pond,FP,Pseudocymopterus.montanus,10,0.1,1
2022,Frogs.Pond,FP,Pyrrocoma.crocea,10,0.1,1
2022,Frogs.Pond,FP,Pyrrocoma.crocea,11,0.4,4
2022,Frogs.Pond,FP,Pyrrocoma.crocea,12,0.2,2
2022,Frogs.Pond,FP,Pyrrocoma.crocea,13,0.2,2
2022,Frogs.Pond,FP,Pyrrocoma.crocea,14,0.2,2
2022,Frogs.Pond,FP,Senecio.integerrimus,4,0.7,7
2022,Frogs.Pond,FP,Senecio.integerrimus,5,12.8,128
2022,Frogs.Pond,FP,Senecio.integerrimus,6,15.8,158
2022,Frogs.Pond,FP,Senecio.integerrimus,7,10.200000000000001,102
2022,Frogs.Pond,FP,Senecio.integerrimus,8,1.9,19
2022,Frogs.Pond,FP,Senecio.serra,12,0.4,4
2022,Frogs.Pond,FP,Senecio.serra,13,3.3000000000000003,33
2022,Frogs.Pond,FP,Senecio.serra,14,0.5,5
2022,Frogs.Pond,FP,Senecio.serra,15,0.1,1
2022,Frogs.Pond,FP,Sidalcea.candida,11,0.2,2
2022,Frogs.Pond,FP,Solidago.multiradiata,11,23.1,231
2022,Frogs.Pond,FP,Solidago.multiradiata,12,12.2,122
2022,Frogs.Pond,FP,Solidago.multiradiata,13,25.9,259
2022,Frogs.Pond,FP,Solidago.multiradiata,14,1.5,15
2022,Frogs.Pond,FP,Solidago.multiradiata,15,2.4,24
2022,Frogs.Pond,FP,Symphyotrichum.spathulatum,12,0.1,1
2022,Frogs.Pond,FP,Symphyotrichum.spathulatum,13,0.7,7
2022,Frogs.Pond,FP,Taraxacum.officinale,3,0.4,4
2022,Frogs.Pond,FP,Taraxacum.officinale,4,0.5,5
2022,Frogs.Pond,FP,Taraxacum.officinale,5,1.1,11
2022,Frogs.Pond,FP,Taraxacum.officinale,6,1.1,11
2022,Frogs.Pond,FP,Taraxacum.officinale,7,0.1,1
2022,Frogs.Pond,FP,Taraxacum.officinale,8,0.1,1
2022,Frogs.Pond,FP,Taraxacum.officinale,10,0.3,3
2022,Frogs.Pond,FP,Taraxacum.officinale,11,0.1,1
2022,Frogs.Pond,FP,Thlaspi.arvense,10,0.4,4
2022,Frogs.Pond,FP,Thlaspi.arvense,16,0.2,2
2022,Frogs.Pond,FP,Valeriana.occidentalis,3,0.1,1
2022,Frogs.Pond,FP,Valeriana.occidentalis,4,0.8,8
2022,Frogs.Pond,FP,Valeriana.occidentalis,5,1,10
2022,Frogs.Pond,FP,Valeriana.occidentalis,6,0.2,2
2022,Frogs.Pond,FP,Valeriana.occidentalis,7,0.5,5
2022,Frogs.Pond,FP,Valeriana.occidentalis,8,0.1,1
2022,Frogs.Pond,FP,Vicia.americana,6,0.7,7
2022,Frogs.Pond,FP,Vicia.americana,7,7.3,73
2022,Frogs.Pond,FP,Vicia.americana,8,6.7,67
2022,Frogs.Pond,FP,Vicia.americana,9,2.4,24
2022,Frogs.Pond,FP,Vicia.americana,10,5.5,55
2022,Frogs.Pond,FP,Vicia.americana,11,4,40
2022,Frogs.Pond,FP,Vicia.americana,12,0.3,3
2022,Frogs.Pond,FP,Vicia.americana,13,1,10
2022,Frogs.Pond,FP,Viola.adunca,5,0.7,7
2022,Frogs.Pond,FP,Viola.adunca,6,0.3,3
2022,Frogs.Pond,FP,Viola.adunca,7,0.3,3
2022,Frogs.Pond,FP,Viola.praemorsa,3,10,100
2022,Frogs.Pond,FP,Viola.praemorsa,4,8.5,85
2022,Frogs.Pond,FP,Viola.praemorsa,5,0.4,4
2022,Frogs.Pond,FP,Wyethia.arizonica,8,0.2,2
2022,Gothic.Spires,GS,Achillea.millefolium,10,1.4,14
2022,Gothic.Spires,GS,Achillea.millefolium,11,2.7,27
2022,Gothic.Spires,GS,Achillea.millefolium,12,2.9000000000000004,29
2022,Gothic.Spires,GS,Achillea.millefolium,13,3.3,33
2022,Gothic.Spires,GS,Achillea.millefolium,14,2.9,29
2022,Gothic.Spires,GS,Achillea.millefolium,15,2.7,27
2022,Gothic.Spires,GS,Achillea.millefolium,16,0.8,8
2022,Gothic.Spires,GS,Achillea.millefolium,18,0.5,5
2022,Gothic.Spires,GS,Aconitum.columbianum,8,0.6,6
2022,Gothic.Spires,GS,Aconitum.columbianum,9,4.699999999999999,47
2022,Gothic.Spires,GS,Aconitum.columbianum,10,17.1,171
2022,Gothic.Spires,GS,Aconitum.columbianum,11,21.8,218
2022,Gothic.Spires,GS,Aconitum.columbianum,12,14.3,143
2022,Gothic.Spires,GS,Aconitum.columbianum,13,0.8,8
2022,Gothic.Spires,GS,Adenolinum.lewisii,6,0.1,1
2022,Gothic.Spires,GS,Adenolinum.lewisii,7,0.1,1
2022,Gothic.Spires,GS,Adenolinum.lewisii,8,0.6,6
2022,Gothic.Spires,GS,Adenolinum.lewisii,9,0.1,1
2022,Gothic.Spires,GS,Adenolinum.lewisii,10,0.1,1
2022,Gothic.Spires,GS,Agoseris.aurantiaca,10,0.1,1
2022,Gothic.Spires,GS,Amerosedum.lanceolatum,10,0.6,6
2022,Gothic.Spires,GS,Amerosedum.lanceolatum,11,3.6,36
2022,Gothic.Spires,GS,Amerosedum.lanceolatum,12,2.9,29
2022,Gothic.Spires,GS,Amerosedum.lanceolatum,13,0.7,7
2022,Gothic.Spires,GS,Aster.foliaceus,12,0.2,2
2022,Gothic.Spires,GS,Aster.foliaceus,13,1.1,11
2022,Gothic.Spires,GS,Aster.foliaceus,15,2.2,22
2022,Gothic.Spires,GS,Campanula.rotundifolia,16,0.1,1
2022,Gothic.Spires,GS,Castilleja.sulphurea,8,0.3,3
2022,Gothic.Spires,GS,Castilleja.sulphurea,9,0.6000000000000001,6
2022,Gothic.Spires,GS,Castilleja.sulphurea,10,0.6,6
2022,Gothic.Spires,GS,Castilleja.sulphurea,11,1.1,11
2022,Gothic.Spires,GS,Castilleja.sulphurea,12,0.6,6
2022,Gothic.Spires,GS,Castilleja.sulphurea,13,0.3,3
2022,Gothic.Spires,GS,Castilleja.sulphurea,14,0.5,5
2022,Gothic.Spires,GS,Castilleja.sulphurea,15,0.7,7
2022,Gothic.Spires,GS,Castilleja.sulphurea,16,0.2,2
2022,Gothic.Spires,GS,Cirsium.parryi,13,0.2,2
2022,Gothic.Spires,GS,Claytonia.lanceolata,1,0.30000000000000004,3
2022,Gothic.Spires,GS,Claytonia.lanceolata,2,863.3,8633
2022,Gothic.Spires,GS,Claytonia.lanceolata,3,458.3,4583
2022,Gothic.Spires,GS,Claytonia.lanceolata,4,17.9,179
2022,Gothic.Spires,GS,Collomia.linearis,9,1.4,14
2022,Gothic.Spires,GS,Collomia.linearis,10,5.4,54
2022,Gothic.Spires,GS,Collomia.linearis,11,4,40
2022,Gothic.Spires,GS,Collomia.linearis,16,0.5,5
2022,Gothic.Spires,GS,Corallorhiza.maculata,9,0.2,2
2022,Gothic.Spires,GS,Delphinium.barbeyi,10,16.599999999999998,166
2022,Gothic.Spires,GS,Delphinium.barbeyi,11,7.8,78
2022,Gothic.Spires,GS,Delphinium.barbeyi,12,3.9,39
2022,Gothic.Spires,GS,Delphinium.nuttallianum,4,2.1,21
2022,Gothic.Spires,GS,Delphinium.nuttallianum,5,102.39999999999999,1024
2022,Gothic.Spires,GS,Delphinium.nuttallianum,6,31.599999999999998,316
2022,Gothic.Spires,GS,Delphinium.nuttallianum,7,3.6,36
2022,Gothic.Spires,GS,Delphinium.nuttallianum,8,0.1,1
2022,Gothic.Spires,GS,Distegia.involucrata,6,0.4,4
2022,Gothic.Spires,GS,Dodecatheon.pulchellum,6,6,60
2022,Gothic.Spires,GS,Dodecatheon.pulchellum,7,13.399999999999999,134
2022,Gothic.Spires,GS,Dodecatheon.pulchellum,8,5,50
2022,Gothic.Spires,GS,Draba.aurea,5,3.5,35
2022,Gothic.Spires,GS,Draba.aurea,6,2.8,28
2022,Gothic.Spires,GS,Draba.aurea,7,0.6,6
2022,Gothic.Spires,GS,Draba.aurea,8,0.1,1
2022,Gothic.Spires,GS,Eremogone.congesta,8,1.4,14
2022,Gothic.Spires,GS,Eremogone.congesta,9,14.1,141
2022,Gothic.Spires,GS,Eremogone.congesta,10,54.7,547
2022,Gothic.Spires,GS,Eremogone.congesta,11,81.6,816
2022,Gothic.Spires,GS,Eremogone.congesta,12,78.7,787
2022,Gothic.Spires,GS,Eremogone.congesta,13,30.7,307
2022,Gothic.Spires,GS,Eremogone.congesta,15,1,10
2022,Gothic.Spires,GS,Erigeron.elatior,10,0.2,2
2022,Gothic.Spires,GS,Erigeron.elatior,11,3.4,34
2022,Gothic.Spires,GS,Erigeron.elatior,12,4.1,41
2022,Gothic.Spires,GS,Erigeron.elatior,13,1.8,18
2022,Gothic.Spires,GS,Erigeron.elatior,14,0.4,4
2022,Gothic.Spires,GS,Erigeron.elatior,15,0.8,8
2022,Gothic.Spires,GS,Erigeron.speciosus,9,0.30000000000000004,3
2022,Gothic.Spires,GS,Erigeron.speciosus,10,14.700000000000001,147
2022,Gothic.Spires,GS,Erigeron.speciosus,11,22.1,221
2022,Gothic.Spires,GS,Erigeron.speciosus,12,23.5,235
2022,Gothic.Spires,GS,Erigeron.speciosus,13,9.799999999999999,98
2022,Gothic.Spires,GS,Erigeron.speciosus,14,1.5,15
2022,Gothic.Spires,GS,Erigeron.speciosus,15,0.4,4
2022,Gothic.Spires,GS,Erythronium.grandiflorum,2,12.7,127
2022,Gothic.Spires,GS,Erythronium.grandiflorum,3,13.2,132
2022,Gothic.Spires,GS,Erythronium.grandiflorum,4,8.3,83
2022,Gothic.Spires,GS,Fragaria.virginiana,4,0.1,1
2022,Gothic.Spires,GS,Fragaria.virginiana,5,22.8,228
2022,Gothic.Spires,GS,Fragaria.virginiana,6,7.6000000000000005,76
2022,Gothic.Spires,GS,Fragaria.virginiana,7,0.5,5
2022,Gothic.Spires,GS,Fragaria.virginiana,8,0.7,7
2022,Gothic.Spires,GS,Geranium.richardsonii,7,1.1,11
2022,Gothic.Spires,GS,Geranium.richardsonii,8,1.4000000000000001,14
2022,Gothic.Spires,GS,Geranium.richardsonii,9,0.8,8
2022,Gothic.Spires,GS,Geranium.richardsonii,10,3.5,35
2022,Gothic.Spires,GS,Geranium.richardsonii,11,1.8,18
2022,Gothic.Spires,GS,Geranium.richardsonii,12,0.8,8
2022,Gothic.Spires,GS,Geranium.richardsonii,13,0.6000000000000001,6
2022,Gothic.Spires,GS,Geum.aleppicum,8,0.4,4
2022,Gothic.Spires,GS,Geum.aleppicum,9,0.7,7
2022,Gothic.Spires,GS,Geum.aleppicum,10,0.8,8
2022,Gothic.Spires,GS,Geum.aleppicum,11,0.2,2
2022,Gothic.Spires,GS,Geum.aleppicum,12,3.8,38
2022,Gothic.Spires,GS,Helianthella.quinquenervis,8,0.1,1
2022,Gothic.Spires,GS,Helianthella.quinquenervis,9,2.1,21
2022,Gothic.Spires,GS,Helianthella.quinquenervis,10,4.7,47
2022,Gothic.Spires,GS,Helianthella.quinquenervis,11,1.4,14
2022,Gothic.Spires,GS,Helianthella.quinquenervis,12,2.7,27
2022,Gothic.Spires,GS,Heliomeris.multiflora,10,0.5,5
2022,Gothic.Spires,GS,Heliomeris.multiflora,11,15.7,157
2022,Gothic.Spires,GS,Heliomeris.multiflora,12,38.6,386
2022,Gothic.Spires,GS,Heliomeris.multiflora,13,60.5,605
2022,Gothic.Spires,GS,Heliomeris.multiflora,14,48.3,483
2022,Gothic.Spires,GS,Heliomeris.multiflora,15,46.4,464
2022,Gothic.Spires,GS,Heliomeris.multiflora,16,25.45,254.5
2022,Gothic.Spires,GS,Heliomeris.multiflora,17,24.599999999999998,246
2022,Gothic.Spires,GS,Heliomeris.multiflora,18,9.8,98
2022,Gothic.Spires,GS,Heliomeris.multiflora,19,0.5,5
2022,Gothic.Spires,GS,Hydrophyllum.capitatum,4,4.8,48
2022,Gothic.Spires,GS,Hydrophyllum.capitatum,5,11.6,116
2022,Gothic.Spires,GS,Hydrophyllum.fendleri,6,0.6,6
2022,Gothic.Spires,GS,Hydrophyllum.fendleri,7,0.7,7
2022,Gothic.Spires,GS,Hydrophyllum.fendleri,8,0.6,6
2022,Gothic.Spires,GS,Lathyrus.leucanthus,5,8.9,89
2022,Gothic.Spires,GS,Lathyrus.leucanthus,6,23.9,239
2022,Gothic.Spires,GS,Lathyrus.leucanthus,7,26,260
2022,Gothic.Spires,GS,Lathyrus.leucanthus,8,38.4,384
2022,Gothic.Spires,GS,Lathyrus.leucanthus,9,8.8,88
2022,Gothic.Spires,GS,Lathyrus.leucanthus,10,0.4,4
2022,Gothic.Spires,GS,Ligularia.bigelovii,11,0.4,4
2022,Gothic.Spires,GS,Ligularia.bigelovii,12,0.1,1
2022,Gothic.Spires,GS,Ligularia.bigelovii,14,0.3,3
2022,Gothic.Spires,GS,Ligusticum.porteri,8,5.4,54
2022,Gothic.Spires,GS,Ligusticum.porteri,9,15.9,159
2022,Gothic.Spires,GS,Ligusticum.porteri,10,20.7,207
2022,Gothic.Spires,GS,Ligusticum.porteri,11,4.8,48
2022,Gothic.Spires,GS,Mertensia.ciliata,6,1.5,15
2022,Gothic.Spires,GS,Mertensia.ciliata,7,10.799999999999999,108
2022,Gothic.Spires,GS,Mertensia.ciliata,8,18.2,182
2022,Gothic.Spires,GS,Mertensia.ciliata,9,24.5,245
2022,Gothic.Spires,GS,Mertensia.ciliata,10,15.2,152
2022,Gothic.Spires,GS,Mertensia.ciliata,11,2.5,25
2022,Gothic.Spires,GS,Mertensia.fusiformis,2,1.5999999999999999,16
2022,Gothic.Spires,GS,Mertensia.fusiformis,3,27.6,276
2022,Gothic.Spires,GS,Mertensia.fusiformis,4,20.8,208
2022,Gothic.Spires,GS,Mertensia.fusiformis,5,11.2,112
2022,Gothic.Spires,GS,Noccaea.fendleri,7,0.30000000000000004,3
2022,Gothic.Spires,GS,Pentaphylloides.floribunda,7,0.6,6
2022,Gothic.Spires,GS,Pentaphylloides.floribunda,8,1,10
2022,Gothic.Spires,GS,Pentaphylloides.floribunda,9,0.6,6
2022,Gothic.Spires,GS,Pentaphylloides.floribunda,10,2.5,25
2022,Gothic.Spires,GS,Pentaphylloides.floribunda,11,2.3,23
2022,Gothic.Spires,GS,Pentaphylloides.floribunda,12,2.9,29
2022,Gothic.Spires,GS,Pentaphylloides.floribunda,13,1.7,17
2022,Gothic.Spires,GS,Pentaphylloides.floribunda,14,1.1,11
2022,Gothic.Spires,GS,Pentaphylloides.floribunda,15,1.1,11
2022,Gothic.Spires,GS,Pentaphylloides.floribunda,16,0.1,1
2022,Gothic.Spires,GS,Potentilla.pulcherrima,6,0.6,6
2022,Gothic.Spires,GS,Potentilla.pulcherrima,7,15.8,158
2022,Gothic.Spires,GS,Potentilla.pulcherrima,8,14.6,146
2022,Gothic.Spires,GS,Potentilla.pulcherrima,9,49.7,497
2022,Gothic.Spires,GS,Potentilla.pulcherrima,10,58.4,584
2022,Gothic.Spires,GS,Potentilla.pulcherrima,11,42.6,426
2022,Gothic.Spires,GS,Potentilla.pulcherrima,12,17.1,171
2022,Gothic.Spires,GS,Potentilla.pulcherrima,13,2.7,27
2022,Gothic.Spires,GS,Prunella.vulgaris,9,0.6,6
2022,Gothic.Spires,GS,Prunella.vulgaris,10,2.8,28
2022,Gothic.Spires,GS,Pseudocymopterus.montanus,5,0.8,8
2022,Gothic.Spires,GS,Pseudocymopterus.montanus,7,1.4000000000000001,14
2022,Gothic.Spires,GS,Pseudocymopterus.montanus,8,1.2,12
2022,Gothic.Spires,GS,Pseudocymopterus.montanus,9,1,10
2022,Gothic.Spires,GS,Pseudocymopterus.montanus,10,0.5,5
2022,Gothic.Spires,GS,Pseudocymopterus.montanus,11,0.1,1
2022,Gothic.Spires,GS,Ranunculus.inamoenus,4,0.7,7
2022,Gothic.Spires,GS,Ranunculus.inamoenus,5,0.5,5
2022,Gothic.Spires,GS,Salix.sp,2,0.6,6
2022,Gothic.Spires,GS,Salix.sp,3,3.5,35
2022,Gothic.Spires,GS,Senecio.integerrimus,5,15.2,152
2022,Gothic.Spires,GS,Senecio.integerrimus,6,26.9,269
2022,Gothic.Spires,GS,Senecio.integerrimus,7,14.1,141
2022,Gothic.Spires,GS,Senecio.integerrimus,8,0.2,2
2022,Gothic.Spires,GS,Senecio.serra,13,0.6,6
2022,Gothic.Spires,GS,Solidago.multiradiata,10,10.6,106
2022,Gothic.Spires,GS,Solidago.multiradiata,11,22,220
2022,Gothic.Spires,GS,Solidago.multiradiata,12,20,200
2022,Gothic.Spires,GS,Solidago.multiradiata,13,5.5,55
2022,Gothic.Spires,GS,Symphoricarpos.rotundifolius,10,0.9,9
2022,Gothic.Spires,GS,Symphoricarpos.rotundifolius,16,0.2,2
2022,Gothic.Spires,GS,Symphoricarpos.rotundifolius,17,0.1,1
2022,Gothic.Spires,GS,Taraxacum.officinale,3,0.2,2
2022,Gothic.Spires,GS,Taraxacum.officinale,4,8,80
2022,Gothic.Spires,GS,Taraxacum.officinale,5,227.6,2276
2022,Gothic.Spires,GS,Taraxacum.officinale,6,48.1,481
2022,Gothic.Spires,GS,Taraxacum.officinale,7,4.6000000000000005,46
2022,Gothic.Spires,GS,Taraxacum.officinale,8,0.30000000000000004,3
2022,Gothic.Spires,GS,Taraxacum.officinale,9,0.30000000000000004,3
2022,Gothic.Spires,GS,Taraxacum.officinale,10,0.2,2
2022,Gothic.Spires,GS,Taraxacum.officinale,11,0.2,2
2022,Gothic.Spires,GS,Taraxacum.officinale,18,0.1,1
2022,Gothic.Spires,GS,Trifolium.pratense,10,0.2,2
2022,Gothic.Spires,GS,Trifolium.pratense,11,0.7,7
2022,Gothic.Spires,GS,Trifolium.pratense,12,0.7999999999999999,8
2022,Gothic.Spires,GS,Trifolium.pratense,13,1.1,11
2022,Gothic.Spires,GS,Trifolium.pratense,14,0.30000000000000004,3
2022,Gothic.Spires,GS,Trifolium.pratense,15,0.4,4
2022,Gothic.Spires,GS,Trifolium.repens,11,0.2,2
2022,Gothic.Spires,GS,Trifolium.repens,12,1,10
2022,Gothic.Spires,GS,Trifolium.repens,13,1.6,16
2022,Gothic.Spires,GS,Trifolium.repens,15,0.9,9
2022,Gothic.Spires,GS,Trifolium.repens,16,0.4,4
2022,Gothic.Spires,GS,Trifolium.repens,18,0.3,3
2022,Gothic.Spires,GS,Valeriana.occidentalis,5,1.7000000000000002,17
2022,Gothic.Spires,GS,Valeriana.occidentalis,6,1.1,11
2022,Gothic.Spires,GS,Valeriana.occidentalis,7,2.4,24
2022,Gothic.Spires,GS,Valeriana.occidentalis,8,0.3,3
2022,Gothic.Spires,GS,Valeriana.occidentalis,9,0.30000000000000004,3
2022,Gothic.Spires,GS,Valeriana.occidentalis,10,0.2,2
2022,Gothic.Spires,GS,Vicia.americana,7,0.4,4
2022,Gothic.Spires,GS,Vicia.americana,8,3.1,31
2022,Gothic.Spires,GS,Vicia.americana,9,8.6,86
2022,Gothic.Spires,GS,Vicia.americana,10,1.1,11
2022,Gothic.Spires,GS,Vicia.americana,11,0.5,5
2022,Gothic.Spires,GS,Vicia.americana,12,0.4,4
2022,Gothic.Spires,GS,Viola.adunca,5,4.6,46
2022,Gothic.Spires,GS,Viola.adunca,6,0.8999999999999999,9
2022,Gothic.Spires,GS,Viola.praemorsa,4,30.5,305
2022,Gothic.Spires,GS,Viola.praemorsa,5,4.3999999999999995,44
2022,Rosy.Hills,RH,Achillea.millefolium,10,0.5,5
2022,Rosy.Hills,RH,Achillea.millefolium,11,1.6,16
2022,Rosy.Hills,RH,Achillea.millefolium,12,1.2000000000000002,12
2022,Rosy.Hills,RH,Achillea.millefolium,13,1.9,19
2022,Rosy.Hills,RH,Achillea.millefolium,15,1.2,12
2022,Rosy.Hills,RH,Achillea.millefolium,16,0.8,8
2022,Rosy.Hills,RH,Aconitum.columbianum,8,1.1,11
2022,Rosy.Hills,RH,Aconitum.columbianum,9,2.1,21
2022,Rosy.Hills,RH,Aconitum.columbianum,10,4.4,44
2022,Rosy.Hills,RH,Aconitum.columbianum,11,5,50
2022,Rosy.Hills,RH,Aconitum.columbianum,12,1.6,16
2022,Rosy.Hills,RH,Adenolinum.lewisii,7,0.5,5
2022,Rosy.Hills,RH,Adenolinum.lewisii,8,0.7,7
2022,Rosy.Hills,RH,Adenolinum.lewisii,9,0.5,5
2022,Rosy.Hills,RH,Adenolinum.lewisii,10,0.30000000000000004,3
2022,Rosy.Hills,RH,Agastache.urticifolia,10,2,20
2022,Rosy.Hills,RH,Agastache.urticifolia,11,4.3,43
2022,Rosy.Hills,RH,Agastache.urticifolia,12,3.1,31
2022,Rosy.Hills,RH,Agastache.urticifolia,13,2.8,28
2022,Rosy.Hills,RH,Agastache.urticifolia,14,1,10
2022,Rosy.Hills,RH,Aster.foliaceus,16,0.3,3
2022,Rosy.Hills,RH,Calochortus.gunnisonii,11,1.3,13
2022,Rosy.Hills,RH,Calochortus.gunnisonii,12,0.30000000000000004,3
2022,Rosy.Hills,RH,Campanula.rotundifolia,11,0.1,1
2022,Rosy.Hills,RH,Castilleja.linariifolia,10,0.1,1
2022,Rosy.Hills,RH,Castilleja.sulphurea,12,0.3,3
2022,Rosy.Hills,RH,Chrysothamnus.viscidiflorus,15,2.6,26
2022,Rosy.Hills,RH,Chrysothamnus.viscidiflorus,16,1.1,11
2022,Rosy.Hills,RH,Chrysothamnus.viscidiflorus,17,2.6,26
2022,Rosy.Hills,RH,Cirsium.eatonii,16,0.1,1
2022,Rosy.Hills,RH,Claytonia.lanceolata,1,0.2,2
2022,Rosy.Hills,RH,Claytonia.lanceolata,2,233.70000000000002,2337
2022,Rosy.Hills,RH,Claytonia.lanceolata,3,94.7,947
2022,Rosy.Hills,RH,Claytonia.lanceolata,4,1.7999999999999998,18
2022,Rosy.Hills,RH,Collomia.linearis,10,2.5,25
2022,Rosy.Hills,RH,Collomia.linearis,11,0.1,1
2022,Rosy.Hills,RH,Collomia.linearis,12,4.1,41
2022,Rosy.Hills,RH,Collomia.linearis,15,0.2,2
2022,Rosy.Hills,RH,Delphinium.barbeyi,8,0.1,1
2022,Rosy.Hills,RH,Delphinium.barbeyi,9,0.5,5
2022,Rosy.Hills,RH,Delphinium.barbeyi,10,12.3,123
2022,Rosy.Hills,RH,Delphinium.barbeyi,11,15.1,151
2022,Rosy.Hills,RH,Delphinium.barbeyi,12,6.4,64
2022,Rosy.Hills,RH,Delphinium.nuttallianum,3,0.30000000000000004,3
2022,Rosy.Hills,RH,Delphinium.nuttallianum,4,22,220
2022,Rosy.Hills,RH,Delphinium.nuttallianum,5,50.8,508
2022,Rosy.Hills,RH,Delphinium.nuttallianum,6,12.799999999999999,128
2022,Rosy.Hills,RH,Delphinium.nuttallianum,7,2,20
2022,Rosy.Hills,RH,Dugaldia.hoopesii,9,1.2,12
2022,Rosy.Hills,RH,Dugaldia.hoopesii,10,3.7,37
2022,Rosy.Hills,RH,Dugaldia.hoopesii,11,4.3,43
2022,Rosy.Hills,RH,Dugaldia.hoopesii,12,0.3,3
2022,Rosy.Hills,RH,Eremogone.congesta,7,5.8,58
2022,Rosy.Hills,RH,Eremogone.congesta,8,74.2,742
2022,Rosy.Hills,RH,Eremogone.congesta,9,236.20000000000002,2362
2022,Rosy.Hills,RH,Eremogone.congesta,10,187.2,1872
2022,Rosy.Hills,RH,Eremogone.congesta,11,25.8,258
2022,Rosy.Hills,RH,Eremogone.congesta,12,21.2,212
2022,Rosy.Hills,RH,Ericameria.parryi,14,3.3,33
2022,Rosy.Hills,RH,Ericameria.parryi,16,3.1,31
2022,Rosy.Hills,RH,Ericameria.parryi,17,2.7,27
2022,Rosy.Hills,RH,Ericameria.parryi,18,7.1000000000000005,71
2022,Rosy.Hills,RH,Ericameria.parryi,19,3.4,34
2022,Rosy.Hills,RH,Erigeron.elatior,10,0.5,5
2022,Rosy.Hills,RH,Erigeron.elatior,11,3.3,33
2022,Rosy.Hills,RH,Erigeron.elatior,12,3,30
2022,Rosy.Hills,RH,Erigeron.elatior,13,1.4,14
2022,Rosy.Hills,RH,Erigeron.elatior,14,1.7000000000000002,17
2022,Rosy.Hills,RH,Erigeron.speciosus,9,0.6,6
2022,Rosy.Hills,RH,Erigeron.speciosus,10,22.9,229
2022,Rosy.Hills,RH,Erigeron.speciosus,11,65.4,654
2022,Rosy.Hills,RH,Erigeron.speciosus,12,65.5,655
2022,Rosy.Hills,RH,Erigeron.speciosus,13,10,100
2022,Rosy.Hills,RH,Erigeron.speciosus,14,6,60
2022,Rosy.Hills,RH,Erigeron.speciosus,15,0.9,9
2022,Rosy.Hills,RH,Erigeron.speciosus,16,0.1,1
2022,Rosy.Hills,RH,Eriogonum.subalpinum,8,5,50
2022,Rosy.Hills,RH,Eriogonum.subalpinum,9,4,40
2022,Rosy.Hills,RH,Eriogonum.subalpinum,10,3.1,31
2022,Rosy.Hills,RH,Eriogonum.subalpinum,11,0.30000000000000004,3
2022,Rosy.Hills,RH,Eriogonum.subalpinum,12,0.30000000000000004,3
2022,Rosy.Hills,RH,Eriogonum.subalpinum,13,13.6,136
2022,Rosy.Hills,RH,Eriogonum.umbellatum,6,7,70
2022,Rosy.Hills,RH,Eriogonum.umbellatum,7,16.8,168
2022,Rosy.Hills,RH,Eriogonum.umbellatum,8,39.2,392
2022,Rosy.Hills,RH,Eriogonum.umbellatum,9,39.1,391
2022,Rosy.Hills,RH,Eriogonum.umbellatum,10,24,240
2022,Rosy.Hills,RH,Eriogonum.umbellatum,11,5.4,54
2022,Rosy.Hills,RH,Eriogonum.umbellatum,12,4.3999999999999995,44
2022,Rosy.Hills,RH,Erythrocoma.triflora,4,0.2,2
2022,Rosy.Hills,RH,Erythrocoma.triflora,5,0.4,4
2022,Rosy.Hills,RH,Erythrocoma.triflora,6,1.3,13
2022,Rosy.Hills,RH,Erythrocoma.triflora,7,1.5,15
2022,Rosy.Hills,RH,Erythrocoma.triflora,8,1.1,11
2022,Rosy.Hills,RH,Erythrocoma.triflora,9,0.4,4
2022,Rosy.Hills,RH,Erythrocoma.triflora,10,0.7,7
2022,Rosy.Hills,RH,Eucephalus.engelmannii,11,0.3,3
2022,Rosy.Hills,RH,Eucephalus.engelmannii,12,0.4,4
2022,Rosy.Hills,RH,Eucephalus.engelmannii,13,0.4,4
2022,Rosy.Hills,RH,Geranium.richardsonii,6,0.1,1
2022,Rosy.Hills,RH,Geranium.richardsonii,8,0.2,2
2022,Rosy.Hills,RH,Geranium.richardsonii,9,0.2,2
2022,Rosy.Hills,RH,Geranium.richardsonii,10,0.9,9
2022,Rosy.Hills,RH,Geranium.richardsonii,11,0.6,6
2022,Rosy.Hills,RH,Geranium.richardsonii,12,0.1,1
2022,Rosy.Hills,RH,Helianthella.quinquenervis,8,0.1,1
2022,Rosy.Hills,RH,Helianthella.quinquenervis,9,6,60
2022,Rosy.Hills,RH,Helianthella.quinquenervis,10,17.9,179
2022,Rosy.Hills,RH,Helianthella.quinquenervis,11,18.1,181
2022,Rosy.Hills,RH,Helianthella.quinquenervis,12,2.4,24
2022,Rosy.Hills,RH,Helianthella.quinquenervis,13,1.4,14
2022,Rosy.Hills,RH,Heliomeris.multiflora,9,0.1,1
2022,Rosy.Hills,RH,Heliomeris.multiflora,11,0.4,4
2022,Rosy.Hills,RH,Heliomeris.multiflora,12,0.8,8
2022,Rosy.Hills,RH,Heliomeris.multiflora,13,4.5,45
2022,Rosy.Hills,RH,Heliomeris.multiflora,14,5.6,56
2022,Rosy.Hills,RH,Heliomeris.multiflora,15,6.8999999999999995,69
2022,Rosy.Hills,RH,Heliomeris.multiflora,16,11.600000000000001,116
2022,Rosy.Hills,RH,Heliomeris.multiflora,17,6.3,63
2022,Rosy.Hills,RH,Heliomeris.multiflora,18,1.3,13
2022,Rosy.Hills,RH,Heracleum.sphondylium,10,0.4,4
2022,Rosy.Hills,RH,Heracleum.sphondylium,11,0.5,5
2022,Rosy.Hills,RH,Heracleum.sphondylium,12,0.4,4
2022,Rosy.Hills,RH,Hydrophyllum.fendleri,6,2,20
2022,Rosy.Hills,RH,Hydrophyllum.fendleri,7,1.4,14
2022,Rosy.Hills,RH,Hydrophyllum.fendleri,8,0.3,3
2022,Rosy.Hills,RH,Ipomopsis.aggregata,12,1.9,19
2022,Rosy.Hills,RH,Ipomopsis.aggregata,13,2.5,25
2022,Rosy.Hills,RH,Ipomopsis.aggregata,14,3.5,35
2022,Rosy.Hills,RH,Ipomopsis.aggregata,16,0.1,1
2022,Rosy.Hills,RH,Lathyrus.leucanthus,6,4.7,47
2022,Rosy.Hills,RH,Lathyrus.leucanthus,7,13.3,133
2022,Rosy.Hills,RH,Lathyrus.leucanthus,8,10.3,103
2022,Rosy.Hills,RH,Lathyrus.leucanthus,9,1.2999999999999998,13
2022,Rosy.Hills,RH,Ligusticum.porteri,7,0.1,1
2022,Rosy.Hills,RH,Ligusticum.porteri,8,3.8000000000000003,38
2022,Rosy.Hills,RH,Ligusticum.porteri,9,15.2,152
2022,Rosy.Hills,RH,Ligusticum.porteri,10,18.8,188
2022,Rosy.Hills,RH,Ligusticum.porteri,11,1.4000000000000001,14
2022,Rosy.Hills,RH,Lupinus.bakeri,6,30.7,307
2022,Rosy.Hills,RH,Lupinus.bakeri,7,78.6,786
2022,Rosy.Hills,RH,Lupinus.bakeri,8,26.8,268
2022,Rosy.Hills,RH,Lupinus.bakeri,9,9.9,99
2022,Rosy.Hills,RH,Mahonia.repens,3,0.7,7
2022,Rosy.Hills,RH,Mahonia.repens,4,5.7,57
2022,Rosy.Hills,RH,Mahonia.repens,5,5.7,57
2022,Rosy.Hills,RH,Mertensia.fusiformis,2,31.3,313
2022,Rosy.Hills,RH,Mertensia.fusiformis,3,95.6,956
2022,Rosy.Hills,RH,Mertensia.fusiformis,4,29.900000000000002,299
2022,Rosy.Hills,RH,Mertensia.fusiformis,5,5,50
2022,Rosy.Hills,RH,Mertensia.fusiformis,6,0.1,1
2022,Rosy.Hills,RH,Noccaea.fendleri,2,0.1,1
2022,Rosy.Hills,RH,Noccaea.fendleri,3,0.6,6
2022,Rosy.Hills,RH,Noccaea.fendleri,4,0.30000000000000004,3
2022,Rosy.Hills,RH,Noccaea.fendleri,5,0.1,1
2022,Rosy.Hills,RH,Pentaphylloides.floribunda,7,0.2,2
2022,Rosy.Hills,RH,Pentaphylloides.floribunda,8,0.3,3
2022,Rosy.Hills,RH,Pentaphylloides.floribunda,9,0.1,1
2022,Rosy.Hills,RH,Pentaphylloides.floribunda,10,0.4,4
2022,Rosy.Hills,RH,Pentaphylloides.floribunda,11,1.3,13
2022,Rosy.Hills,RH,Pentaphylloides.floribunda,12,2.2,22
2022,Rosy.Hills,RH,Pentaphylloides.floribunda,13,0.4,4
2022,Rosy.Hills,RH,Pentaphylloides.floribunda,14,0.3,3
2022,Rosy.Hills,RH,Pentaphylloides.floribunda,15,0.1,1
2022,Rosy.Hills,RH,Potentilla.pulcherrima,6,0.4,4
2022,Rosy.Hills,RH,Potentilla.pulcherrima,7,0.5,5
2022,Rosy.Hills,RH,Potentilla.pulcherrima,8,1.4,14
2022,Rosy.Hills,RH,Potentilla.pulcherrima,9,1.8,18
2022,Rosy.Hills,RH,Potentilla.pulcherrima,10,10.7,107
2022,Rosy.Hills,RH,Potentilla.pulcherrima,11,7.3,73
2022,Rosy.Hills,RH,Potentilla.pulcherrima,12,3.2,32
2022,Rosy.Hills,RH,Potentilla.pulcherrima,13,0.5,5
2022,Rosy.Hills,RH,Pseudocymopterus.montanus,4,0.2,2
2022,Rosy.Hills,RH,Pseudocymopterus.montanus,5,0.3,3
2022,Rosy.Hills,RH,Pseudocymopterus.montanus,6,0.1,1
2022,Rosy.Hills,RH,Pseudocymopterus.montanus,7,0.3,3
2022,Rosy.Hills,RH,Pseudocymopterus.montanus,8,0.9,9
2022,Rosy.Hills,RH,Pseudocymopterus.montanus,9,0.2,2
2022,Rosy.Hills,RH,Pyrrocoma.crocea,11,0.9,9
2022,Rosy.Hills,RH,Pyrrocoma.crocea,12,1.3,13
2022,Rosy.Hills,RH,Rosa.woodsii,10,0.1,1
2022,Rosy.Hills,RH,Senecio.integerrimus,4,1.7,17
2022,Rosy.Hills,RH,Senecio.integerrimus,5,20.5,205
2022,Rosy.Hills,RH,Senecio.integerrimus,6,32.1,321
2022,Rosy.Hills,RH,Senecio.integerrimus,7,14.9,149
2022,Rosy.Hills,RH,Senecio.integerrimus,8,2.3,23
2022,Rosy.Hills,RH,Stellaria.longifolia,8,0.4,4
2022,Rosy.Hills,RH,Symphoricarpos.rotundifolius,8,67.8,678
2022,Rosy.Hills,RH,Symphoricarpos.rotundifolius,9,40.7,407
2022,Rosy.Hills,RH,Taraxacum.officinale,4,0.30000000000000004,3
2022,Rosy.Hills,RH,Taraxacum.officinale,5,0.1,1
2022,Rosy.Hills,RH,Taraxacum.officinale,6,0.4,4
2022,Rosy.Hills,RH,Valeriana.occidentalis,4,3.6,36
2022,Rosy.Hills,RH,Valeriana.occidentalis,5,3.8,38
2022,Rosy.Hills,RH,Valeriana.occidentalis,6,3.4,34
2022,Rosy.Hills,RH,Valeriana.occidentalis,7,2,20
2022,Rosy.Hills,RH,Vicia.americana,7,0.3,3
2022,Rosy.Hills,RH,Vicia.americana,8,6,60
2022,Rosy.Hills,RH,Vicia.americana,9,7.1,71
2022,Rosy.Hills,RH,Vicia.americana,10,9.3,93
2022,Rosy.Hills,RH,Vicia.americana,11,2.3000000000000003,23
2022,Rosy.Hills,RH,Vicia.americana,12,1.4000000000000001,14
2022,Rosy.Hills,RH,Viola.adunca,5,0.1,1
2022,Rosy.Hills,RH,Viola.adunca,6,0.1,1
2022,Rosy.Hills,RH,Viola.praemorsa,3,2.8,28
2022,Rosy.Hills,RH,Viola.praemorsa,4,1.4,14
2022,Rosy.Hills,RH,Wyethia.arizonica,7,1.9000000000000001,19
2022,Rosy.Hills,RH,Wyethia.arizonica,8,2.4,24
2022,Rosy.Hills,RH,Wyethia.arizonica,9,2.9,29
2022,Rosy.Hills,RH,Wyethia.arizonica,10,1.7,17
2022,Rosy.Hills,RH,Wyethia.arizonica,11,0.9,9
2022,Rosy.Hills,RH,Wyethia.arizonica,12,0.6,6
2022,Stormy.Pass,SP,Achillea.millefolium,9,0.2,2
2022,Stormy.Pass,SP,Achillea.millefolium,11,3.1,31
2022,Stormy.Pass,SP,Achillea.millefolium,12,4.6,46
2022,Stormy.Pass,SP,Achillea.millefolium,15,3.5,35
2022,Stormy.Pass,SP,Achillea.millefolium,16,3.6,36
2022,Stormy.Pass,SP,Achillea.millefolium,17,1.6,16
2022,Stormy.Pass,SP,Achillea.millefolium,18,0.6000000000000001,6
2022,Stormy.Pass,SP,Achillea.millefolium,19,0.1,1
2022,Stormy.Pass,SP,Adenolinum.lewisii,7,1.1,11
2022,Stormy.Pass,SP,Adenolinum.lewisii,8,2.5,25
2022,Stormy.Pass,SP,Adenolinum.lewisii,9,3.2,32
2022,Stormy.Pass,SP,Adenolinum.lewisii,10,3,30
2022,Stormy.Pass,SP,Adenolinum.lewisii,11,0.1,1
2022,Stormy.Pass,SP,Adenolinum.lewisii,12,0.2,2
2022,Stormy.Pass,SP,Agastache.urticifolia,12,0.1,1
2022,Stormy.Pass,SP,Agoseris.aurantiaca,10,0.1,1
2022,Stormy.Pass,SP,Agoseris.glauca,10,0.1,1
2022,Stormy.Pass,SP,Cirsium.parryi,13,0.3,3
2022,Stormy.Pass,SP,Cirsium.parryi,15,0.3,3
2022,Stormy.Pass,SP,Claytonia.lanceolata,1,3.1,31
2022,Stormy.Pass,SP,Claytonia.lanceolata,2,14.7,147
2022,Stormy.Pass,SP,Claytonia.lanceolata,3,1,10
2022,Stormy.Pass,SP,Collomia.linearis,11,53.199999999999996,532
2022,Stormy.Pass,SP,Collomia.linearis,12,18,180
2022,Stormy.Pass,SP,Collomia.linearis,18,0.30000000000000004,3
2022,Stormy.Pass,SP,Delphinium.barbeyi,8,0.1,1
2022,Stormy.Pass,SP,Delphinium.barbeyi,10,15.1,151
2022,Stormy.Pass,SP,Delphinium.barbeyi,11,26.2,262
2022,Stormy.Pass,SP,Delphinium.barbeyi,12,21.1,211
2022,Stormy.Pass,SP,Delphinium.barbeyi,13,11.9,119
2022,Stormy.Pass,SP,Delphinium.barbeyi,14,1.6,16
2022,Stormy.Pass,SP,Delphinium.nuttallianum,3,2.6,26
2022,Stormy.Pass,SP,Delphinium.nuttallianum,4,17,170
2022,Stormy.Pass,SP,Delphinium.nuttallianum,5,41.1,411
2022,Stormy.Pass,SP,Delphinium.nuttallianum,6,13.700000000000001,137
2022,Stormy.Pass,SP,Delphinium.nuttallianum,7,3.3,33
2022,Stormy.Pass,SP,Delphinium.nuttallianum,8,0.2,2
2022,Stormy.Pass,SP,Dugaldia.hoopesii,4,0.1,1
2022,Stormy.Pass,SP,Dugaldia.hoopesii,6,0.7000000000000001,7
2022,Stormy.Pass,SP,Dugaldia.hoopesii,8,1.7999999999999998,18
2022,Stormy.Pass,SP,Dugaldia.hoopesii,9,4.6,46
2022,Stormy.Pass,SP,Dugaldia.hoopesii,10,13.5,135
2022,Stormy.Pass,SP,Dugaldia.hoopesii,11,3.5,35
2022,Stormy.Pass,SP,Dugaldia.hoopesii,12,6.3999999999999995,64
2022,Stormy.Pass,SP,Dugaldia.hoopesii,13,11.5,115
2022,Stormy.Pass,SP,Dugaldia.hoopesii,14,1.2,12
2022,Stormy.Pass,SP,Dugaldia.hoopesii,15,0.5,5
2022,Stormy.Pass,SP,Erigeron.coulteri,9,0.1,1
2022,Stormy.Pass,SP,Erigeron.coulteri,11,0.6,6
2022,Stormy.Pass,SP,Erigeron.elatior,10,1.6,16
2022,Stormy.Pass,SP,Erigeron.elatior,11,8,80
2022,Stormy.Pass,SP,Erigeron.elatior,12,11.2,112
2022,Stormy.Pass,SP,Erigeron.elatior,13,22.7,227
2022,Stormy.Pass,SP,Erigeron.elatior,14,12.700000000000001,127
2022,Stormy.Pass,SP,Erigeron.elatior,15,1.1,11
2022,Stormy.Pass,SP,Erigeron.speciosus,10,2.5,25
2022,Stormy.Pass,SP,Erigeron.speciosus,11,7.2,72
2022,Stormy.Pass,SP,Erigeron.speciosus,12,20.9,209
2022,Stormy.Pass,SP,Erigeron.speciosus,13,37.2,372
2022,Stormy.Pass,SP,Erigeron.speciosus,14,17.1,171
2022,Stormy.Pass,SP,Erigeron.speciosus,15,1.9,19
2022,Stormy.Pass,SP,Erigeron.speciosus,16,0.3,3
2022,Stormy.Pass,SP,Fragaria.virginiana,3,2,20
2022,Stormy.Pass,SP,Fragaria.virginiana,4,2.6,26
2022,Stormy.Pass,SP,Fragaria.virginiana,5,16.4,164
2022,Stormy.Pass,SP,Fragaria.virginiana,6,10.6,106
2022,Stormy.Pass,SP,Fragaria.virginiana,7,5.7,57
2022,Stormy.Pass,SP,Fragaria.virginiana,8,1.6,16
2022,Stormy.Pass,SP,Fragaria.virginiana,9,0.1,1
2022,Stormy.Pass,SP,Gentiana.parryi,15,0.7,7
2022,Stormy.Pass,SP,Gentiana.parryi,16,0.2,2
2022,Stormy.Pass,SP,Geranium.richardsonii,6,0.2,2
2022,Stormy.Pass,SP,Geranium.richardsonii,7,0.6,6
2022,Stormy.Pass,SP,Geranium.richardsonii,8,1.1,11
2022,Stormy.Pass,SP,Geranium.richardsonii,9,1.8,18
2022,Stormy.Pass,SP,Geranium.richardsonii,10,2.1,21
2022,Stormy.Pass,SP,Geranium.richardsonii,11,0.7000000000000001,7
2022,Stormy.Pass,SP,Geranium.richardsonii,12,0.30000000000000004,3
2022,Stormy.Pass,SP,Geranium.richardsonii,13,0.2,2
2022,Stormy.Pass,SP,Helianthella.quinquenervis,10,0.9,9
2022,Stormy.Pass,SP,Helianthella.quinquenervis,11,1.6,16
2022,Stormy.Pass,SP,Helianthella.quinquenervis,12,0.6,6
2022,Stormy.Pass,SP,Heliomeris.multiflora,7,1.4,14
2022,Stormy.Pass,SP,Heliomeris.multiflora,11,0.30000000000000004,3
2022,Stormy.Pass,SP,Heliomeris.multiflora,12,12,120
2022,Stormy.Pass,SP,Heliomeris.multiflora,13,56.1,561
2022,Stormy.Pass,SP,Heliomeris.multiflora,14,110.5,1105
2022,Stormy.Pass,SP,Heliomeris.multiflora,15,76.2,762
2022,Stormy.Pass,SP,Heliomeris.multiflora,16,30.5,305
2022,Stormy.Pass,SP,Heliomeris.multiflora,17,19.6,196
2022,Stormy.Pass,SP,Heliomeris.multiflora,18,14.3,143
2022,Stormy.Pass,SP,Heracleum.sphondylium,10,0.1,1
2022,Stormy.Pass,SP,Heracleum.sphondylium,11,0.3,3
2022,Stormy.Pass,SP,Hydrophyllum.fendleri,6,5.6000000000000005,56
2022,Stormy.Pass,SP,Hydrophyllum.fendleri,7,1.4,14
2022,Stormy.Pass,SP,Hydrophyllum.fendleri,8,3.3,33
2022,Stormy.Pass,SP,Hydrophyllum.fendleri,9,0.1,1
2022,Stormy.Pass,SP,Hydrophyllum.fendleri,10,1.2,12
2022,Stormy.Pass,SP,Hydrophyllum.fendleri,11,11.6,116
2022,Stormy.Pass,SP,Hydrophyllum.fendleri,12,0.3,3
2022,Stormy.Pass,SP,Ipomopsis.aggregata,6,0.1,1
2022,Stormy.Pass,SP,Ipomopsis.aggregata,7,0.7,7
2022,Stormy.Pass,SP,Ipomopsis.aggregata,8,1.9,19
2022,Stormy.Pass,SP,Ipomopsis.aggregata,9,1.5,15
2022,Stormy.Pass,SP,Ipomopsis.aggregata,10,1.3,13
2022,Stormy.Pass,SP,Ipomopsis.aggregata,11,0.5,5
2022,Stormy.Pass,SP,Ipomopsis.aggregata,12,0.7,7
2022,Stormy.Pass,SP,Lathyrus.leucanthus,5,4.8999999999999995,49
2022,Stormy.Pass,SP,Lathyrus.leucanthus,6,18.2,182
2022,Stormy.Pass,SP,Lathyrus.leucanthus,7,49.1,491
2022,Stormy.Pass,SP,Lathyrus.leucanthus,8,69.2,692
2022,Stormy.Pass,SP,Lathyrus.leucanthus,9,52.6,526
2022,Stormy.Pass,SP,Lathyrus.leucanthus,10,19.400000000000002,194
2022,Stormy.Pass,SP,Lathyrus.leucanthus,11,10.4,104
2022,Stormy.Pass,SP,Lathyrus.leucanthus,12,1.2000000000000002,12
2022,Stormy.Pass,SP,Ligularia.bigelovii,11,1.2,12
2022,Stormy.Pass,SP,Ligularia.bigelovii,12,5.3,53
2022,Stormy.Pass,SP,Ligularia.bigelovii,13,11,110
2022,Stormy.Pass,SP,Ligularia.bigelovii,14,7.8,78
2022,Stormy.Pass,SP,Ligusticum.porteri,8,2.5,25
2022,Stormy.Pass,SP,Ligusticum.porteri,10,4.4,44
2022,Stormy.Pass,SP,Ligusticum.porteri,11,0.1,1
2022,Stormy.Pass,SP,Mertensia.ciliata,7,0.5,5
2022,Stormy.Pass,SP,Mertensia.ciliata,8,3.9,39
2022,Stormy.Pass,SP,Mertensia.ciliata,9,12.7,127
2022,Stormy.Pass,SP,Mertensia.ciliata,10,29.9,299
2022,Stormy.Pass,SP,Mertensia.ciliata,11,24.8,248
2022,Stormy.Pass,SP,Mertensia.ciliata,12,9.5,95
2022,Stormy.Pass,SP,Mertensia.ciliata,13,1.4,14
2022,Stormy.Pass,SP,Mertensia.fusiformis,2,33.2,332
2022,Stormy.Pass,SP,Mertensia.fusiformis,3,58.2,582
2022,Stormy.Pass,SP,Mertensia.fusiformis,4,29.7,297
2022,Stormy.Pass,SP,Mertensia.fusiformis,5,15.6,156
2022,Stormy.Pass,SP,Mertensia.fusiformis,6,0.3,3
2022,Stormy.Pass,SP,Mertensia.fusiformis,7,0.1,1
2022,Stormy.Pass,SP,Noccaea.fendleri,3,2.6,26
2022,Stormy.Pass,SP,Noccaea.fendleri,4,2.4000000000000004,24
2022,Stormy.Pass,SP,Noccaea.fendleri,5,2.4,24
2022,Stormy.Pass,SP,Pentaphylloides.floribunda,7,0.3,3
2022,Stormy.Pass,SP,Pentaphylloides.floribunda,8,1.2,12
2022,Stormy.Pass,SP,Pentaphylloides.floribunda,9,0.7,7
2022,Stormy.Pass,SP,Pentaphylloides.floribunda,10,1.2,12
2022,Stormy.Pass,SP,Pentaphylloides.floribunda,11,1.1,11
2022,Stormy.Pass,SP,Pentaphylloides.floribunda,12,0.7,7
2022,Stormy.Pass,SP,Pentaphylloides.floribunda,13,1.4,14
2022,Stormy.Pass,SP,Pentaphylloides.floribunda,14,0.4,4
2022,Stormy.Pass,SP,Pentaphylloides.floribunda,15,2.2,22
2022,Stormy.Pass,SP,Potentilla.pulcherrima,6,2.5,25
2022,Stormy.Pass,SP,Potentilla.pulcherrima,7,23,230
2022,Stormy.Pass,SP,Potentilla.pulcherrima,8,38,380
2022,Stormy.Pass,SP,Potentilla.pulcherrima,9,62.6,626
2022,Stormy.Pass,SP,Potentilla.pulcherrima,10,105.8,1058
2022,Stormy.Pass,SP,Potentilla.pulcherrima,11,135.1,1351
2022,Stormy.Pass,SP,Potentilla.pulcherrima,12,52.6,526
2022,Stormy.Pass,SP,Potentilla.pulcherrima,13,20.5,205
2022,Stormy.Pass,SP,Potentilla.pulcherrima,14,1.1,11
2022,Stormy.Pass,SP,Potentilla.pulcherrima,15,0.1,1
2022,Stormy.Pass,SP,Pseudocymopterus.montanus,5,0.9,9
2022,Stormy.Pass,SP,Pseudocymopterus.montanus,8,2.1,21
2022,Stormy.Pass,SP,Pseudocymopterus.montanus,9,0.7,7
2022,Stormy.Pass,SP,Pseudocymopterus.montanus,11,0.1,1
2022,Stormy.Pass,SP,Ranunculus.inamoenus,2,0.1,1
2022,Stormy.Pass,SP,Ranunculus.inamoenus,3,0.4,4
2022,Stormy.Pass,SP,Ranunculus.inamoenus,4,0.9,9
2022,Stormy.Pass,SP,Ranunculus.inamoenus,5,1.2,12
2022,Stormy.Pass,SP,Salix.wolfii,5,19.2,192
2022,Stormy.Pass,SP,Senecio.serra,13,2.3,23
2022,Stormy.Pass,SP,Senecio.serra,14,3.4,34
2022,Stormy.Pass,SP,Senecio.serra,15,1,10
2022,Stormy.Pass,SP,Solidago.multiradiata,10,2.9,29
2022,Stormy.Pass,SP,Solidago.multiradiata,11,4.8,48
2022,Stormy.Pass,SP,Solidago.multiradiata,12,11.3,113
2022,Stormy.Pass,SP,Solidago.multiradiata,13,6,60
2022,Stormy.Pass,SP,Solidago.multiradiata,14,1.9,19
2022,Stormy.Pass,SP,Stellaria.longifolia,8,0.5,5
2022,Stormy.Pass,SP,Stellaria.longifolia,9,0.1,1
2022,Stormy.Pass,SP,Taraxacum.officinale,3,0.2,2
2022,Stormy.Pass,SP,Taraxacum.officinale,4,1.5,15
2022,Stormy.Pass,SP,Taraxacum.officinale,5,1.9,19
2022,Stormy.Pass,SP,Taraxacum.officinale,6,0.5,5
2022,Stormy.Pass,SP,Taraxacum.officinale,7,1.8,18
2022,Stormy.Pass,SP,Taraxacum.officinale,8,0.4,4
2022,Stormy.Pass,SP,Taraxacum.officinale,11,0.1,1
2022,Stormy.Pass,SP,Valeriana.occidentalis,7,1.2,12
2022,Stormy.Pass,SP,Vicia.americana,7,0.2,2
2022,Stormy.Pass,SP,Vicia.americana,8,2.7,27
2022,Stormy.Pass,SP,Vicia.americana,9,2.9,29
2022,Stormy.Pass,SP,Vicia.americana,10,14.7,147
2022,Stormy.Pass,SP,Vicia.americana,11,3.7,37
2022,Stormy.Pass,SP,Vicia.americana,12,1.3,13
2022,Stormy.Pass,SP,Vicia.americana,13,0.7,7
2022,Stormy.Pass,SP,Vicia.americana,14,0.4,4
2022,Stormy.Pass,SP,Viola.praemorsa,3,4.9,49
2022,Stormy.Pass,SP,Viola.praemorsa,4,13.9,139
2022,Stormy.Pass,SP,Viola.praemorsa,5,18.9,189
2022,Stormy.Pass,SP,Viola.praemorsa,6,1.5,15
2022,Stormy.Pass,SP,Viola.praemorsa,7,0.3,3
2023,Avery.Wash,AW,Aconitum.columbianum,8,0.4,4
2023,Avery.Wash,AW,Adenolinum.lewisii,8,0.4,4
2023,Avery.Wash,AW,Agoseris.aurantiaca,9,0.1,1
2023,Avery.Wash,AW,Agoseris.aurantiaca,11,0.3,3
2023,Avery.Wash,AW,Agoseris.aurantiaca,14,0.30000000000000004,3
2023,Avery.Wash,AW,Agoseris.aurantiaca,15,0.30000000000000004,3
2023,Avery.Wash,AW,Agoseris.glauca,14,0.1,1
2023,Avery.Wash,AW,Agoseris.glauca,15,0.1,1
2023,Avery.Wash,AW,Aquilegia.coerulea,9,0.30000000000000004,3
2023,Avery.Wash,AW,Claytonia.lanceolata,2,214.8,2148
2023,Avery.Wash,AW,Claytonia.lanceolata,3,119.89999999999999,1199
2023,Avery.Wash,AW,Claytonia.lanceolata,4,12.1,121
2023,Avery.Wash,AW,Claytonia.lanceolata,5,0.8999999999999999,9
2023,Avery.Wash,AW,Collomia.linearis,8,13.5,135
2023,Avery.Wash,AW,Collomia.linearis,9,8.299999999999999,83
2023,Avery.Wash,AW,Collomia.linearis,10,0.9,9
2023,Avery.Wash,AW,Delphinium.barbeyi,8,0.1,1
2023,Avery.Wash,AW,Delphinium.barbeyi,9,0.5,5
2023,Avery.Wash,AW,Delphinium.barbeyi,10,7.3,73
2023,Avery.Wash,AW,Delphinium.barbeyi,11,37.9,379
2023,Avery.Wash,AW,Delphinium.barbeyi,12,1.6,16
2023,Avery.Wash,AW,Delphinium.nuttallianum,5,1.1,11
2023,Avery.Wash,AW,Delphinium.nuttallianum,6,18.4,184
2023,Avery.Wash,AW,Delphinium.nuttallianum,7,2.8,28
2023,Avery.Wash,AW,Draba.aurea,5,0.1,1
2023,Avery.Wash,AW,Draba.aurea,6,0.2,2
2023,Avery.Wash,AW,Dugaldia.hoopesii,6,0.1,1
2023,Avery.Wash,AW,Dugaldia.hoopesii,7,3.6,36
2023,Avery.Wash,AW,Dugaldia.hoopesii,8,2.4,24
2023,Avery.Wash,AW,Dugaldia.hoopesii,9,6.800000000000001,68
2023,Avery.Wash,AW,Dugaldia.hoopesii,10,8.3,83
2023,Avery.Wash,AW,Dugaldia.hoopesii,11,2.9,29
2023,Avery.Wash,AW,Dugaldia.hoopesii,12,1,10
2023,Avery.Wash,AW,Dugaldia.hoopesii,13,0.1,1
2023,Avery.Wash,AW,Erigeron.elatior,10,1.2,12
2023,Avery.Wash,AW,Erigeron.elatior,11,11,110
2023,Avery.Wash,AW,Erigeron.elatior,12,3,30
2023,Avery.Wash,AW,Erigeron.speciosus,9,1.5,15
2023,Avery.Wash,AW,Erigeron.speciosus,10,7.7,77
2023,Avery.Wash,AW,Erigeron.speciosus,11,9.8,98
2023,Avery.Wash,AW,Erigeron.speciosus,12,12.799999999999999,128
2023,Avery.Wash,AW,Erythronium.grandiflorum,3,0.1,1
2023,Avery.Wash,AW,Fragaria.virginiana,4,0.4,4
2023,Avery.Wash,AW,Fragaria.virginiana,5,19.4,194
2023,Avery.Wash,AW,Fragaria.virginiana,6,18.2,182
2023,Avery.Wash,AW,Fragaria.virginiana,7,1.1,11
2023,Avery.Wash,AW,Fragaria.virginiana,8,0.2,2
2023,Avery.Wash,AW,Geranium.richardsonii,7,0.5,5
2023,Avery.Wash,AW,Geranium.richardsonii,8,0.9,9
2023,Avery.Wash,AW,Geranium.richardsonii,9,0.9,9
2023,Avery.Wash,AW,Geranium.richardsonii,10,1.5,15
2023,Avery.Wash,AW,Geranium.richardsonii,11,0.2,2
2023,Avery.Wash,AW,Helianthella.quinquenervis,8,0.8,8
2023,Avery.Wash,AW,Helianthella.quinquenervis,9,3.1,31
2023,Avery.Wash,AW,Helianthella.quinquenervis,10,5,50
2023,Avery.Wash,AW,Helianthella.quinquenervis,11,0.8999999999999999,9
2023,Avery.Wash,AW,Helianthella.quinquenervis,12,0.1,1
2023,Avery.Wash,AW,Heliomeris.multiflora,11,1.4000000000000001,14
2023,Avery.Wash,AW,Heliomeris.multiflora,12,18.1,181
2023,Avery.Wash,AW,Heliomeris.multiflora,13,6.1000000000000005,61
2023,Avery.Wash,AW,Heliomeris.multiflora,14,5.9,59
2023,Avery.Wash,AW,Heliomeris.multiflora,15,1.4,14
2023,Avery.Wash,AW,Heracleum.sphondylium,9,0.2,2
2023,Avery.Wash,AW,Heracleum.sphondylium,10,0.4,4
2023,Avery.Wash,AW,Heterotheca.villosa,9,0.5,5
2023,Avery.Wash,AW,Heterotheca.villosa,10,4.1,41
2023,Avery.Wash,AW,Heterotheca.villosa,11,7.9,79
2023,Avery.Wash,AW,Heterotheca.villosa,12,0.3,3
2023,Avery.Wash,AW,Heterotheca.villosa,13,8,80
2023,Avery.Wash,AW,Heterotheca.villosa,14,3.7,37
2023,Avery.Wash,AW,Heterotheca.villosa,15,1.3,13
2023,Avery.Wash,AW,Hydrophyllum.fendleri,5,2.2,22
2023,Avery.Wash,AW,Hydrophyllum.fendleri,6,35.9,359
2023,Avery.Wash,AW,Hydrophyllum.fendleri,7,34.7,347
2023,Avery.Wash,AW,Hydrophyllum.fendleri,8,19.8,198
2023,Avery.Wash,AW,Hydrophyllum.fendleri,9,1.7999999999999998,18
2023,Avery.Wash,AW,Hydrophyllum.fendleri,10,0.2,2
2023,Avery.Wash,AW,Lathyrus.leucanthus,6,12.9,129
2023,Avery.Wash,AW,Lathyrus.leucanthus,7,27.9,279
2023,Avery.Wash,AW,Lathyrus.leucanthus,8,14.4,144
2023,Avery.Wash,AW,Lathyrus.leucanthus,9,0.1,1
2023,Avery.Wash,AW,Ligularia.bigelovii,11,0.9,9
2023,Avery.Wash,AW,Ligusticum.porteri,7,0.5,5
2023,Avery.Wash,AW,Ligusticum.porteri,8,6.9,69
2023,Avery.Wash,AW,Ligusticum.porteri,9,4.3,43
2023,Avery.Wash,AW,Ligusticum.porteri,10,1.2,12
2023,Avery.Wash,AW,Maianthemum.stellatum,6,0.2,2
2023,Avery.Wash,AW,Mertensia.ciliata,8,1.1,11
2023,Avery.Wash,AW,Mertensia.ciliata,9,3.8,38
2023,Avery.Wash,AW,Mertensia.ciliata,10,3.6,36
2023,Avery.Wash,AW,Mertensia.fusiformis,2,0.4,4
2023,Avery.Wash,AW,Mertensia.fusiformis,3,6.4,64
2023,Avery.Wash,AW,Mertensia.fusiformis,4,22.4,224
2023,Avery.Wash,AW,Mertensia.fusiformis,5,23.9,239
2023,Avery.Wash,AW,Mertensia.fusiformis,6,4.4,44
2023,Avery.Wash,AW,Potentilla.pulcherrima,6,6.2,62
2023,Avery.Wash,AW,Potentilla.pulcherrima,7,39.3,393
2023,Avery.Wash,AW,Potentilla.pulcherrima,8,36.7,367
2023,Avery.Wash,AW,Potentilla.pulcherrima,9,74.2,742
2023,Avery.Wash,AW,Potentilla.pulcherrima,10,26.2,262
2023,Avery.Wash,AW,Potentilla.pulcherrima,11,16,160
2023,Avery.Wash,AW,Potentilla.pulcherrima,12,1.2,12
2023,Avery.Wash,AW,Potentilla.pulcherrima,13,0.2,2
2023,Avery.Wash,AW,Pseudocymopterus.montanus,4,0.4,4
2023,Avery.Wash,AW,Pseudocymopterus.montanus,5,0.8,8
2023,Avery.Wash,AW,Pseudocymopterus.montanus,6,0.7000000000000001,7
2023,Avery.Wash,AW,Pseudocymopterus.montanus,7,0.5,5
2023,Avery.Wash,AW,Pseudocymopterus.montanus,8,0.7,7
2023,Avery.Wash,AW,Pseudocymopterus.montanus,9,0.2,2
2023,Avery.Wash,AW,Ranunculus.inamoenus,3,0.2,2
2023,Avery.Wash,AW,Ranunculus.inamoenus,4,4,40
2023,Avery.Wash,AW,Ranunculus.inamoenus,5,6,60
2023,Avery.Wash,AW,Ranunculus.inamoenus,6,1.1,11
2023,Avery.Wash,AW,Senecio.crassulus,8,4.5,45
2023,Avery.Wash,AW,Senecio.crassulus,9,3.8000000000000003,38
2023,Avery.Wash,AW,Senecio.serra,11,0.6,6
2023,Avery.Wash,AW,Senecio.serra,12,0.5,5
2023,Avery.Wash,AW,Senecio.serra,13,1.6,16
2023,Avery.Wash,AW,Senecio.serra,14,0.30000000000000004,3
2023,Avery.Wash,AW,Solidago.multiradiata,9,1.2,12
2023,Avery.Wash,AW,Solidago.multiradiata,10,16.1,161
2023,Avery.Wash,AW,Solidago.multiradiata,11,8.6,86
2023,Avery.Wash,AW,Solidago.multiradiata,12,2.5,25
2023,Avery.Wash,AW,Taraxacum.officinale,3,0.1,1
2023,Avery.Wash,AW,Taraxacum.officinale,4,1.0999999999999999,11
2023,Avery.Wash,AW,Taraxacum.officinale,5,7.3999999999999995,74
2023,Avery.Wash,AW,Taraxacum.officinale,6,1.6,16
2023,Avery.Wash,AW,Taraxacum.officinale,7,0.5,5
2023,Avery.Wash,AW,Taraxacum.officinale,8,0.5,5
2023,Avery.Wash,AW,Taraxacum.officinale,9,0.1,1
2023,Avery.Wash,AW,Taraxacum.officinale,10,0.7,7
2023,Avery.Wash,AW,Taraxacum.officinale,11,0.2,2
2023,Avery.Wash,AW,Trifolium.pratense,10,0.2,2
2023,Avery.Wash,AW,Vicia.americana,8,7.5,75
2023,Avery.Wash,AW,Vicia.americana,9,15.7,157
2023,Avery.Wash,AW,Vicia.americana,10,1.3,13
2023,Avery.Wash,AW,Vicia.americana,11,1.2999999999999998,13
2023,Avery.Wash,AW,Viola.praemorsa,4,17.1,171
2023,Avery.Wash,AW,Viola.praemorsa,5,36.7,367
2023,Avery.Wash,AW,Viola.praemorsa,6,1.7,17
2023,Copper.Creek,CC,Aconitum.columbianum,9,4.1,41
2023,Copper.Creek,CC,Aconitum.columbianum,10,11.2,112
2023,Copper.Creek,CC,Aconitum.columbianum,11,0.5,5
2023,Copper.Creek,CC,Adenolinum.lewisii,10,0.8,8
2023,Copper.Creek,CC,Aquilegia.coerulea,8,0.4,4
2023,Copper.Creek,CC,Aquilegia.coerulea,9,0.2,2
2023,Copper.Creek,CC,Arnica.parryi,11,0.2,2
2023,Copper.Creek,CC,Campanula.rotundifolia,10,1.5,15
2023,Copper.Creek,CC,Campanula.rotundifolia,11,0.2,2
2023,Copper.Creek,CC,Campanula.rotundifolia,12,0.3,3
2023,Copper.Creek,CC,Claytonia.lanceolata,1,60.6,606
2023,Copper.Creek,CC,Claytonia.lanceolata,2,370.7,3707
2023,Copper.Creek,CC,Claytonia.lanceolata,3,263.1,2631
2023,Copper.Creek,CC,Claytonia.lanceolata,4,33.699999999999996,337
2023,Copper.Creek,CC,Claytonia.lanceolata,5,5.9,59
2023,Copper.Creek,CC,Collomia.linearis,9,5,50
2023,Copper.Creek,CC,Delphinium.barbeyi,8,0.1,1
2023,Copper.Creek,CC,Delphinium.barbeyi,9,3.4000000000000004,34
2023,Copper.Creek,CC,Delphinium.barbeyi,10,18.1,181
2023,Copper.Creek,CC,Delphinium.barbeyi,11,13.8,138
2023,Copper.Creek,CC,Delphinium.barbeyi,12,1.1,11
2023,Copper.Creek,CC,Delphinium.nuttallianum,3,0.1,1
2023,Copper.Creek,CC,Delphinium.nuttallianum,4,4.2,42
2023,Copper.Creek,CC,Delphinium.nuttallianum,5,44.5,445
2023,Copper.Creek,CC,Delphinium.nuttallianum,6,72.2,722
2023,Copper.Creek,CC,Delphinium.nuttallianum,7,6,60
2023,Copper.Creek,CC,Draba.aurea,7,4.6000000000000005,46
2023,Copper.Creek,CC,Dugaldia.hoopesii,9,0.6,6
2023,Copper.Creek,CC,Dugaldia.hoopesii,11,0.4,4
2023,Copper.Creek,CC,Erigeron.elatior,11,0.2,2
2023,Copper.Creek,CC,Erigeron.elatior,12,0.30000000000000004,3
2023,Copper.Creek,CC,Erigeron.speciosus,9,0.7,7
2023,Copper.Creek,CC,Erigeron.speciosus,10,3,30
2023,Copper.Creek,CC,Erigeron.speciosus,11,2,20
2023,Copper.Creek,CC,Erigeron.speciosus,12,0.30000000000000004,3
2023,Copper.Creek,CC,Erysimum.capitatum,6,1,10
2023,Copper.Creek,CC,Erysimum.capitatum,7,0.8,8
2023,Copper.Creek,CC,Erysimum.capitatum,8,0.8,8
2023,Copper.Creek,CC,Erysimum.capitatum,9,0.3,3
2023,Copper.Creek,CC,Erythronium.grandiflorum,3,4.8,48
2023,Copper.Creek,CC,Erythronium.grandiflorum,4,1,10
2023,Copper.Creek,CC,Fragaria.virginiana,5,0.1,1
2023,Copper.Creek,CC,Geranium.richardsonii,7,0.30000000000000004,3
2023,Copper.Creek,CC,Geranium.richardsonii,8,1.6,16
2023,Copper.Creek,CC,Geranium.richardsonii,9,1.6,16
2023,Copper.Creek,CC,Geranium.richardsonii,10,1.6,16
2023,Copper.Creek,CC,Geranium.richardsonii,11,0.1,1
2023,Copper.Creek,CC,Helianthella.quinquenervis,8,0.5,5
2023,Copper.Creek,CC,Helianthella.quinquenervis,9,3.5,35
2023,Copper.Creek,CC,Helianthella.quinquenervis,10,0.6,6
2023,Copper.Creek,CC,Heliomeris.multiflora,9,0.9,9
2023,Copper.Creek,CC,Heliomeris.multiflora,10,2.1,21
2023,Copper.Creek,CC,Heliomeris.multiflora,11,8,80
2023,Copper.Creek,CC,Heliomeris.multiflora,12,2.1,21
2023,Copper.Creek,CC,Heliomeris.multiflora,13,3.2,32
2023,Copper.Creek,CC,Heliomeris.multiflora,14,1.4,14
2023,Copper.Creek,CC,Heliomeris.multiflora,15,0.2,2
2023,Copper.Creek,CC,Heracleum.sphondylium,9,0.4,4
2023,Copper.Creek,CC,Heracleum.sphondylium,10,0.4,4
2023,Copper.Creek,CC,Heterotheca.villosa,10,2,20
2023,Copper.Creek,CC,Heterotheca.villosa,11,1,10
2023,Copper.Creek,CC,Heterotheca.villosa,12,0.2,2
2023,Copper.Creek,CC,Heterotheca.villosa,13,0.3,3
2023,Copper.Creek,CC,Hydrophyllum.capitatum,3,2.7,27
2023,Copper.Creek,CC,Hydrophyllum.capitatum,4,23,230
2023,Copper.Creek,CC,Hydrophyllum.capitatum,5,28,280
2023,Copper.Creek,CC,Hydrophyllum.capitatum,6,1.9,19
2023,Copper.Creek,CC,Hydrophyllum.fendleri,6,3,30
2023,Copper.Creek,CC,Hydrophyllum.fendleri,7,5.4,54
2023,Copper.Creek,CC,Hydrophyllum.fendleri,8,1.9,19
2023,Copper.Creek,CC,Lathyrus.leucanthus,6,6.300000000000001,63
2023,Copper.Creek,CC,Lathyrus.leucanthus,7,13.3,133
2023,Copper.Creek,CC,Lathyrus.leucanthus,8,3.1,31
2023,Copper.Creek,CC,Lathyrus.leucanthus,9,0.3,3
2023,Copper.Creek,CC,Ligularia.bigelovii,11,0.7,7
2023,Copper.Creek,CC,Ligusticum.porteri,7,1.7,17
2023,Copper.Creek,CC,Ligusticum.porteri,8,4.5,45
2023,Copper.Creek,CC,Ligusticum.porteri,9,2.3,23
2023,Copper.Creek,CC,Ligusticum.porteri,10,1,10
2023,Copper.Creek,CC,Lupinus.bakeri,6,2.6999999999999997,27
2023,Copper.Creek,CC,Lupinus.bakeri,7,152,1520
2023,Copper.Creek,CC,Lupinus.bakeri,8,100.60000000000001,1006
2023,Copper.Creek,CC,Lupinus.bakeri,9,11.2,112
2023,Copper.Creek,CC,Mahonia.repens,3,2.6999999999999997,27
2023,Copper.Creek,CC,Mahonia.repens,4,20.4,204
2023,Copper.Creek,CC,Mahonia.repens,5,38.9,389
2023,Copper.Creek,CC,Mahonia.repens,6,5.6,56
2023,Copper.Creek,CC,Maianthemum.stellatum,7,0.3,3
2023,Copper.Creek,CC,Mertensia.fusiformis,2,16.7,167
2023,Copper.Creek,CC,Mertensia.fusiformis,3,40.4,404
2023,Copper.Creek,CC,Mertensia.fusiformis,4,43.4,434
2023,Copper.Creek,CC,Mertensia.fusiformis,5,20.6,206
2023,Copper.Creek,CC,Pentaphylloides.floribunda,12,0.8,8
2023,Copper.Creek,CC,Phacelia.heterophylla,8,2.6,26
2023,Copper.Creek,CC,Phacelia.heterophylla,9,22,220
2023,Copper.Creek,CC,Potentilla.pulcherrima,8,1.5999999999999999,16
2023,Copper.Creek,CC,Potentilla.pulcherrima,9,3.5999999999999996,36
2023,Copper.Creek,CC,Potentilla.pulcherrima,10,3,30
2023,Copper.Creek,CC,Potentilla.pulcherrima,11,0.4,4
2023,Copper.Creek,CC,Pseudocymopterus.montanus,6,0.1,1
2023,Copper.Creek,CC,Pseudocymopterus.montanus,7,0.1,1
2023,Copper.Creek,CC,Pseudocymopterus.montanus,8,0.1,1
2023,Copper.Creek,CC,Pseudocymopterus.montanus,9,0.1,1
2023,Copper.Creek,CC,Ranunculus.inamoenus,4,0.1,1
2023,Copper.Creek,CC,Ranunculus.inamoenus,5,0.2,2
2023,Copper.Creek,CC,Ranunculus.inamoenus,6,0.30000000000000004,3
2023,Copper.Creek,CC,Salix.wolfii,4,2.2,22
2023,Copper.Creek,CC,Salix.wolfii,5,6.5,65
2023,Copper.Creek,CC,Salix.wolfii,6,0.2,2
2023,Copper.Creek,CC,Senecio.integerrimus,8,0.2,2
2023,Copper.Creek,CC,Taraxacum.officinale,4,0.4,4
2023,Copper.Creek,CC,Taraxacum.officinale,5,2.6999999999999997,27
2023,Copper.Creek,CC,Taraxacum.officinale,6,0.5,5
2023,Copper.Creek,CC,Taraxacum.officinale,7,0.2,2
2023,Copper.Creek,CC,Valeriana.occidentalis,4,4.3,43
2023,Copper.Creek,CC,Valeriana.occidentalis,5,7.699999999999999,77
2023,Copper.Creek,CC,Valeriana.occidentalis,6,2.4,24
2023,Copper.Creek,CC,Valeriana.occidentalis,7,1.2,12
2023,Copper.Creek,CC,Valeriana.occidentalis,8,0.1,1
2023,Copper.Creek,CC,Vicia.americana,7,0.8,8
2023,Copper.Creek,CC,Vicia.americana,8,2,20
2023,Copper.Creek,CC,Vicia.americana,9,3.9,39
2023,Copper.Creek,CC,Vicia.americana,10,0.2,2
2023,Copper.Creek,CC,Viola.adunca,5,0.1,1
2023,Copper.Creek,CC,Viola.praemorsa,3,0.1,1
2023,Copper.Creek,CC,Viola.praemorsa,4,1.3,13
2023,Copper.Creek,CC,Viola.praemorsa,5,2.2,22
2023,Copper.Creek,CC,Viola.praemorsa,6,0.9,9
2023,Frogs.Pond,FP,Achillea.millefolium,10,0.4,4
2023,Frogs.Pond,FP,Achillea.millefolium,12,0.6,6
2023,Frogs.Pond,FP,Aconitum.columbianum,9,0.3,3
2023,Frogs.Pond,FP,Aconitum.columbianum,11,0.3,3
2023,Frogs.Pond,FP,Adenolinum.lewisii,6,0.9,9
2023,Frogs.Pond,FP,Adenolinum.lewisii,7,38.6,386
2023,Frogs.Pond,FP,Adenolinum.lewisii,8,23.599999999999998,236
2023,Frogs.Pond,FP,Adenolinum.lewisii,9,4.3,43
2023,Frogs.Pond,FP,Adenolinum.lewisii,10,1.3,13
2023,Frogs.Pond,FP,Agoseris.aurantiaca,7,0.1,1
2023,Frogs.Pond,FP,Agoseris.glauca,9,0.2,2
2023,Frogs.Pond,FP,Calochortus.gunnisonii,10,1.6,16
2023,Frogs.Pond,FP,Campanula.rotundifolia,9,0.4,4
2023,Frogs.Pond,FP,Campanula.rotundifolia,10,0.6,6
2023,Frogs.Pond,FP,Campanula.rotundifolia,11,0.5,5
2023,Frogs.Pond,FP,Campanula.rotundifolia,13,0.1,1
2023,Frogs.Pond,FP,Castilleja.linariifolia,8,0.2,2
2023,Frogs.Pond,FP,Castilleja.linariifolia,9,0.2,2
2023,Frogs.Pond,FP,Castilleja.linariifolia,10,0.2,2
2023,Frogs.Pond,FP,Castilleja.linariifolia,11,0.4,4
2023,Frogs.Pond,FP,Castilleja.linariifolia,13,0.4,4
2023,Frogs.Pond,FP,Castilleja.linariifolia,14,0.8999999999999999,9
2023,Frogs.Pond,FP,Castilleja.linariifolia,15,0.8,8
2023,Frogs.Pond,FP,Collomia.linearis,7,0.1,1
2023,Frogs.Pond,FP,Collomia.linearis,8,14.299999999999999,143
2023,Frogs.Pond,FP,Delphinium.barbeyi,9,2.6,26
2023,Frogs.Pond,FP,Delphinium.barbeyi,10,8.1,81
2023,Frogs.Pond,FP,Delphinium.barbeyi,11,0.3,3
2023,Frogs.Pond,FP,Delphinium.nuttallianum,5,0.2,2
2023,Frogs.Pond,FP,Delphinium.nuttallianum,6,2,20
2023,Frogs.Pond,FP,Delphinium.nuttallianum,7,0.2,2
2023,Frogs.Pond,FP,Draba.aurea,5,0.2,2
2023,Frogs.Pond,FP,Draba.aurea,6,0.7,7
2023,Frogs.Pond,FP,Draba.aurea,7,0.6,6
2023,Frogs.Pond,FP,Ericameria.parryi,15,1.3,13
2023,Frogs.Pond,FP,Erigeron.elatior,10,0.2,2
2023,Frogs.Pond,FP,Erigeron.speciosus,9,2.6,26
2023,Frogs.Pond,FP,Erigeron.speciosus,10,12.700000000000001,127
2023,Frogs.Pond,FP,Erigeron.speciosus,11,27.3,273
2023,Frogs.Pond,FP,Erigeron.speciosus,12,1.5,15
2023,Frogs.Pond,FP,Eriogonum.subalpinum,8,0.2,2
2023,Frogs.Pond,FP,Eriogonum.subalpinum,10,0.1,1
2023,Frogs.Pond,FP,Eriogonum.umbellatum,7,0.1,1
2023,Frogs.Pond,FP,Eriogonum.umbellatum,8,0.2,2
2023,Frogs.Pond,FP,Eriogonum.umbellatum,10,0.1,1
2023,Frogs.Pond,FP,Fragaria.virginiana,5,0.1,1
2023,Frogs.Pond,FP,Geranium.richardsonii,8,0.1,1
2023,Frogs.Pond,FP,Geranium.richardsonii,9,0.2,2
2023,Frogs.Pond,FP,Helianthella.quinquenervis,8,0.1,1
2023,Frogs.Pond,FP,Helianthella.quinquenervis,9,0.7999999999999999,8
2023,Frogs.Pond,FP,Helianthella.quinquenervis,10,1.4,14
2023,Frogs.Pond,FP,Helianthella.quinquenervis,11,0.30000000000000004,3
2023,Frogs.Pond,FP,Heliomeris.multiflora,9,0.7,7
2023,Frogs.Pond,FP,Heliomeris.multiflora,10,0.30000000000000004,3
2023,Frogs.Pond,FP,Heliomeris.multiflora,11,2.2,22
2023,Frogs.Pond,FP,Heliomeris.multiflora,12,10.4,104
2023,Frogs.Pond,FP,Heliomeris.multiflora,13,22,220
2023,Frogs.Pond,FP,Heliomeris.multiflora,14,14.7,147
2023,Frogs.Pond,FP,Heliomeris.multiflora,15,4.8,48
2023,Frogs.Pond,FP,Heracleum.sphondylium,10,0.4,4
2023,Frogs.Pond,FP,Heterotheca.villosa,11,0.7,7
2023,Frogs.Pond,FP,Heterotheca.villosa,13,0.3,3
2023,Frogs.Pond,FP,Hydrophyllum.fendleri,5,3.2,32
2023,Frogs.Pond,FP,Hydrophyllum.fendleri,7,1.5,15
2023,Frogs.Pond,FP,Ipomopsis.aggregata,7,2.6,26
2023,Frogs.Pond,FP,Ipomopsis.aggregata,8,8.5,85
2023,Frogs.Pond,FP,Ipomopsis.aggregata,9,13.9,139
2023,Frogs.Pond,FP,Ipomopsis.aggregata,10,15.8,158
2023,Frogs.Pond,FP,Ipomopsis.aggregata,11,22,220
2023,Frogs.Pond,FP,Ipomopsis.aggregata,12,3.6999999999999997,37
2023,Frogs.Pond,FP,Ipomopsis.aggregata,13,1,10
2023,Frogs.Pond,FP,Ipomopsis.aggregata,14,0.2,2
2023,Frogs.Pond,FP,Ipomopsis.aggregata,15,0.2,2
2023,Frogs.Pond,FP,Lathyrus.leucanthus,4,0.4,4
2023,Frogs.Pond,FP,Lathyrus.leucanthus,5,20.099999999999998,201
2023,Frogs.Pond,FP,Lathyrus.leucanthus,6,131.6,1316
2023,Frogs.Pond,FP,Lathyrus.leucanthus,7,72.3,723
2023,Frogs.Pond,FP,Lathyrus.leucanthus,8,8.799999999999999,88
2023,Frogs.Pond,FP,Ligularia.bigelovii,11,0.1,1
2023,Frogs.Pond,FP,Ligusticum.porteri,8,0.2,2
2023,Frogs.Pond,FP,Ligusticum.porteri,9,0.2,2
2023,Frogs.Pond,FP,Lupinus.bakeri,5,0.2,2
2023,Frogs.Pond,FP,Lupinus.bakeri,6,3.5999999999999996,36
2023,Frogs.Pond,FP,Lupinus.bakeri,7,43,430
2023,Frogs.Pond,FP,Lupinus.bakeri,8,16.9,169
2023,Frogs.Pond,FP,Lupinus.bakeri,9,6.9,69
2023,Frogs.Pond,FP,Lupinus.bakeri,10,1.7,17
2023,Frogs.Pond,FP,Mahonia.repens,3,1.1,11
2023,Frogs.Pond,FP,Mahonia.repens,4,8.700000000000001,87
2023,Frogs.Pond,FP,Mahonia.repens,5,7.1000000000000005,71
2023,Frogs.Pond,FP,Mahonia.repens,6,0.5,5
2023,Frogs.Pond,FP,Mertensia.fusiformis,1,1.4,14
2023,Frogs.Pond,FP,Mertensia.fusiformis,2,90,900
2023,Frogs.Pond,FP,Mertensia.fusiformis,3,42.12,421.2
2023,Frogs.Pond,FP,Mertensia.fusiformis,4,58,580
2023,Frogs.Pond,FP,Mertensia.fusiformis,5,7.6,76
2023,Frogs.Pond,FP,Mertensia.fusiformis,6,0.1,1
2023,Frogs.Pond,FP,Pentaphylloides.floribunda,6,0.3,3
2023,Frogs.Pond,FP,Pentaphylloides.floribunda,7,1.7000000000000002,17
2023,Frogs.Pond,FP,Pentaphylloides.floribunda,8,1.1,11
2023,Frogs.Pond,FP,Pentaphylloides.floribunda,9,0.1,1
2023,Frogs.Pond,FP,Pentaphylloides.floribunda,10,0.8,8
2023,Frogs.Pond,FP,Pentaphylloides.floribunda,11,0.8,8
2023,Frogs.Pond,FP,Pentaphylloides.floribunda,12,1.4,14
2023,Frogs.Pond,FP,Potentilla.pulcherrima,6,0.4,4
2023,Frogs.Pond,FP,Potentilla.pulcherrima,7,2.8000000000000003,28
2023,Frogs.Pond,FP,Potentilla.pulcherrima,8,9,90
2023,Frogs.Pond,FP,Potentilla.pulcherrima,9,9.5,95
2023,Frogs.Pond,FP,Potentilla.pulcherrima,10,7.1,71
2023,Frogs.Pond,FP,Potentilla.pulcherrima,11,2.1,21
2023,Frogs.Pond,FP,Pseudocymopterus.montanus,5,0.3,3
2023,Frogs.Pond,FP,Pseudocymopterus.montanus,6,0.1,1
2023,Frogs.Pond,FP,Senecio.integerrimus,6,7.1,71
2023,Frogs.Pond,FP,Senecio.integerrimus,7,2.4,24
2023,Frogs.Pond,FP,Sidalcea.candida,10,0.8,8
2023,Frogs.Pond,FP,Sidalcea.candida,11,0.7,7
2023,Frogs.Pond,FP,Solidago.multiradiata,10,0.6,6
2023,Frogs.Pond,FP,Taraxacum.officinale,3,0.2,2
2023,Frogs.Pond,FP,Taraxacum.officinale,4,2.3000000000000003,23
2023,Frogs.Pond,FP,Taraxacum.officinale,5,1,10
2023,Frogs.Pond,FP,Taraxacum.officinale,6,0.1,1
2023,Frogs.Pond,FP,Taraxacum.officinale,9,0.1,1
2023,Frogs.Pond,FP,Valeriana.occidentalis,3,0.30000000000000004,3
2023,Frogs.Pond,FP,Valeriana.occidentalis,4,0.8,8
2023,Frogs.Pond,FP,Valeriana.occidentalis,5,0.3,3
2023,Frogs.Pond,FP,Valeriana.occidentalis,8,0.3,3
2023,Frogs.Pond,FP,Vicia.americana,7,4.3,43
2023,Frogs.Pond,FP,Vicia.americana,8,11,110
2023,Frogs.Pond,FP,Vicia.americana,9,3.3,33
2023,Frogs.Pond,FP,Vicia.americana,10,0.4,4
2023,Frogs.Pond,FP,Viola.adunca,4,0.4,4
2023,Frogs.Pond,FP,Viola.adunca,5,0.4,4
2023,Frogs.Pond,FP,Viola.adunca,6,0.4,4
2023,Frogs.Pond,FP,Viola.praemorsa,3,2.55,25.5
2023,Frogs.Pond,FP,Viola.praemorsa,4,8.4,84
2023,Frogs.Pond,FP,Viola.praemorsa,5,0.8,8
2023,Gothic.Spires,GS,Achillea.millefolium,10,0.2,2
2023,Gothic.Spires,GS,Achillea.millefolium,11,0.5,5
2023,Gothic.Spires,GS,Achillea.millefolium,12,0.7,7
2023,Gothic.Spires,GS,Aconitum.columbianum,8,0.6,6
2023,Gothic.Spires,GS,Aconitum.columbianum,9,1.6,16
2023,Gothic.Spires,GS,Aconitum.columbianum,10,28,280
2023,Gothic.Spires,GS,Aconitum.columbianum,11,12.200000000000001,122
2023,Gothic.Spires,GS,Adenolinum.lewisii,7,0.30000000000000004,3
2023,Gothic.Spires,GS,Amerosedum.lanceolatum,9,0.2,2
2023,Gothic.Spires,GS,Amerosedum.lanceolatum,11,0.9,9
2023,Gothic.Spires,GS,Anticlea.elegans,8,8.3,83
2023,Gothic.Spires,GS,Anticlea.elegans,9,106.9,1069
2023,Gothic.Spires,GS,Anticlea.elegans,10,207.9,2079
2023,Gothic.Spires,GS,Anticlea.elegans,11,1,10
2023,Gothic.Spires,GS,Aster.foliaceus,12,0.4,4
2023,Gothic.Spires,GS,Claytonia.lanceolata,1,2.5,25
2023,Gothic.Spires,GS,Claytonia.lanceolata,2,696.1,6961
2023,Gothic.Spires,GS,Claytonia.lanceolata,3,760,7600
2023,Gothic.Spires,GS,Claytonia.lanceolata,4,12.3,123
2023,Gothic.Spires,GS,Claytonia.lanceolata,5,0.8,8
2023,Gothic.Spires,GS,Delphinium.barbeyi,10,8.1,81
2023,Gothic.Spires,GS,Delphinium.barbeyi,11,1.7999999999999998,18
2023,Gothic.Spires,GS,Delphinium.nuttallianum,5,8,80
2023,Gothic.Spires,GS,Delphinium.nuttallianum,6,53.7,537
2023,Gothic.Spires,GS,Delphinium.nuttallianum,7,13.6,136
2023,Gothic.Spires,GS,Delphinium.nuttallianum,8,0.5,5
2023,Gothic.Spires,GS,Delphinium.nuttallianum,9,0.4,4
2023,Gothic.Spires,GS,Dodecatheon.pulchellum,6,9.9,99
2023,Gothic.Spires,GS,Dodecatheon.pulchellum,7,26.1,261
2023,Gothic.Spires,GS,Draba.aurea,5,2.9,29
2023,Gothic.Spires,GS,Draba.aurea,6,3.9,39
2023,Gothic.Spires,GS,Draba.aurea,7,2.6,26
2023,Gothic.Spires,GS,Draba.aurea,8,0.7,7
2023,Gothic.Spires,GS,Draba.aurea,9,0.1,1
2023,Gothic.Spires,GS,Eremogone.congesta,11,2.1,21
2023,Gothic.Spires,GS,Erigeron.elatior,10,1.2,12
2023,Gothic.Spires,GS,Erigeron.elatior,11,7.4,74
2023,Gothic.Spires,GS,Erigeron.elatior,12,5,50
2023,Gothic.Spires,GS,Erigeron.speciosus,9,0.6,6
2023,Gothic.Spires,GS,Erigeron.speciosus,10,3.8,38
2023,Gothic.Spires,GS,Erigeron.speciosus,11,1.3,13
2023,Gothic.Spires,GS,Erigeron.speciosus,12,0.1,1
2023,Gothic.Spires,GS,Erythronium.grandiflorum,2,9.1,91
2023,Gothic.Spires,GS,Erythronium.grandiflorum,3,26.5,265
2023,Gothic.Spires,GS,Erythronium.grandiflorum,4,3.6,36
2023,Gothic.Spires,GS,Erythronium.grandiflorum,5,0.1,1
2023,Gothic.Spires,GS,Fragaria.virginiana,5,2.2,22
2023,Gothic.Spires,GS,Fragaria.virginiana,6,3.6,36
2023,Gothic.Spires,GS,Fragaria.virginiana,7,2.7,27
2023,Gothic.Spires,GS,Fragaria.virginiana,8,0.7,7
2023,Gothic.Spires,GS,Geranium.richardsonii,7,0.1,1
2023,Gothic.Spires,GS,Geranium.richardsonii,8,1,10
2023,Gothic.Spires,GS,Geranium.richardsonii,9,3.2,32
2023,Gothic.Spires,GS,Geranium.richardsonii,10,1.9,19
2023,Gothic.Spires,GS,Geranium.richardsonii,11,0.4,4
2023,Gothic.Spires,GS,Geum.aleppicum,8,0.5,5
2023,Gothic.Spires,GS,Geum.aleppicum,11,0.2,2
2023,Gothic.Spires,GS,Helianthella.quinquenervis,8,0.4,4
2023,Gothic.Spires,GS,Helianthella.quinquenervis,9,5.5,55
2023,Gothic.Spires,GS,Helianthella.quinquenervis,10,2.7,27
2023,Gothic.Spires,GS,Helianthella.quinquenervis,11,0.1,1
2023,Gothic.Spires,GS,Heliomeris.multiflora,11,1,10
2023,Gothic.Spires,GS,Heliomeris.multiflora,12,2.3,23
2023,Gothic.Spires,GS,Heliomeris.multiflora,13,1.4,14
2023,Gothic.Spires,GS,Heliomeris.multiflora,14,0.3,3
2023,Gothic.Spires,GS,Heracleum.sphondylium,10,0.1,1
2023,Gothic.Spires,GS,Hydrophyllum.capitatum,4,17.7,177
2023,Gothic.Spires,GS,Hydrophyllum.capitatum,5,26.75,267.5
2023,Gothic.Spires,GS,Hydrophyllum.fendleri,6,1.7,17
2023,Gothic.Spires,GS,Hydrophyllum.fendleri,8,0.5,5
2023,Gothic.Spires,GS,Lathyrus.leucanthus,6,6.1,61
2023,Gothic.Spires,GS,Lathyrus.leucanthus,7,24.4,244
2023,Gothic.Spires,GS,Lathyrus.leucanthus,8,46,460
2023,Gothic.Spires,GS,Ligularia.bigelovii,11,0.2,2
2023,Gothic.Spires,GS,Ligusticum.porteri,7,3.5,35
2023,Gothic.Spires,GS,Ligusticum.porteri,8,6,60
2023,Gothic.Spires,GS,Ligusticum.porteri,9,6.2,62
2023,Gothic.Spires,GS,Ligusticum.porteri,10,3.3,33
2023,Gothic.Spires,GS,Lupinus.bakeri,7,4.6,46
2023,Gothic.Spires,GS,Mahonia.repens,7,0.1,1
2023,Gothic.Spires,GS,Mertensia.ciliata,5,0.7,7
2023,Gothic.Spires,GS,Mertensia.ciliata,6,10,100
2023,Gothic.Spires,GS,Mertensia.ciliata,7,32.699999999999996,327
2023,Gothic.Spires,GS,Mertensia.ciliata,8,36.2,362
2023,Gothic.Spires,GS,Mertensia.ciliata,9,23.4,234
2023,Gothic.Spires,GS,Mertensia.ciliata,10,2.4,24
2023,Gothic.Spires,GS,Mertensia.fusiformis,2,0.4,4
2023,Gothic.Spires,GS,Mertensia.fusiformis,3,17.8,178
2023,Gothic.Spires,GS,Mertensia.fusiformis,4,59.4,594
2023,Gothic.Spires,GS,Mertensia.fusiformis,5,24.55,245.5
2023,Gothic.Spires,GS,Mertensia.fusiformis,6,0.3,3
2023,Gothic.Spires,GS,Pentaphylloides.floribunda,8,1.3,13
2023,Gothic.Spires,GS,Pentaphylloides.floribunda,10,2.2,22
2023,Gothic.Spires,GS,Pentaphylloides.floribunda,11,2.8,28
2023,Gothic.Spires,GS,Pentaphylloides.floribunda,12,0.7,7
2023,Gothic.Spires,GS,Pentaphylloides.floribunda,13,0.2,2
2023,Gothic.Spires,GS,Pentaphylloides.floribunda,14,0.1,1
2023,Gothic.Spires,GS,Potentilla.pulcherrima,6,0.6,6
2023,Gothic.Spires,GS,Potentilla.pulcherrima,7,6.5,65
2023,Gothic.Spires,GS,Potentilla.pulcherrima,8,23.8,238
2023,Gothic.Spires,GS,Potentilla.pulcherrima,9,26.4,264
2023,Gothic.Spires,GS,Potentilla.pulcherrima,10,22.599999999999998,226
2023,Gothic.Spires,GS,Potentilla.pulcherrima,11,4,40
2023,Gothic.Spires,GS,Prunella.vulgaris,8,19.6,196
2023,Gothic.Spires,GS,Pseudocymopterus.montanus,4,0.1,1
2023,Gothic.Spires,GS,Pseudocymopterus.montanus,5,0.5,5
2023,Gothic.Spires,GS,Pseudocymopterus.montanus,6,1.4,14
2023,Gothic.Spires,GS,Pseudocymopterus.montanus,7,1.6,16
2023,Gothic.Spires,GS,Pseudocymopterus.montanus,8,0.9,9
2023,Gothic.Spires,GS,Pseudocymopterus.montanus,9,0.5,5
2023,Gothic.Spires,GS,Ranunculus.inamoenus,4,0.3,3
2023,Gothic.Spires,GS,Salix.sp,3,1.3,13
2023,Gothic.Spires,GS,Senecio.integerrimus,5,3.3000000000000003,33
2023,Gothic.Spires,GS,Senecio.integerrimus,6,25.2,252
2023,Gothic.Spires,GS,Senecio.integerrimus,7,29.8,298
2023,Gothic.Spires,GS,Senecio.integerrimus,8,2.2,22
2023,Gothic.Spires,GS,Sisyrinchium.montanum,8,0.9,9
2023,Gothic.Spires,GS,Solidago.multiradiata,10,4.8,48
2023,Gothic.Spires,GS,Solidago.multiradiata,11,1.5,15
2023,Gothic.Spires,GS,Taraxacum.officinale,4,17.1,171
2023,Gothic.Spires,GS,Taraxacum.officinale,5,147.85,1478.5
2023,Gothic.Spires,GS,Taraxacum.officinale,6,64.2,642
2023,Gothic.Spires,GS,Taraxacum.officinale,7,4.9,49
2023,Gothic.Spires,GS,Taraxacum.officinale,8,0.7000000000000001,7
2023,Gothic.Spires,GS,Trifolium.pratense,9,0.4,4
2023,Gothic.Spires,GS,Trifolium.pratense,10,1.8,18
2023,Gothic.Spires,GS,Trifolium.pratense,11,1,10
2023,Gothic.Spires,GS,Trifolium.pratense,12,0.2,2
2023,Gothic.Spires,GS,Trifolium.repens,10,0.4,4
2023,Gothic.Spires,GS,Trifolium.repens,11,1.3,13
2023,Gothic.Spires,GS,Valeriana.occidentalis,4,0.7,7
2023,Gothic.Spires,GS,Valeriana.occidentalis,5,1.8,18
2023,Gothic.Spires,GS,Valeriana.occidentalis,6,0.7,7
2023,Gothic.Spires,GS,Valeriana.occidentalis,7,0.3,3
2023,Gothic.Spires,GS,Valeriana.occidentalis,8,0.4,4
2023,Gothic.Spires,GS,Vicia.americana,9,6.7,67
2023,Gothic.Spires,GS,Vicia.americana,10,0.9,9
2023,Gothic.Spires,GS,Viola.adunca,4,0.2,2
2023,Gothic.Spires,GS,Viola.adunca,5,2,20
2023,Gothic.Spires,GS,Viola.adunca,6,0.4,4
2023,Gothic.Spires,GS,Viola.praemorsa,4,18.7,187
2023,Gothic.Spires,GS,Viola.praemorsa,5,16.9,169
2023,Rosy.Hills,RH,Achillea.millefolium,10,0.2,2
2023,Rosy.Hills,RH,Aconitum.columbianum,7,1.9,19
2023,Rosy.Hills,RH,Aconitum.columbianum,8,0.2,2
2023,Rosy.Hills,RH,Aconitum.columbianum,9,5.4,54
2023,Rosy.Hills,RH,Adenolinum.lewisii,7,0.30000000000000004,3
2023,Rosy.Hills,RH,Adenolinum.lewisii,8,1,10
2023,Rosy.Hills,RH,Agoseris.glauca,10,0.2,2
2023,Rosy.Hills,RH,Aquilegia.coerulea,7,0.1,1
2023,Rosy.Hills,RH,Aster.foliaceus,10,0.5,5
2023,Rosy.Hills,RH,Calochortus.gunnisonii,10,0.1,1
2023,Rosy.Hills,RH,Campanula.rotundifolia,10,0.1,1
2023,Rosy.Hills,RH,Castilleja.linariifolia,9,0.3,3
2023,Rosy.Hills,RH,Castilleja.linariifolia,10,0.2,2
2023,Rosy.Hills,RH,Claytonia.lanceolata,1,13.9,139
2023,Rosy.Hills,RH,Claytonia.lanceolata,2,482.5,4825
2023,Rosy.Hills,RH,Claytonia.lanceolata,3,107.5,1075
2023,Rosy.Hills,RH,Claytonia.lanceolata,4,7.5,75
2023,Rosy.Hills,RH,Collomia.linearis,9,0.8,8
2023,Rosy.Hills,RH,Delphinium.barbeyi,9,3.6,36
2023,Rosy.Hills,RH,Delphinium.barbeyi,10,18,180
2023,Rosy.Hills,RH,Delphinium.barbeyi,11,3.8000000000000003,38
2023,Rosy.Hills,RH,Delphinium.nuttallianum,4,1.5,15
2023,Rosy.Hills,RH,Delphinium.nuttallianum,5,30.4,304
2023,Rosy.Hills,RH,Delphinium.nuttallianum,6,15.1,151
2023,Rosy.Hills,RH,Delphinium.nuttallianum,7,0.1,1
2023,Rosy.Hills,RH,Delphinium.nuttallianum,9,2.1,21
2023,Rosy.Hills,RH,Dugaldia.hoopesii,8,0.5,5
2023,Rosy.Hills,RH,Dugaldia.hoopesii,10,0.3,3
2023,Rosy.Hills,RH,Eremogone.congesta,7,26.2,262
2023,Rosy.Hills,RH,Eremogone.congesta,8,138.9,1389
2023,Rosy.Hills,RH,Eremogone.congesta,9,37.5,375
2023,Rosy.Hills,RH,Eremogone.congesta,10,0.5,5
2023,Rosy.Hills,RH,Ericameria.parryi,14,2.4,24
2023,Rosy.Hills,RH,Ericameria.parryi,15,3,30
2023,Rosy.Hills,RH,Erigeron.coulteri,9,1.2,12
2023,Rosy.Hills,RH,Erigeron.elatior,11,4.6000000000000005,46
2023,Rosy.Hills,RH,Erigeron.elatior,12,0.1,1
2023,Rosy.Hills,RH,Erigeron.speciosus,9,1.6,16
2023,Rosy.Hills,RH,Erigeron.speciosus,10,17.2,172
2023,Rosy.Hills,RH,Erigeron.speciosus,11,4.2,42
2023,Rosy.Hills,RH,Eriogonum.subalpinum,7,2.9,29
2023,Rosy.Hills,RH,Eriogonum.subalpinum,8,4.8,48
2023,Rosy.Hills,RH,Eriogonum.subalpinum,9,2.3000000000000003,23
2023,Rosy.Hills,RH,Eriogonum.subalpinum,10,0.6,6
2023,Rosy.Hills,RH,Eriogonum.subalpinum,11,0.4,4
2023,Rosy.Hills,RH,Eriogonum.umbellatum,6,0.8999999999999999,9
2023,Rosy.Hills,RH,Eriogonum.umbellatum,7,22.1,221
2023,Rosy.Hills,RH,Eriogonum.umbellatum,8,21.6,216
2023,Rosy.Hills,RH,Eriogonum.umbellatum,9,20.8,208
2023,Rosy.Hills,RH,Eriogonum.umbellatum,10,5.4,54
2023,Rosy.Hills,RH,Eriogonum.umbellatum,11,8.2,82
2023,Rosy.Hills,RH,Erysimum.capitatum,8,0.5,5
2023,Rosy.Hills,RH,Erythrocoma.triflora,4,0.1,1
2023,Rosy.Hills,RH,Erythrocoma.triflora,6,1.3,13
2023,Rosy.Hills,RH,Erythrocoma.triflora,7,0.1,1
2023,Rosy.Hills,RH,Eucephalus.engelmannii,11,0.4,4
2023,Rosy.Hills,RH,Geranium.richardsonii,7,0.1,1
2023,Rosy.Hills,RH,Geranium.richardsonii,8,0.4,4
2023,Rosy.Hills,RH,Geranium.richardsonii,9,0.1,1
2023,Rosy.Hills,RH,Geranium.richardsonii,10,0.2,2
2023,Rosy.Hills,RH,Helianthella.quinquenervis,8,5.4,54
2023,Rosy.Hills,RH,Helianthella.quinquenervis,9,26.3,263
2023,Rosy.Hills,RH,Helianthella.quinquenervis,10,2.6,26
2023,Rosy.Hills,RH,Helianthella.quinquenervis,11,0.7,7
2023,Rosy.Hills,RH,Heliomeris.multiflora,10,0.1,1
2023,Rosy.Hills,RH,Heliomeris.multiflora,12,0.3,3
2023,Rosy.Hills,RH,Heliomeris.multiflora,13,0.3,3
2023,Rosy.Hills,RH,Heracleum.sphondylium,8,0.1,1
2023,Rosy.Hills,RH,Heracleum.sphondylium,9,0.8,8
2023,Rosy.Hills,RH,Hydrophyllum.fendleri,5,0.1,1
2023,Rosy.Hills,RH,Hydrophyllum.fendleri,6,12.2,122
2023,Rosy.Hills,RH,Hydrophyllum.fendleri,7,1.9,19
2023,Rosy.Hills,RH,Ipomopsis.aggregata,7,0.4,4
2023,Rosy.Hills,RH,Ipomopsis.aggregata,8,1.5,15
2023,Rosy.Hills,RH,Ipomopsis.aggregata,9,0.4,4
2023,Rosy.Hills,RH,Lathyrus.leucanthus,6,33.3,333
2023,Rosy.Hills,RH,Lathyrus.leucanthus,7,11.8,118
2023,Rosy.Hills,RH,Lathyrus.leucanthus,8,3.8,38
2023,Rosy.Hills,RH,Ligusticum.porteri,7,7.4,74
2023,Rosy.Hills,RH,Ligusticum.porteri,8,14,140
2023,Rosy.Hills,RH,Ligusticum.porteri,9,10.6,106
2023,Rosy.Hills,RH,Ligusticum.porteri,10,0.2,2
2023,Rosy.Hills,RH,Lupinus.bakeri,6,24.9,249
2023,Rosy.Hills,RH,Lupinus.bakeri,7,85.6,856
2023,Rosy.Hills,RH,Lupinus.bakeri,8,53.3,533
2023,Rosy.Hills,RH,Lupinus.bakeri,9,0.6,6
2023,Rosy.Hills,RH,Mahonia.repens,3,0.5,5
2023,Rosy.Hills,RH,Mahonia.repens,4,2,20
2023,Rosy.Hills,RH,Mahonia.repens,5,5.7,57
2023,Rosy.Hills,RH,Mahonia.repens,6,1.1,11
2023,Rosy.Hills,RH,Maianthemum.stellatum,6,0.6,6
2023,Rosy.Hills,RH,Mertensia.fusiformis,2,17.2,172
2023,Rosy.Hills,RH,Mertensia.fusiformis,3,112.4,1124
2023,Rosy.Hills,RH,Mertensia.fusiformis,4,47.1,471
2023,Rosy.Hills,RH,Mertensia.fusiformis,5,9.2,92
2023,Rosy.Hills,RH,Mertensia.fusiformis,6,0.3,3
2023,Rosy.Hills,RH,Noccaea.fendleri,3,0.6,6
2023,Rosy.Hills,RH,Noccaea.fendleri,4,0.5,5
2023,Rosy.Hills,RH,Pentaphylloides.floribunda,10,0.3,3
2023,Rosy.Hills,RH,Pentaphylloides.floribunda,11,0.2,2
2023,Rosy.Hills,RH,Potentilla.pulcherrima,6,0.9,9
2023,Rosy.Hills,RH,Potentilla.pulcherrima,7,2.9,29
2023,Rosy.Hills,RH,Potentilla.pulcherrima,8,4,40
2023,Rosy.Hills,RH,Potentilla.pulcherrima,9,6.3,63
2023,Rosy.Hills,RH,Potentilla.pulcherrima,10,3,30
2023,Rosy.Hills,RH,Potentilla.pulcherrima,11,0.5,5
2023,Rosy.Hills,RH,Pseudocymopterus.montanus,3,0.1,1
2023,Rosy.Hills,RH,Pseudocymopterus.montanus,4,0.3,3
2023,Rosy.Hills,RH,Pseudocymopterus.montanus,5,0.4,4
2023,Rosy.Hills,RH,Pseudocymopterus.montanus,6,0.1,1
2023,Rosy.Hills,RH,Pseudocymopterus.montanus,7,0.2,2
2023,Rosy.Hills,RH,Pseudocymopterus.montanus,8,0.1,1
2023,Rosy.Hills,RH,Pyrrocoma.crocea,10,0.7,7
2023,Rosy.Hills,RH,Pyrrocoma.crocea,11,1.4,14
2023,Rosy.Hills,RH,Senecio.integerrimus,5,10.8,108
2023,Rosy.Hills,RH,Senecio.integerrimus,6,29.4,294
2023,Rosy.Hills,RH,Senecio.integerrimus,7,3.2,32
2023,Rosy.Hills,RH,Senecio.integerrimus,9,2.4,24
2023,Rosy.Hills,RH,Symphoricarpos.rotundifolius,7,0.5,5
2023,Rosy.Hills,RH,Symphoricarpos.rotundifolius,8,14.4,144
2023,Rosy.Hills,RH,Symphoricarpos.rotundifolius,9,0.6,6
2023,Rosy.Hills,RH,Taraxacum.officinale,3,0.3,3
2023,Rosy.Hills,RH,Taraxacum.officinale,4,0.1,1
2023,Rosy.Hills,RH,Taraxacum.officinale,5,0.2,2
2023,Rosy.Hills,RH,VIcia.americana,8,1.4,14
2023,Rosy.Hills,RH,Valeriana.occidentalis,3,1.5,15
2023,Rosy.Hills,RH,Valeriana.occidentalis,4,1.8,18
2023,Rosy.Hills,RH,Valeriana.occidentalis,5,1.7,17
2023,Rosy.Hills,RH,Valeriana.occidentalis,6,2,20
2023,Rosy.Hills,RH,Valeriana.occidentalis,7,0.2,2
2023,Rosy.Hills,RH,Vicia.americana,7,6.6000000000000005,66
2023,Rosy.Hills,RH,Vicia.americana,8,13.5,135
2023,Rosy.Hills,RH,Vicia.americana,9,12.7,127
2023,Rosy.Hills,RH,Vicia.americana,10,0.2,2
2023,Rosy.Hills,RH,Viola.adunca,6,0.2,2
2023,Rosy.Hills,RH,Viola.praemorsa,3,4.1000000000000005,41
2023,Rosy.Hills,RH,Viola.praemorsa,4,2.3,23
2023,Rosy.Hills,RH,Viola.praemorsa,5,0.30000000000000004,3
2023,Rosy.Hills,RH,Wyethia.arizonica,6,0.5,5
2023,Rosy.Hills,RH,Wyethia.arizonica,7,3,30
2023,Rosy.Hills,RH,Wyethia.arizonica,8,1.7,17
2023,Rosy.Hills,RH,Wyethia.arizonica,9,0.2,2
2023,Stormy.Pass,SP,Achillea.millefolium,10,0.1,1
2023,Stormy.Pass,SP,Achillea.millefolium,12,0.8,8
2023,Stormy.Pass,SP,Adenolinum.lewisii,5,1.2,12
2023,Stormy.Pass,SP,Adenolinum.lewisii,7,0.7000000000000001,7
2023,Stormy.Pass,SP,Adenolinum.lewisii,8,1.4,14
2023,Stormy.Pass,SP,Adenolinum.lewisii,9,3.7,37
2023,Stormy.Pass,SP,Adenolinum.lewisii,10,0.4,4
2023,Stormy.Pass,SP,Claytonia.lanceolata,2,4.8,48
2023,Stormy.Pass,SP,Claytonia.lanceolata,3,2.3,23
2023,Stormy.Pass,SP,Collomia.linearis,8,6.9,69
2023,Stormy.Pass,SP,Collomia.linearis,9,9.299999999999999,93
2023,Stormy.Pass,SP,Collomia.linearis,10,7.8999999999999995,79
2023,Stormy.Pass,SP,Delphinium.barbeyi,9,1,10
2023,Stormy.Pass,SP,Delphinium.barbeyi,10,23,230
2023,Stormy.Pass,SP,Delphinium.barbeyi,11,25.2,252
2023,Stormy.Pass,SP,Delphinium.barbeyi,12,2.3,23
2023,Stormy.Pass,SP,Delphinium.barbeyi,13,0.3,3
2023,Stormy.Pass,SP,Delphinium.nuttallianum,4,3.9,39
2023,Stormy.Pass,SP,Delphinium.nuttallianum,5,16.8,168
2023,Stormy.Pass,SP,Delphinium.nuttallianum,6,17.3,173
2023,Stormy.Pass,SP,Delphinium.nuttallianum,7,2.1,21
2023,Stormy.Pass,SP,Delphinium.nuttallianum,8,0.2,2
2023,Stormy.Pass,SP,Dugaldia.hoopesii,6,1,10
2023,Stormy.Pass,SP,Dugaldia.hoopesii,7,2.7,27
2023,Stormy.Pass,SP,Dugaldia.hoopesii,8,6.5,65
2023,Stormy.Pass,SP,Dugaldia.hoopesii,9,10.4,104
2023,Stormy.Pass,SP,Dugaldia.hoopesii,10,8.3,83
2023,Stormy.Pass,SP,Dugaldia.hoopesii,11,3.1,31
2023,Stormy.Pass,SP,Dugaldia.hoopesii,12,1.2,12
2023,Stormy.Pass,SP,Erigeron.elatior,10,1.7,17
2023,Stormy.Pass,SP,Erigeron.elatior,11,4.8,48
2023,Stormy.Pass,SP,Erigeron.elatior,12,7,70
2023,Stormy.Pass,SP,Erigeron.speciosus,9,0.1,1
2023,Stormy.Pass,SP,Erigeron.speciosus,10,3.2,32
2023,Stormy.Pass,SP,Erigeron.speciosus,11,21.5,215
2023,Stormy.Pass,SP,Erigeron.speciosus,12,18.8,188
2023,Stormy.Pass,SP,Fragaria.virginiana,3,0.7,7
2023,Stormy.Pass,SP,Fragaria.virginiana,4,7.8,78
2023,Stormy.Pass,SP,Fragaria.virginiana,5,12.3,123
2023,Stormy.Pass,SP,Fragaria.virginiana,6,9.5,95
2023,Stormy.Pass,SP,Fragaria.virginiana,7,0.8,8
2023,Stormy.Pass,SP,Fragaria.virginiana,8,0.1,1
2023,Stormy.Pass,SP,Gentiana.parryi,15,0.3,3
2023,Stormy.Pass,SP,Geranium.richardsonii,7,0.2,2
2023,Stormy.Pass,SP,Geranium.richardsonii,8,0.30000000000000004,3
2023,Stormy.Pass,SP,Geranium.richardsonii,9,0.8,8
2023,Stormy.Pass,SP,Geranium.richardsonii,10,0.7,7
2023,Stormy.Pass,SP,Geranium.richardsonii,11,0.2,2
2023,Stormy.Pass,SP,Geranium.richardsonii,12,0.1,1
2023,Stormy.Pass,SP,Helianthella.quinquenervis,9,0.1,1
2023,Stormy.Pass,SP,Helianthella.quinquenervis,10,0.1,1
2023,Stormy.Pass,SP,Helianthella.quinquenervis,11,0.2,2
2023,Stormy.Pass,SP,Heliomeris.multiflora,11,2.2,22
2023,Stormy.Pass,SP,Heliomeris.multiflora,12,26,260
2023,Stormy.Pass,SP,Heliomeris.multiflora,13,22.9,229
2023,Stormy.Pass,SP,Heliomeris.multiflora,14,27.900000000000002,279
2023,Stormy.Pass,SP,Heliomeris.multiflora,15,14.3,143
2023,Stormy.Pass,SP,Heracleum.sphondylium,9,0.1,1
2023,Stormy.Pass,SP,Heracleum.sphondylium,10,0.4,4
2023,Stormy.Pass,SP,Hydrophyllum.fendleri,6,4.1000000000000005,41
2023,Stormy.Pass,SP,Hydrophyllum.fendleri,7,2.2,22
2023,Stormy.Pass,SP,Hydrophyllum.fendleri,8,0.2,2
2023,Stormy.Pass,SP,Hydrophyllum.fendleri,9,3.6,36
2023,Stormy.Pass,SP,Hydrophyllum.fendleri,10,0.9,9
2023,Stormy.Pass,SP,Ipomopsis.aggregata,10,0.1,1
2023,Stormy.Pass,SP,Lathyrus.leucanthus,5,0.1,1
2023,Stormy.Pass,SP,Lathyrus.leucanthus,6,13.6,136
2023,Stormy.Pass,SP,Lathyrus.leucanthus,7,53.4,534
2023,Stormy.Pass,SP,Lathyrus.leucanthus,8,65.5,655
2023,Stormy.Pass,SP,Lathyrus.leucanthus,9,10.799999999999999,108
2023,Stormy.Pass,SP,Lathyrus.leucanthus,10,1.2000000000000002,12
2023,Stormy.Pass,SP,Ligularia.bigelovii,10,0.2,2
2023,Stormy.Pass,SP,Ligusticum.porteri,8,1.9,19
2023,Stormy.Pass,SP,Ligusticum.porteri,9,1.6,16
2023,Stormy.Pass,SP,Ligusticum.porteri,10,0.1,1
2023,Stormy.Pass,SP,Mertensia.ciliata,7,2.8,28
2023,Stormy.Pass,SP,Mertensia.ciliata,8,10.4,104
2023,Stormy.Pass,SP,Mertensia.ciliata,9,21.5,215
2023,Stormy.Pass,SP,Mertensia.ciliata,10,5,50
2023,Stormy.Pass,SP,Mertensia.fusiformis,1,1.3,13
2023,Stormy.Pass,SP,Mertensia.fusiformis,2,23.900000000000002,239
2023,Stormy.Pass,SP,Mertensia.fusiformis,3,46.1,461
2023,Stormy.Pass,SP,Mertensia.fusiformis,4,46.5,465
2023,Stormy.Pass,SP,Mertensia.fusiformis,5,10.9,109
2023,Stormy.Pass,SP,Mertensia.fusiformis,6,0.6000000000000001,6
2023,Stormy.Pass,SP,Noccaea.fendleri,2,0.4,4
2023,Stormy.Pass,SP,Noccaea.fendleri,3,1.4,14
2023,Stormy.Pass,SP,Noccaea.fendleri,4,2.5,25
2023,Stormy.Pass,SP,Noccaea.fendleri,5,1.1,11
2023,Stormy.Pass,SP,Pentaphylloides.floribunda,8,1.8,18
2023,Stormy.Pass,SP,Pentaphylloides.floribunda,9,0.6,6
2023,Stormy.Pass,SP,Pentaphylloides.floribunda,10,0.1,1
2023,Stormy.Pass,SP,Pentaphylloides.floribunda,11,0.5,5
2023,Stormy.Pass,SP,Potentilla.pulcherrima,3,0.1,1
2023,Stormy.Pass,SP,Potentilla.pulcherrima,5,0.2,2
2023,Stormy.Pass,SP,Potentilla.pulcherrima,6,3.8,38
2023,Stormy.Pass,SP,Potentilla.pulcherrima,7,19.3,193
2023,Stormy.Pass,SP,Potentilla.pulcherrima,8,116.89999999999999,1169
2023,Stormy.Pass,SP,Potentilla.pulcherrima,9,46.3,463
2023,Stormy.Pass,SP,Potentilla.pulcherrima,10,71.2,712
2023,Stormy.Pass,SP,Potentilla.pulcherrima,11,28.7,287
2023,Stormy.Pass,SP,Potentilla.pulcherrima,12,1.2,12
2023,Stormy.Pass,SP,Pseudocymopterus.montanus,4,0.2,2
2023,Stormy.Pass,SP,Pseudocymopterus.montanus,5,0.6,6
2023,Stormy.Pass,SP,Pseudocymopterus.montanus,6,1.1,11
2023,Stormy.Pass,SP,Pseudocymopterus.montanus,7,2,20
2023,Stormy.Pass,SP,Pseudocymopterus.montanus,8,1.5,15
2023,Stormy.Pass,SP,Pseudocymopterus.montanus,9,0.8,8
2023,Stormy.Pass,SP,Ranunculus.inamoenus,3,0.5,5
2023,Stormy.Pass,SP,Ranunculus.inamoenus,4,2.5,25
2023,Stormy.Pass,SP,Ranunculus.inamoenus,5,1.1,11
2023,Stormy.Pass,SP,Ranunculus.inamoenus,6,0.1,1
2023,Stormy.Pass,SP,Salix.wolfii,4,4.8,48
2023,Stormy.Pass,SP,Salix.wolfii,5,5.8,58
2023,Stormy.Pass,SP,Senecio.serra,11,1,10
2023,Stormy.Pass,SP,Solidago.multiradiata,9,2.6,26
2023,Stormy.Pass,SP,Solidago.multiradiata,10,0.4,4
2023,Stormy.Pass,SP,Taraxacum.officinale,3,0.2,2
2023,Stormy.Pass,SP,Taraxacum.officinale,4,1.7,17
2023,Stormy.Pass,SP,Taraxacum.officinale,5,2.9000000000000004,29
2023,Stormy.Pass,SP,Taraxacum.officinale,6,0.9,9
2023,Stormy.Pass,SP,VIcia.americana,8,2.7,27
2023,Stormy.Pass,SP,VIcia.americana,9,1.4000000000000001,14
2023,Stormy.Pass,SP,Vicia.americana,7,1.2,12
2023,Stormy.Pass,SP,Vicia.americana,8,0.5,5
2023,Stormy.Pass,SP,Vicia.americana,9,5.300000000000001,53
2023,Stormy.Pass,SP,Vicia.americana,10,2.4,24
2023,Stormy.Pass,SP,Viola.praemorsa,3,2.1,21
2023,Stormy.Pass,SP,Viola.praemorsa,4,15.8,158
2023,Stormy.Pass,SP,Viola.praemorsa,5,13.5,135
2023,Stormy.Pass,SP,Viola.praemorsa,6,0.8,8
